scope,variant,period,regime,signal_date,asset_code,asset_name,exchange,entry_check_date,entry_date,exit_date,ret,pnl_krw,reason,sig_range20,sig_ret60,sig_ma60_dist,entry_candle_loc,entry_upper_shadow,entry_body_ret,entry_ma20_dist,entry_vol_exp,entry_trade_amount,next_body_ret,close_5d,max_5d,min_5d,close_10d,max_10d,min_10d,close_20d,max_20d,min_20d,close_60d,max_60d,min_60d
KOSPI,KOSPI_BULL_V4_AP06_SCOPE_BASELINE,pre,BULL,2012-09-07,000300,대유신소재,KOSPI,2012-09-14,2012-09-17,2012-09-20,-0.063,-6300000.0,EARLY_FAIL_CLOSE,0.2574712643678161,0.20498614958448755,0.0758006677383455,1.0,0.0,0.0016666666666666668,0.3597285067873303,2.9005344468837078,42321022675.0,0.021487603305785124,-0.2231404958677686,0.06446280991735537,-0.2578512396694215,-0.28429752066115704,0.06446280991735537,-0.33884297520661155,-0.3851239669421488,0.06446280991735537,-0.41983471074380163,-0.5289256198347108,0.06446280991735537,-0.5669421487603306
KOSPI,KOSPI_BULL_V4_AP06_SCOPE_BASELINE,pre,BULL,2012-09-18,105630,한세실업,KOSPI,2012-09-25,2012-09-26,2012-12-07,0.13132835820895522,13132835.820895523,TRAIL,0.2596899224806202,0.205607476635514,0.21763206745744573,0.9285714285714286,0.07142857142857142,0.03076923076923077,0.07630522088353414,1.099556048770412,5093098800.0,0.022388059701492536,0.11940298507462686,0.16417910447761194,-0.011194029850746268,0.12313432835820895,0.16417910447761194,-0.011194029850746268,0.13432835820895522,0.2462686567164179,-0.011194029850746268,0.1865671641791045,0.44029850746268656,-0.011194029850746268
KOSPI,KOSPI_BULL_V4_AP06_SCOPE_BASELINE,pre,BULL,2013-05-13,002780,진흥기업,KOSPI,2013-05-21,2013-05-22,2013-05-23,-0.063,-6300000.0,EARLY_FAIL_CLOSE,0.2631578947368421,1.2810734463276836,0.7544812601846822,1.0,0.0,0.1780821917808219,0.41961043248596896,4.463397626602849,6333229200.0,0.03296703296703297,0.5010989010989011,0.6131868131868132,-0.07252747252747253,0.23076923076923078,0.6131868131868132,-0.07252747252747253,0.0967032967032967,0.6131868131868132,-0.08131868131868132,-0.06593406593406594,0.6131868131868132,-0.08791208791208792
KOSPI,KOSPI_BULL_V4_AP06_SCOPE_BASELINE,pre,BULL,2013-05-16,004960,한신공영,KOSPI,2013-05-24,2013-05-27,2013-06-07,-0.123,-12300000.0,STOP,0.3008695652173913,0.29504504504504503,0.25818274648529393,1.0,0.0,0.036734693877551024,0.24699297952771368,1.2394867330993717,3593325300.0,0.01568627450980392,0.043137254901960784,0.09411764705882353,-0.00784313725490196,-0.00392156862745098,0.09411764705882353,-0.12156862745098039,-0.09019607843137255,0.09411764705882353,-0.13333333333333333,0.00392156862745098,0.14901960784313725,-0.13333333333333333
KOSPI,KOSPI_BULL_V4_AP06_SCOPE_BASELINE,pre,BULL,2013-07-16,000420,로케트전기,KOSPI,2013-07-23,2013-07-24,2013-08-08,-0.123,-12300000.0,STOP,0.2733812949640288,0.7245657568238213,0.2490826581197862,1.0,0.0,0.149812734082397,0.20866141732283464,2.7829277111646302,28132270420.0,0.03571428571428571,-0.07467532467532467,0.10064935064935066,-0.11363636363636363,-0.11038961038961038,0.10064935064935066,-0.11688311688311688,-0.32142857142857145,0.10064935064935066,-0.34415584415584416,-0.33116883116883117,0.10064935064935066,-0.37662337662337664
KOSPI,KOSPI_BULL_V4_AP06_SCOPE_BASELINE,pre,BULL,2013-08-06,011200,현대상선,KOSPI,2013-08-13,2013-08-14,2013-08-20,-0.027553571428571427,-2755357.1428571427,TRAIL,0.27899686520376177,0.5336538461538461,0.15508563565919542,1.0,0.0,0.16052631578947368,0.32293385330733465,3.1807367917102476,166931950500.0,0.029017857142857144,0.015625,0.25223214285714285,-0.05580357142857143,-0.1875,0.25223214285714285,-0.20982142857142858,-0.11160714285714286,0.25223214285714285,-0.20982142857142858,-0.49776785714285715,0.25223214285714285,-0.5133928571428571
KOSPI,KOSPI_BULL_V4_AP06_SCOPE_BASELINE,pre,BULL,2014-06-30,002450,삼익악기,KOSPI,2014-07-07,2014-07-08,2014-07-28,-0.123,-12300000.0,STOP,0.25318066157760816,0.31,0.1730759663698324,1.0,0.0,0.061068702290076333,0.047607084537118455,1.0775678703069722,28750031640.0,0.010895883777239709,0.007263922518159807,0.044794188861985475,-0.04721549636803874,-0.023002421307506054,0.044794188861985475,-0.04721549636803874,-0.09443099273607748,0.044794188861985475,-0.2457627118644068,0.03753026634382567,0.07990314769975787,-0.2457627118644068
KOSPI,KOSPI_BULL_V4_AP06_SCOPE_BASELINE,pre,BULL,2014-07-22,084680,이월드,KOSPI,2014-07-29,2014-07-30,2014-08-11,0.07070517928286853,7070517.928286852,TRAIL,0.30971128608923887,1.1871412169919633,0.5665259580066883,1.0,0.0,0.08843537414965986,0.34793597304128054,1.6635526420356435,19990039200.0,0.099601593625498,0.17330677290836655,0.38645418326693226,-0.029880478087649404,0.14342629482071714,0.38645418326693226,-0.029880478087649404,-0.02390438247011952,0.5039840637450199,-0.037848605577689244,-0.13545816733067728,0.5039840637450199,-0.22709163346613545
KOSPI,KOSPI_BULL_V4_AP06_SCOPE_BASELINE,pre,BULL,2014-07-24,002020,코오롱,KOSPI,2014-07-31,2014-08-01,2014-08-18,-0.123,-12300000.0,STOP,0.3709150326797386,0.38461538461538464,0.30430149540013507,0.9565217391304348,0.043478260869565216,0.057432432432432436,0.11288888888888889,1.3389355595729262,5606549900.0,0.021103896103896104,-0.025974025974025976,0.02922077922077922,-0.07142857142857142,-0.09090909090909091,0.02922077922077922,-0.12012987012987013,-0.125,0.02922077922077922,-0.14935064935064934,-0.19155844155844157,0.02922077922077922,-0.28084415584415584
KOSPI,KOSPI_BULL_V4_AP06_SCOPE_BASELINE,pre,BULL,2014-08-25,001040,CJ,KOSPI,2014-09-01,2014-09-02,2014-10-13,-0.123,-12300000.0,STOP,0.2786885245901639,0.2708333333333333,0.21722742641760442,0.9230769230769231,0.07692307692307693,0.01971830985915493,0.07338769458858414,0.7081600965803266,11169329000.0,0.013888888888888888,-0.030555555555555555,0.05555555555555555,-0.03611111111111111,-0.008333333333333333,0.05555555555555555,-0.05555555555555555,-0.06111111111111111,0.07222222222222222,-0.08055555555555556,-0.1111111111111111,0.07222222222222222,-0.1527777777777778
KOSPI,KOSPI_BULL_V4_AP06_SCOPE_BASELINE,pre,BULL,2015-01-09,005110,한창,KOSPI,2015-01-16,2015-01-19,2015-01-29,0.4742727272727273,47427272.72727273,TRAIL,0.37569444444444444,1.453151618398637,0.32961942721718657,1.0,0.0,0.1382488479262673,0.8452114149111013,3.479945517530432,43724135130.0,0.09917355371900827,0.6508264462809917,0.78099173553719,0.0,0.34297520661157027,0.8884297520661157,0.0,0.4772727272727273,0.8884297520661157,0.0,0.3925619834710744,0.8884297520661157,0.0
KOSPI,KOSPI_BULL_V4_AP06_SCOPE_BASELINE,pre,BULL,2015-03-16,000970,한국주철관,KOSPI,2015-03-23,2015-03-24,2015-04-02,-0.123,-12300000.0,STOP,0.34649122807017546,1.2822822822822824,0.7532392633319236,1.0,0.0,0.1059190031152648,0.7257303971610519,2.3804430001341896,42618247000.0,0.005405405405405406,-0.08378378378378379,0.12972972972972974,-0.11891891891891893,-0.04054054054054054,0.12972972972972974,-0.21891891891891893,0.03783783783783784,0.15945945945945947,-0.21891891891891893,-0.002702702702702703,0.34054054054054056,-0.21891891891891893
KOSPI,KOSPI_BULL_V4_AP06_SCOPE_BASELINE,pre,BULL,2015-03-20,007070,GS리테일,KOSPI,2015-03-27,2015-03-30,2015-05-13,0.18747619047619046,18747619.047619045,MAX,0.2571428571428571,0.27884615384615385,0.220370087169292,1.0,0.0,0.04487179487179487,0.07920218488785898,0.5945239249945912,5858676400.0,0.019969278033794162,-0.007680491551459293,0.03840245775729647,-0.026113671274961597,0.0629800307219662,0.12135176651305683,-0.026113671274961597,0.15360983102918588,0.21351766513056836,-0.026113671274961597,0.4362519201228879,0.45161290322580644,-0.026113671274961597
KOSPI,KOSPI_BULL_V4_AP06_SCOPE_BASELINE,pre,BULL,2015-03-24,003350,한국화장품제조,KOSPI,2015-03-31,2015-04-01,2015-04-03,-0.063,-6300000.0,EARLY_FAIL_CLOSE,0.36278195488721804,2.263803680981595,0.7061307392164199,1.0,0.0,0.09643605870020965,1.0187204477467915,1.061986908907094,29007515100.0,0.06371681415929203,-0.13274336283185842,0.09380530973451327,-0.215929203539823,-0.12212389380530973,0.09380530973451327,-0.29646017699115046,-0.10088495575221239,0.13451327433628318,-0.29646017699115046,-0.2991150442477876,0.13451327433628318,-0.3938053097345133
KOSPI,KOSPI_BULL_V4_AP06_SCOPE_BASELINE,pre,BULL,2015-04-01,003475,유안타증권우,KOSPI,2015-04-08,2015-04-09,2015-04-29,-0.04330501089324619,-4330501.089324619,TRAIL,0.31398809523809523,0.5101123595505618,0.3981552118732229,1.0,0.0,0.1273644388398487,0.45650048875855326,5.912380661953922,5997215730.0,0.08932461873638345,0.08496732026143791,0.25054466230936817,-0.0196078431372549,0.023965141612200435,0.25054466230936817,-0.0196078431372549,-0.11328976034858387,0.25054466230936817,-0.2113289760348584,-0.18736383442265794,0.25054466230936817,-0.21568627450980393
KOSPI,KOSPI_BULL_V4_AP06_SCOPE_BASELINE,pre,BULL,2015-04-03,005250,녹십자홀딩스,KOSPI,2015-04-10,2015-04-13,2015-05-07,-0.123,-12300000.0,STOP,0.25402504472271914,0.3768472906403941,0.2112676056338028,1.0,0.0,0.034129692832764506,0.12066574202496533,1.04951990575112,3970633200.0,0.009771986970684038,0.05863192182410423,0.0749185667752443,-0.04071661237785016,-0.019543973941368076,0.0749185667752443,-0.06677524429967427,-0.02768729641693811,0.0749185667752443,-0.13192182410423453,0.42671009771986973,1.019543973941368,-0.13192182410423453
KOSPI,KOSPI_BULL_V4_AP06_SCOPE_BASELINE,pre,BULL,2015-04-10,011280,태림포장,KOSPI,2015-04-17,2015-04-20,2015-06-02,0.13671742543171114,13671742.543171113,TRAIL,0.2705530642750374,0.5273972602739726,0.31026603558021876,0.9333333333333333,0.06666666666666667,0.009404388714733543,0.036452884847509456,1.686992393118684,3798469780.0,0.018838304552590265,0.09105180533751962,0.09105180533751962,-0.09733124018838304,0.058084772370486655,0.24646781789638933,-0.09733124018838304,0.25745682888540034,0.478806907378336,-0.09733124018838304,0.2653061224489796,0.478806907378336,-0.09733124018838304
KOSPI,KOSPI_BULL_V4_AP06_SCOPE_BASELINE,pre,BULL,2015-07-02,005740,크라운제과,KOSPI,2015-07-09,2015-07-10,2015-08-18,0.14256962025316455,14256962.025316454,TRAIL,0.26221498371335505,1.019736842105263,0.42184484754920887,0.92,0.08,0.014657980456026058,0.027120600115406807,0.8441306916119535,5430691000.0,0.1060126582278481,0.27531645569620256,0.45569620253164556,-0.012658227848101266,0.28164556962025317,0.45569620253164556,-0.012658227848101266,0.3623417721518987,0.45569620253164556,-0.012658227848101266,0.15348101265822786,0.46044303797468356,-0.02689873417721519
KOSPI,KOSPI_BULL_V4_AP06_SCOPE_BASELINE,pre,BULL,2016-03-22,145270,케이탑리츠,KOSPI,2016-03-29,2016-03-30,2016-04-04,-0.063,-6300000.0,EARLY_FAIL_CLOSE,0.39730639730639733,0.23236514522821577,0.2466769273821183,0.96875,0.03125,0.07446808510638298,0.3074433656957929,1.4369058692018148,8139426380.0,0.05172413793103448,-0.06403940886699508,0.10591133004926108,-0.12561576354679804,-0.29802955665024633,0.10591133004926108,-0.3694581280788177,-0.2684729064039409,0.10591133004926108,-0.3694581280788177,-0.18719211822660098,0.10591133004926108,-0.3694581280788177
KOSPI,KOSPI_BULL_V4_AP06_SCOPE_BASELINE,pre,BULL,2016-04-15,002620,제일약품,KOSPI,2016-04-22,2016-04-25,2016-05-30,0.3751163434903047,37511634.34903047,TRAIL,0.33098591549295775,1.0579710144927537,0.5192311121413671,0.95,0.05,0.018413597733711047,0.16768168899715793,0.9785073573876235,5584473000.0,0.015235457063711912,0.15512465373961218,0.16481994459833796,-0.002770083102493075,0.20637119113573407,0.2146814404432133,-0.002770083102493075,0.6274238227146814,0.6481994459833795,-0.002770083102493075,-0.0664819944598338,0.925207756232687,-0.07756232686980609
KOSPI,KOSPI_BULL_V4_AP06_SCOPE_BASELINE,pre,BULL,2017-02-23,008700,아남전자,KOSPI,2017-03-03,2017-03-06,2017-04-04,1.1008251366120219,110082513.66120219,TRAIL,0.371875,0.4479638009049774,0.36732659165361053,1.0,0.0,0.036827195467422094,0.3580705009276438,0.4000766016588516,12073360950.0,0.0273224043715847,0.43989071038251365,0.4672131147540984,-0.040983606557377046,0.6065573770491803,0.6366120218579235,-0.040983606557377046,1.1038251366120218,2.0054644808743167,-0.040983606557377046,0.7049180327868853,2.0054644808743167,-0.040983606557377046
KOSPI,KOSPI_BULL_V4_AP06_SCOPE_BASELINE,pre,BULL,2017-11-22,004130,대덕GDS,KOSPI,2017-11-29,2017-11-30,2018-01-10,-0.123,-12300000.0,STOP,0.39365671641791045,0.45257452574525747,0.36955966272038165,0.96,0.04,0.03508771929824561,0.13570741097208855,1.1096459860201962,9740212650.0,0.038910505836575876,-0.03501945525291829,0.07392996108949416,-0.09533073929961089,-0.06420233463035019,0.07392996108949416,-0.09533073929961089,-0.007782101167315175,0.07392996108949416,-0.10700389105058365,-0.2140077821011673,0.07392996108949416,-0.2918287937743191
KOSPI,KOSPI_BULL_V4_AP06_SCOPE_BASELINE,pre,BULL,2020-02-07,026890,디피씨,KOSPI,2020-02-14,2020-02-17,2020-02-19,-0.063,-6300000.0,EARLY_FAIL_CLOSE,0.38881748071979433,0.4018018018018018,0.44802556069113136,1.0,0.0,0.2833545108005083,0.5308829101932551,3.6196999094051168,495232522300.0,0.0730593607305936,-0.1689497716894977,0.1506849315068493,-0.17625570776255708,-0.12876712328767123,0.1506849315068493,-0.22100456621004566,-0.5159817351598174,0.1506849315068493,-0.5159817351598174,-0.10228310502283106,0.1506849315068493,-0.6671232876712329
KOSPI,KOSPI_BULL_V4_AP06_SCOPE_BASELINE,pre,BULL,2020-02-07,042700,한미반도체,KOSPI,2020-02-14,2020-02-17,2020-02-28,-0.123,-12300000.0,STOP,0.29850746268656714,0.45652173913043476,0.23358832167985452,0.92,0.08,0.003051881993896236,0.06198502881145996,0.7034632502735738,5131617280.0,0.008113590263691683,-0.06795131845841786,0.02434077079107505,-0.07809330628803246,-0.07505070993914807,0.02434077079107505,-0.1440162271805274,-0.27281947261663286,0.02434077079107505,-0.3316430020283976,-0.1389452332657201,0.02434077079107505,-0.4726166328600406
KOSPI,KOSPI_BULL_V4_AP06_SCOPE_BASELINE,pre,BULL,2020-06-05,034730,SK,KOSPI,2020-06-12,2020-06-15,2020-07-08,-0.123,-12300000.0,STOP,0.36186770428015563,0.3967391304347826,0.39471780028943565,1.0,0.0,0.13414634146341464,0.14862083161794978,1.863462200291682,362263086000.0,0.05190311418685121,0.01384083044982699,0.14878892733564014,-0.012110726643598616,0.01384083044982699,0.14878892733564014,-0.02768166089965398,-0.16089965397923875,0.14878892733564014,-0.17647058823529413,-0.26124567474048443,0.14878892733564014,-0.2906574394463668
KOSPI,KOSPI_BULL_V4_AP06_SCOPE_BASELINE,pre,BULL,2020-07-13,009830,한화솔루션,KOSPI,2020-07-20,2020-07-21,2020-09-21,0.5604920634920635,56049206.34920635,TRAIL,0.2736625514403292,0.7419354838709677,0.42501099545521187,1.0,0.0,0.06903765690376569,0.2139208932177218,1.4834222011182714,134348313050.0,0.07539682539682539,0.013888888888888888,0.10912698412698413,-0.005952380952380952,0.07936507936507936,0.125,-0.007936507936507936,0.2757936507936508,0.3373015873015873,-0.007936507936507936,0.7142857142857143,1.0753968253968254,-0.007936507936507936
KOSPI,KOSPI_BULL_V4_AP06_SCOPE_BASELINE,pre,BULL,2020-07-16,000910,유니온,KOSPI,2020-07-23,2020-07-24,2020-07-28,0.1276122448979592,12761224.48979592,TRAIL,0.276707530647986,0.9792027729636048,0.08379994305779634,1.0,0.0,0.09375,0.2935415319227571,8.519214887308713,163744693000.0,0.23809523809523808,0.22448979591836735,0.5102040816326531,-0.034013605442176874,0.29931972789115646,0.5102040816326531,-0.034013605442176874,0.1673469387755102,0.5102040816326531,-0.034013605442176874,-0.004081632653061225,0.5102040816326531,-0.058503401360544216
KOSPI,KOSPI_BULL_V4_AP06_SCOPE_BASELINE,pre,BULL,2020-07-20,298040,효성중공업,KOSPI,2020-07-27,2020-07-28,2020-07-30,-0.063,-6300000.0,EARLY_FAIL_CLOSE,0.3012912482065997,1.138036809815951,0.5890265217721711,1.0,0.0,0.08644859813084112,0.4062145611249717,1.0713785421249022,25695156000.0,0.008342022940563087,-0.15745568300312826,0.035453597497393116,-0.17205422314911367,-0.0364963503649635,0.035453597497393116,-0.18143899895724713,-0.145985401459854,0.035453597497393116,-0.205422314911366,0.1553701772679875,0.616266944734098,-0.205422314911366
KOSPI,KOSPI_BULL_V4_AP06_SCOPE_BASELINE,pre,BULL,2020-11-10,004270,남성,KOSPI,2020-11-17,2020-11-18,2020-12-24,-0.03174251497005988,-3174251.497005988,TRAIL,0.3831891223733004,0.48713235294117646,0.34043963327073906,1.0,0.0,0.11315789473684211,0.1337443044760118,1.0131930691879314,51526996290.0,0.029940119760479042,0.081437125748503,0.23592814371257484,-0.031137724550898204,0.1089820359281437,0.23592814371257484,-0.031137724550898204,0.07544910179640718,0.23592814371257484,-0.031137724550898204,-0.06227544910179641,0.23592814371257484,-0.16766467065868262
KOSPI,KOSPI_BULL_V4_AP06_SCOPE_BASELINE,pre,BULL,2020-11-10,105840,우진,KOSPI,2020-11-17,2020-11-18,2020-12-02,-0.123,-12300000.0,STOP,0.37244348762109797,0.21437908496732025,0.18145785201042833,1.0,0.0,0.09165808444902163,0.14668974469926438,0.8243351234215328,12198564800.0,0.02091254752851711,-0.06749049429657794,0.08555133079847908,-0.07699619771863118,-0.1188212927756654,0.08555133079847908,-0.12167300380228137,-0.1806083650190114,0.08555133079847908,-0.19106463878326996,-0.23479087452471484,0.08555133079847908,-0.29277566539923955
KOSPI,KOSPI_BULL_V4_AP06_SCOPE_BASELINE,pre,BULL,2020-11-30,023960,에쓰씨엔지니어링,KOSPI,2020-12-07,2020-12-08,2020-12-16,0.5342750642673522,53427506.426735215,TRAIL,0.3522727272727273,0.375,0.24352331606217623,1.0,0.0,0.24848484848484848,1.1604614577871002,1.1343767272177931,6434904400.0,0.04113110539845758,0.7737789203084833,0.9254498714652957,0.0,0.30848329048843187,0.9254498714652957,0.0,0.8431876606683805,1.056555269922879,0.0,0.2133676092544987,1.3624678663239074,0.0
KOSPI,KOSPI_BULL_V4_AP06_SCOPE_BASELINE,pre,BULL,2020-12-02,001230,동국제강,KOSPI,2020-12-09,2020-12-10,2021-01-26,0.10625449871465295,10625449.871465296,MAX,0.27916120576671033,0.22275641025641027,0.14156048175946942,0.9333333333333333,0.06666666666666667,0.07660738714090287,0.056021469305602145,1.0050536466053983,16637117040.0,0.011568123393316195,0.03470437017994859,0.04498714652956298,-0.014138817480719794,0.0012853470437017994,0.07197943444730077,-0.017994858611825194,0.14781491002570693,0.22879177377892032,-0.019280205655526992,0.33033419023136246,0.37532133676092544,-0.038560411311053984
KOSPI,KOSPI_BULL_V4_AP06_SCOPE_BASELINE,pre,BULL,2020-12-03,307950,현대오토에버,KOSPI,2020-12-10,2020-12-11,2021-01-15,0.25962626262626265,25962626.262626264,TRAIL,0.3158458244111349,1.1227272727272728,0.3841992812241421,1.0,0.0,0.06371490280777538,0.15691801738313366,1.2694022879599516,30906542000.0,0.030303030303030304,0.22727272727272727,0.4090909090909091,-0.00909090909090909,0.16666666666666666,0.4090909090909091,-0.00909090909090909,0.30808080808080807,0.6313131313131313,-0.00909090909090909,0.2222222222222222,0.6313131313131313,-0.00909090909090909
KOSPI,KOSPI_BULL_V4_AP06_SCOPE_BASELINE,pre,BULL,2020-12-21,001120,LG상사,KOSPI,2020-12-29,2020-12-30,2021-02-16,0.10742944785276073,10742944.785276074,MAX,0.35671342685370744,0.589171974522293,0.3737725979627419,1.0,0.0,0.016632016632016633,0.06373721992603872,0.3993910334636641,7531895850.0,0.010224948875255624,0.11451942740286299,0.18200408997955012,-0.002044989775051125,0.08997955010224949,0.18200408997955012,-0.002044989775051125,0.07975460122699386,0.19427402862985685,-0.002044989775051125,0.3047034764826176,0.34355828220858897,-0.002044989775051125
KOSPI,KOSPI_BULL_V4_AP06_SCOPE_BASELINE,pre,BULL,2020-12-23,001530,DI동일,KOSPI,2021-01-04,2021-01-05,2021-02-18,0.16046153846153846,16046153.846153846,MAX,0.3511450381679389,0.5197215777262181,0.4134656883901597,1.0,0.0,0.03666666666666667,0.2923332640764596,0.8326428838105189,5774181500.0,0.057692307692307696,0.041666666666666664,0.18269230769230768,-0.022435897435897436,0.08653846153846154,0.18269230769230768,-0.022435897435897436,0.20512820512820512,0.4423076923076923,-0.022435897435897436,0.08653846153846154,0.4423076923076923,-0.13141025641025642
KOSPI,KOSPI_BULL_V4_AP06_SCOPE_BASELINE,pre,BULL,2021-01-11,034300,신세계건설,KOSPI,2021-01-18,2021-01-19,2021-01-22,-0.063,-6300000.0,EARLY_FAIL_CLOSE,0.2956381260096931,0.4036281179138322,0.30466856359995786,1.0,0.0,0.2430379746835443,0.6347594473114699,4.102655335976728,61992923500.0,0.10185185185185185,-0.1,0.16111111111111112,-0.10648148148148148,-0.07407407407407407,0.16111111111111112,-0.18796296296296297,-0.1111111111111111,0.16111111111111112,-0.18796296296296297,-0.10833333333333334,0.16111111111111112,-0.2462962962962963
KOSPI,KOSPI_BULL_V4_AP06_SCOPE_BASELINE,pre,BULL,2021-03-17,267270,현대건설기계,KOSPI,2021-03-24,2021-03-25,2021-06-10,0.04868986083499006,4868986.083499006,TRAIL,0.3703339882121807,0.43582510578279265,0.38371618866385754,0.9344262295081968,0.06557377049180328,0.05747126436781609,0.17251766886803382,0.8376618728303759,24572574400.0,0.03777335984095427,0.03578528827037773,0.14314115308151093,-0.017892644135188866,0.0536779324055666,0.14314115308151093,-0.017892644135188866,0.13518886679920478,0.16302186878727634,-0.02584493041749503,0.10934393638170974,0.3558648111332008,-0.02584493041749503
KOSPI,KOSPI_BULL_V4_AP06_SCOPE_BASELINE,pre,BULL,2021-06-18,000680,LS네트웍스,KOSPI,2021-06-25,2021-06-28,2021-07-07,0.07027586206896551,7027586.206896551,TRAIL,0.35900783289817234,0.34385964912280703,0.20813837337679414,1.0,0.0,0.2874493927125506,0.23319544984488108,13.686462432896993,121085143020.0,0.1875,0.09698275862068965,0.35560344827586204,-0.0021551724137931034,0.05387931034482758,0.35560344827586204,-0.0021551724137931034,-0.08189655172413793,0.35560344827586204,-0.09159482758620689,-0.16702586206896552,0.35560344827586204,-0.23060344827586207
KOSPI,KOSPI_BULL_V4_AP06_SCOPE_BASELINE,pre,BULL,2021-09-06,138490,코오롱플라스틱,KOSPI,2021-09-13,2021-09-14,2021-10-06,0.32641176470588235,32641176.470588233,TRAIL,0.36847290640394087,0.5567484662576687,0.32986854173035773,1.0,0.0,0.06719367588932806,0.5306122448979592,0.5292047263890053,32754010500.0,0.011764705882352941,0.29411764705882354,0.37254901960784315,-0.07450980392156863,0.6509803921568628,0.8666666666666667,-0.07450980392156863,0.49019607843137253,0.8666666666666667,-0.07450980392156863,-0.03137254901960784,0.8666666666666667,-0.07450980392156863
KOSPI,KOSPI_BULL_V4_AP06_SCOPE_BASELINE,train,BULL,2022-11-14,004360,세방,KOSPI,2022-11-21,2022-11-22,2023-02-17,1.095434004474273,109543400.4474273,MAX,0.2645631067961165,0.5725190839694656,0.34377038486627526,0.9736842105263158,0.02631578947368421,0.0585480093676815,0.20021242697822622,1.7457500614073507,9147530800.0,0.08277404921700224,0.1342281879194631,0.203579418344519,-0.0022371364653243847,0.319910514541387,0.44966442953020136,-0.0022371364653243847,0.24161073825503357,0.44966442953020136,-0.0022371364653243847,1.0984340044742729,1.366890380313199,-0.0022371364653243847
KOSPI,KOSPI_BULL_V4_AP06_SCOPE_BASELINE,train,BULL,2023-01-20,003530,한화투자증권,KOSPI,2023-01-31,2023-02-01,2023-03-03,-0.123,-12300000.0,STOP,0.3060556464811784,0.22690763052208834,0.17466115543593194,0.9512195121951219,0.04878048780487805,0.05188679245283019,0.1843852350181464,1.214713106986955,9934084695.0,0.10463378176382661,-0.01943198804185351,0.16741405082212257,-0.06726457399103139,-0.08669656203288491,0.16741405082212257,-0.09267563527653214,-0.08968609865470852,0.16741405082212257,-0.10164424514200299,-0.18385650224215247,0.16741405082212257,-0.21973094170403587
KOSPI,KOSPI_BULL_V4_AP06_SCOPE_BASELINE,train,BULL,2023-07-17,023810,인팩,KOSPI,2023-07-24,2023-07-25,2023-08-07,-0.123,-12300000.0,STOP,0.38176197836166925,0.3005025125628141,0.25507185464185844,0.930379746835443,0.06962025316455696,0.0864,0.14856007104495283,0.5754204691255768,4308608080.0,0.0336996336996337,0.07252747252747253,0.12527472527472527,-0.04322344322344322,-0.0989010989010989,0.12527472527472527,-0.12967032967032968,-0.24761904761904763,0.12527472527472527,-0.26593406593406593,-0.4,0.12527472527472527,-0.41904761904761906
KOSPI,KOSPI_BULL_V4_AP06_SCOPE_BASELINE,train,BULL,2023-07-21,005490,POSCO홀딩스,KOSPI,2023-07-28,2023-07-31,2023-08-02,-0.063,-6300000.0,EARLY_FAIL_CLOSE,0.3103448275862069,0.38268506900878296,0.39691124585384396,1.0,0.0,0.05631399317406143,0.27026472398932894,1.3044189445644259,2546860025000.0,0.015822784810126583,-0.11234177215189874,0.04746835443037975,-0.12183544303797468,-0.08702531645569621,0.04746835443037975,-0.12183544303797468,-0.07753164556962025,0.04746835443037975,-0.16930379746835442,-0.34889240506329117,0.04746835443037975,-0.3575949367088608
KOSPI,KOSPI_BULL_V4_AP06_SCOPE_BASELINE,train,BULL,2023-07-21,010100,한국무브넥스,KOSPI,2023-07-28,2023-07-31,2023-08-03,0.07736622583926754,7736622.583926754,TRAIL,0.25274725274725274,0.5423728813559322,0.21241728471821286,0.9846153846153847,0.015384615384615385,0.06111111111111111,0.13832767149412956,0.6867274703834256,5590240525.0,0.18209562563580875,-0.017293997965412006,0.3611393692777213,-0.028484231943031537,-0.030518819938962362,0.3611393692777213,-0.10579857578840285,0.0,0.3611393692777213,-0.1353001017293998,0.8107833163784334,0.9165818921668362,-0.1353001017293998
KOSPI,KOSPI_BULL_V4_AP06_SCOPE_BASELINE,train,BULL,2023-07-21,058430,포스코스틸리온,KOSPI,2023-07-28,2023-07-31,2023-08-03,-0.063,-6300000.0,EARLY_FAIL_CLOSE,0.3785919540229885,0.21043478260869566,0.35725429017160687,0.9411764705882353,0.058823529411764705,0.15146579804560262,0.12168808503887038,0.8380623675769191,65609670700.0,0.05329593267882188,-0.17110799438990182,0.08976157082748948,-0.17952314165497896,-0.1570827489481066,0.08976157082748948,-0.17952314165497896,-0.17391304347826086,0.08976157082748948,-0.2496493688639551,-0.3380084151472651,0.20196353436185133,-0.34642356241234223
KOSPI,KOSPI_BULL_V4_AP06_SCOPE_BASELINE,train,BULL,2023-12-21,180640,한진칼,KOSPI,2024-01-02,2024-01-03,2024-02-16,-0.085687338501292,-8568733.8501292,MAX,0.3236111111111111,0.7932752179327521,0.4644564222516018,0.9444444444444444,0.05555555555555555,0.09523809523809523,0.26465593919301367,1.6177126704668339,16729013200.0,0.007751937984496124,0.056847545219638244,0.08010335917312661,-0.02454780361757106,-0.016795865633074936,0.08397932816537468,-0.040051679586563305,-0.056847545219638244,0.08397932816537468,-0.1124031007751938,-0.2054263565891473,0.12919896640826872,-0.28552971576227393
KOSPI,KOSPI_BULL_V4_AP06_SCOPE_BASELINE,train,BULL,2024-03-06,267260,HD현대일렉트릭,KOSPI,2024-03-13,2024-03-14,2024-04-16,0.4113835616438356,41138356.16438356,TRAIL,0.32426470588235295,0.6365824308062575,0.3512618401006822,0.9545454545454546,0.045454545454545456,0.09293680297397769,0.13966740318641702,2.0750577986184267,104706042000.0,0.07054794520547945,0.1136986301369863,0.11438356164383562,-0.005479452054794521,0.22397260273972602,0.2671232876712329,-0.005479452054794521,0.6095890410958904,0.8184931506849316,-0.005479452054794521,0.886986301369863,1.1506849315068493,-0.005479452054794521
KOSPI,KOSPI_BULL_V4_AP06_SCOPE_BASELINE,train,BULL,2024-05-16,010120,LS ELECTRIC,KOSPI,2024-05-23,2024-05-24,2024-06-10,-0.123,-12300000.0,STOP,0.3419583967529173,1.881578947368421,0.7224002330323334,1.0,0.0,0.07868020304568528,0.199243770986766,0.8479803762568197,200105937500.0,0.1079136690647482,0.023980815347721823,0.17026378896882494,-0.011990407673860911,-0.06618705035971223,0.17026378896882494,-0.1237410071942446,-0.05851318944844125,0.17026378896882494,-0.1237410071942446,-0.1856115107913669,0.31654676258992803,-0.30455635491606714
KOSPI,KOSPI_BULL_V4_AP06_SCOPE_BASELINE,train,BULL,2025-02-11,017810,풀무원,KOSPI,2025-02-18,2025-02-19,2025-03-31,0.046213943950786054,4621394.395078605,TRAIL,0.26495079485238454,0.28377065111758987,0.19641347663325678,1.0,0.0,0.06149341142020498,0.21628989640565366,1.5341833626914758,7022930000.0,0.00888585099111415,0.25153793574846206,0.32057416267942584,-0.007518796992481203,0.24060150375939848,0.32057416267942584,-0.007518796992481203,0.12850307587149692,0.32057416267942584,-0.007518796992481203,-0.13123718386876282,0.32057416267942584,-0.13875598086124402
KOSPI,KOSPI_BULL_V4_AP06_SCOPE_BASELINE,train,BULL,2025-02-17,100840,SNT에너지,KOSPI,2025-02-24,2025-02-25,2025-03-26,-0.012708737864077668,-1270873.7864077669,TRAIL,0.26455026455026454,0.974233983286908,0.2846849840641662,0.9866666666666667,0.013333333333333334,0.07204116638078903,0.1309146837962544,1.171148446484351,22967937500.0,0.059870550161812294,0.19741100323624594,0.22653721682847897,-0.03559870550161812,0.030744336569579287,0.24271844660194175,-0.03559870550161812,-0.009708737864077669,0.24271844660194175,-0.042071197411003236,0.41423948220064727,0.5792880258899676,-0.08090614886731391
KOSPI,KOSPI_BULL_V4_AP06_SCOPE_BASELINE,train,BULL,2025-05-26,004690,삼천리,KOSPI,2025-06-02,2025-06-04,2025-07-17,0.1730409057706355,17304090.57706355,MAX,0.2561078348778433,0.3188888888888889,0.28481743397315623,0.953125,0.046875,0.024427480916030534,0.23995195417167145,1.3057871440489284,4946746200.0,0.013148283418553688,0.0007304601899196494,0.03433162892622352,-0.039444850255661065,-0.013148283418553688,0.06281957633308985,-0.039444850255661065,0.03798392987582177,0.06281957633308985,-0.06428049671292914,-0.06939371804236669,0.2914536157779401,-0.09934258582907232
KOSPI,KOSPI_BULL_V4_AP06_SCOPE_BASELINE,train,BULL,2025-06-04,064350,현대로템,KOSPI,2025-06-12,2025-06-13,2025-07-25,0.07010420076377523,7010420.076377523,MAX,0.3529788597053171,0.7578828828828829,0.3957647199082009,1.0,0.0,0.037528868360277134,0.2993022667293301,1.0196833425439031,265123629600.0,0.019094380796508457,0.15657392253136934,0.20021822149481724,-0.02564102564102564,0.09656301145662848,0.20294599018003273,-0.02564102564102564,0.008183306055646482,0.20294599018003273,-0.055100927441352976,0.14839061647572285,0.20294599018003273,-0.09983633387888707
KOSPI,KOSPI_BULL_V4_AP06_SCOPE_BASELINE,train,BULL,2025-07-01,037270,YG PLUS,KOSPI,2025-07-08,2025-07-09,2025-07-18,-0.123,-12300000.0,STOP,0.32690124858115777,0.7514910536779325,0.4285328216631083,0.9420289855072463,0.057971014492753624,0.06467065868263473,0.11243195895639116,1.3988317508249326,27407123240.0,0.09613259668508287,-0.07955801104972375,0.12044198895027625,-0.09502762430939227,0.0033149171270718232,0.2596685082872928,-0.1281767955801105,-0.004419889502762431,0.2596685082872928,-0.1281767955801105,-0.17458563535911603,0.2596685082872928,-0.18011049723756906
KOSPI,KOSPI_BULL_V4_AP06_SCOPE_BASELINE,train,BULL,2025-07-08,484870,엠앤씨솔루션,KOSPI,2025-07-15,2025-07-16,2025-07-29,-0.123,-12300000.0,STOP,0.3422818791946309,0.9151670951156813,0.2442242387129099,1.0,0.0,0.07047175305765871,0.17688490475428206,0.8641580283030207,9381887200.0,0.029923830250272034,-0.002176278563656148,0.0750816104461371,-0.036996735582154515,-0.10718171926006528,0.0750816104461371,-0.13710554951033732,-0.13166485310119697,0.0750816104461371,-0.18063112078346028,0.015233949945593036,0.2513601741022851,-0.2584330794341676
KOSPI,KOSPI_BULL_V4_AP06_SCOPE_BASELINE,train,BULL,2025-07-29,298040,효성중공업,KOSPI,2025-08-05,2025-08-06,2025-08-08,-0.063,-6300000.0,EARLY_FAIL_CLOSE,0.38360402165506574,1.4865384615384616,0.6368642592651201,0.9625,0.0375,0.05601317957166392,0.1540712067335824,1.0080843594234654,100975448000.0,0.006299212598425197,-0.03385826771653543,0.03464566929133858,-0.07401574803149606,-0.1062992125984252,0.03464566929133858,-0.15511811023622046,-0.048031496062992125,0.03464566929133858,-0.15511811023622046,0.7755905511811023,0.9551181102362205,-0.15511811023622046
KOSPI,KOSPI_BULL_V4_AP06_SCOPE_BASELINE,post,BULL,2025-09-15,031210,서울보증보험,KOSPI,2025-09-22,2025-09-23,2025-11-11,0.04559813084112149,4559813.08411215,MAX,0.2569832402234637,0.30339805825242716,0.24649399384877257,1.0,0.0,0.0,0.13484153351262987,0.7324837838535435,4503974600.0,0.005607476635514018,-0.044859813084112146,0.016822429906542057,-0.0616822429906542,-0.0691588785046729,0.028037383177570093,-0.07570093457943926,-0.05794392523364486,0.028037383177570093,-0.102803738317757,-0.05420560747663551,0.06542056074766354,-0.102803738317757
KOSPI,KOSPI_BULL_V4_AP06_SCOPE_BASELINE,post,BULL,2025-10-22,000660,SK하이닉스,KOSPI,2025-10-29,2025-10-30,2025-12-11,0.009544802867383514,954480.2867383513,MAX,0.3509865005192108,0.7932960893854749,0.5277630883130617,0.9722222222222222,0.027777777777777776,0.03717472118959108,0.2698412698412698,1.1953036095123852,2680091298000.0,0.017921146953405017,0.06272401433691756,0.11827956989247312,-0.04659498207885305,0.0967741935483871,0.15770609318996415,-0.04659498207885305,-0.025089605734767026,0.15770609318996415,-0.10215053763440861,0.507168458781362,0.5304659498207885,-0.10215053763440861
KOSPI,KOSPI_BULL_V4_AP06_SCOPE_BASELINE,post,BULL,2025-11-10,353200,대덕전자,KOSPI,2025-11-17,2025-11-18,2026-01-02,-0.03821126760563381,-3821126.7605633806,MAX,0.3668076109936575,1.0170575692963753,0.6072945573993318,0.9560439560439561,0.04395604395604396,0.05567010309278351,0.24302015052197135,0.7752592540012564,96293171200.0,0.022132796780684104,0.06438631790744467,0.0925553319919517,-0.0482897384305835,-0.04426559356136821,0.0925553319919517,-0.06338028169014084,-0.09456740442655935,0.0925553319919517,-0.10362173038229376,0.19919517102615694,0.36217303822937624,-0.16398390342052313
KOSPI,KOSPI_BULL_V4_AP06_SCOPE_BASELINE,post,BULL,2026-01-06,105840,우진,KOSPI,2026-01-13,2026-01-14,2026-03-03,0.08985714285714286,8985714.285714285,TRAIL,0.2818134981968058,0.3035594358629953,0.18374109348159734,0.9565217391304348,0.043478260869565216,0.024509803921568627,0.11001938550601482,0.6956141088052983,19747615800.0,0.016666666666666666,0.24761904761904763,0.36428571428571427,-0.03571428571428571,0.24523809523809523,0.39285714285714285,-0.03571428571428571,0.2,0.39285714285714285,-0.03571428571428571,0.12857142857142856,0.5095238095238095,-0.1380952380952381
KOSPI,KOSPI_BULL_V4_AP06_SCOPE_BASELINE,post,BULL,2026-01-07,005935,삼성전자우,KOSPI,2026-01-14,2026-01-15,2026-03-04,0.1094031007751938,10940310.07751938,TRAIL,0.2623426911907067,0.4757142857142857,0.2900405869497346,0.9545454545454546,0.045454545454545456,0.018627450980392157,0.13328970331588133,0.8321760023329035,287159755100.0,0.03488372093023256,0.07848837209302326,0.11337209302325581,-0.006782945736434108,0.12015503875968993,0.17344961240310078,-0.006782945736434108,0.18313953488372092,0.18313953488372092,-0.006782945736434108,0.4011627906976744,0.45348837209302323,-0.006782945736434108
KOSPI,KOSPI_BULL_V4_AP06_SCOPE_BASELINE,post,BULL,2026-01-27,005930,삼성전자,KOSPI,2026-02-03,2026-02-04,2026-03-04,0.05021100917431193,5021100.9174311925,TRAIL,0.29529780564263325,0.5870646766169154,0.37411156579797544,1.0,0.0,0.060797973400886635,0.12047628603919995,1.2027071987849838,6118743677500.0,0.03425076452599388,0.026299694189602447,0.036085626911314984,-0.072782874617737,0.18042813455657492,0.20856269113149847,-0.072782874617737,0.1492354740061162,0.363914373088685,-0.072782874617737,0.6605504587155964,0.6941896024464832,-0.072782874617737
KOSPI,KOSPI_BULL_V4_AP06_SCOPE_BASELINE,post,BULL,2026-01-27,000660,SK하이닉스,KOSPI,2026-02-03,2026-02-04,2026-03-04,-0.042592760180995476,-4259276.018099547,TRAIL,0.2625,0.4336917562724014,0.28942137215924346,1.0,0.0,0.03775743707093822,0.16066287030520188,1.0907865385229463,4782191966000.0,0.01809954751131222,-0.027149321266968326,0.024886877828054297,-0.10520361990950226,0.0757918552036199,0.1085972850678733,-0.10520361990950226,0.06108597285067873,0.24321266968325791,-0.10520361990950226,0.8710407239819005,0.8834841628959276,-0.10520361990950226
KOSPI,KOSPI_BULL_V4_AP06_SCOPE_BASELINE,post,BULL,2026-01-27,005935,삼성전자우,KOSPI,2026-02-03,2026-02-04,2026-03-04,-0.018437392795883363,-1843739.2795883364,TRAIL,0.2557117750439367,0.42428035043804757,0.3014886682042583,1.0,0.0,0.05327510917030567,0.0992616899097621,0.8287950780446725,427276634400.0,0.03344768439108062,-0.004288164665523156,0.03516295025728988,-0.08404802744425385,0.1672384219554031,0.19897084048027444,-0.08404802744425385,0.153516295025729,0.2864493996569468,-0.08404802744425385,0.5900514579759862,0.6698113207547169,-0.08404802744425385
KOSPI,KOSPI_BULL_V4_AP06_SCOPE_BASELINE,post,BULL,2026-01-27,000270,기아,KOSPI,2026-02-03,2026-02-04,2026-03-04,0.007315925209542231,731592.5209542231,TRAIL,0.3824104234527687,0.32556131260794474,0.2201584483717973,1.0,0.0,0.02598267821452365,0.027214514407684097,0.542698880693723,206586996000.0,0.01096067053513862,0.04319793681495809,0.04448742746615087,-0.039329464861379754,0.11347517730496454,0.1399097356544165,-0.039329464861379754,0.038039974210186976,0.37008381689232756,-0.039329464861379754,0.016118633139909737,0.37008381689232756,-0.07285622179239201
KOSPI,KOSPI_BULL_V4_AP06_SCOPE_BASELINE,post,BULL,2026-01-27,004800,효성,KOSPI,2026-02-03,2026-02-04,2026-03-04,-0.10722343324250681,-10722343.324250681,TRAIL,0.3586666666666667,0.22050447518307567,0.12310476071629117,0.9207920792079208,0.07920792079207921,0.036440084092501754,0.03300157150340492,0.6319609339936398,6091409400.0,0.02111716621253406,0.006130790190735695,0.04632152588555858,-0.07970027247956403,0.1737057220708447,0.17983651226158037,-0.07970027247956403,-0.04700272479564033,0.2098092643051771,-0.10831062670299728,0.8801089918256131,1.1662125340599454,-0.13555858310626703
KOSPI,KOSPI_BULL_V4_AP06_SCOPE_BASELINE,post,BULL,2026-02-04,012630,HDC,KOSPI,2026-02-11,2026-02-12,2026-05-13,0.13347058823529412,13347058.823529411,TRAIL,0.25415676959619954,0.22028985507246376,0.18963519737771625,0.9444444444444444,0.05555555555555555,0.009523809523809525,0.1335079933700476,0.7599281686007019,3474574000.0,0.009411764705882352,0.15294117647058825,0.18352941176470589,-0.009411764705882352,0.06352941176470588,0.24235294117647058,-0.009411764705882352,0.17882352941176471,0.24235294117647058,-0.009411764705882352,0.13647058823529412,0.4423529411764706,-0.009411764705882352
KOSPI,KOSPI_BULL_V4_AP06_SCOPE_BASELINE,post,BULL,2026-04-24,015860,일진홀딩스,KOSPI,2026-05-04,2026-05-06,2026-05-18,-0.123,-12300000.0,STOP,0.3246346555323591,0.3268698060941828,0.22833636072229935,1.0,0.0,0.2869481765834933,0.5348517797871123,7.990725164856691,41901771060.0,0.015659955257270694,0.07009694258016405,0.1506338553318419,-0.0686055182699478,-0.2117822520507084,0.1506338553318419,-0.2535421327367636,,,,,,
KOSPI,KOSPI_BULL_V5_RET60_MAX_100,pre,BULL,2012-09-07,000300,대유신소재,KOSPI,2012-09-14,2012-09-17,2012-09-20,-0.063,-6300000.0,EARLY_FAIL_CLOSE,0.2574712643678161,0.20498614958448755,0.0758006677383455,1.0,0.0,0.0016666666666666668,0.3597285067873303,2.9005344468837078,42321022675.0,0.021487603305785124,-0.2231404958677686,0.06446280991735537,-0.2578512396694215,-0.28429752066115704,0.06446280991735537,-0.33884297520661155,-0.3851239669421488,0.06446280991735537,-0.41983471074380163,-0.5289256198347108,0.06446280991735537,-0.5669421487603306
KOSPI,KOSPI_BULL_V5_RET60_MAX_100,pre,BULL,2012-09-18,105630,한세실업,KOSPI,2012-09-25,2012-09-26,2012-12-07,0.13132835820895522,13132835.820895523,TRAIL,0.2596899224806202,0.205607476635514,0.21763206745744573,0.9285714285714286,0.07142857142857142,0.03076923076923077,0.07630522088353414,1.099556048770412,5093098800.0,0.022388059701492536,0.11940298507462686,0.16417910447761194,-0.011194029850746268,0.12313432835820895,0.16417910447761194,-0.011194029850746268,0.13432835820895522,0.2462686567164179,-0.011194029850746268,0.1865671641791045,0.44029850746268656,-0.011194029850746268
KOSPI,KOSPI_BULL_V5_RET60_MAX_100,pre,BULL,2013-05-16,004960,한신공영,KOSPI,2013-05-24,2013-05-27,2013-06-07,-0.123,-12300000.0,STOP,0.3008695652173913,0.29504504504504503,0.25818274648529393,1.0,0.0,0.036734693877551024,0.24699297952771368,1.2394867330993717,3593325300.0,0.01568627450980392,0.043137254901960784,0.09411764705882353,-0.00784313725490196,-0.00392156862745098,0.09411764705882353,-0.12156862745098039,-0.09019607843137255,0.09411764705882353,-0.13333333333333333,0.00392156862745098,0.14901960784313725,-0.13333333333333333
KOSPI,KOSPI_BULL_V5_RET60_MAX_100,pre,BULL,2013-07-16,000420,로케트전기,KOSPI,2013-07-23,2013-07-24,2013-08-08,-0.123,-12300000.0,STOP,0.2733812949640288,0.7245657568238213,0.2490826581197862,1.0,0.0,0.149812734082397,0.20866141732283464,2.7829277111646302,28132270420.0,0.03571428571428571,-0.07467532467532467,0.10064935064935066,-0.11363636363636363,-0.11038961038961038,0.10064935064935066,-0.11688311688311688,-0.32142857142857145,0.10064935064935066,-0.34415584415584416,-0.33116883116883117,0.10064935064935066,-0.37662337662337664
KOSPI,KOSPI_BULL_V5_RET60_MAX_100,pre,BULL,2013-08-06,011200,현대상선,KOSPI,2013-08-13,2013-08-14,2013-08-20,-0.027553571428571427,-2755357.1428571427,TRAIL,0.27899686520376177,0.5336538461538461,0.15508563565919542,1.0,0.0,0.16052631578947368,0.32293385330733465,3.1807367917102476,166931950500.0,0.029017857142857144,0.015625,0.25223214285714285,-0.05580357142857143,-0.1875,0.25223214285714285,-0.20982142857142858,-0.11160714285714286,0.25223214285714285,-0.20982142857142858,-0.49776785714285715,0.25223214285714285,-0.5133928571428571
KOSPI,KOSPI_BULL_V5_RET60_MAX_100,pre,BULL,2014-06-30,002450,삼익악기,KOSPI,2014-07-07,2014-07-08,2014-07-28,-0.123,-12300000.0,STOP,0.25318066157760816,0.31,0.1730759663698324,1.0,0.0,0.061068702290076333,0.047607084537118455,1.0775678703069722,28750031640.0,0.010895883777239709,0.007263922518159807,0.044794188861985475,-0.04721549636803874,-0.023002421307506054,0.044794188861985475,-0.04721549636803874,-0.09443099273607748,0.044794188861985475,-0.2457627118644068,0.03753026634382567,0.07990314769975787,-0.2457627118644068
KOSPI,KOSPI_BULL_V5_RET60_MAX_100,pre,BULL,2014-07-24,002020,코오롱,KOSPI,2014-07-31,2014-08-01,2014-08-18,-0.123,-12300000.0,STOP,0.3709150326797386,0.38461538461538464,0.30430149540013507,0.9565217391304348,0.043478260869565216,0.057432432432432436,0.11288888888888889,1.3389355595729262,5606549900.0,0.021103896103896104,-0.025974025974025976,0.02922077922077922,-0.07142857142857142,-0.09090909090909091,0.02922077922077922,-0.12012987012987013,-0.125,0.02922077922077922,-0.14935064935064934,-0.19155844155844157,0.02922077922077922,-0.28084415584415584
KOSPI,KOSPI_BULL_V5_RET60_MAX_100,pre,BULL,2014-08-25,001040,CJ,KOSPI,2014-09-01,2014-09-02,2014-10-13,-0.123,-12300000.0,STOP,0.2786885245901639,0.2708333333333333,0.21722742641760442,0.9230769230769231,0.07692307692307693,0.01971830985915493,0.07338769458858414,0.7081600965803266,11169329000.0,0.013888888888888888,-0.030555555555555555,0.05555555555555555,-0.03611111111111111,-0.008333333333333333,0.05555555555555555,-0.05555555555555555,-0.06111111111111111,0.07222222222222222,-0.08055555555555556,-0.1111111111111111,0.07222222222222222,-0.1527777777777778
KOSPI,KOSPI_BULL_V5_RET60_MAX_100,pre,BULL,2015-03-20,007070,GS리테일,KOSPI,2015-03-27,2015-03-30,2015-05-13,0.18747619047619046,18747619.047619045,MAX,0.2571428571428571,0.27884615384615385,0.220370087169292,1.0,0.0,0.04487179487179487,0.07920218488785898,0.5945239249945912,5858676400.0,0.019969278033794162,-0.007680491551459293,0.03840245775729647,-0.026113671274961597,0.0629800307219662,0.12135176651305683,-0.026113671274961597,0.15360983102918588,0.21351766513056836,-0.026113671274961597,0.4362519201228879,0.45161290322580644,-0.026113671274961597
KOSPI,KOSPI_BULL_V5_RET60_MAX_100,pre,BULL,2015-04-01,003475,유안타증권우,KOSPI,2015-04-08,2015-04-09,2015-04-29,-0.04330501089324619,-4330501.089324619,TRAIL,0.31398809523809523,0.5101123595505618,0.3981552118732229,1.0,0.0,0.1273644388398487,0.45650048875855326,5.912380661953922,5997215730.0,0.08932461873638345,0.08496732026143791,0.25054466230936817,-0.0196078431372549,0.023965141612200435,0.25054466230936817,-0.0196078431372549,-0.11328976034858387,0.25054466230936817,-0.2113289760348584,-0.18736383442265794,0.25054466230936817,-0.21568627450980393
KOSPI,KOSPI_BULL_V5_RET60_MAX_100,pre,BULL,2015-04-03,005250,녹십자홀딩스,KOSPI,2015-04-10,2015-04-13,2015-05-07,-0.123,-12300000.0,STOP,0.25402504472271914,0.3768472906403941,0.2112676056338028,1.0,0.0,0.034129692832764506,0.12066574202496533,1.04951990575112,3970633200.0,0.009771986970684038,0.05863192182410423,0.0749185667752443,-0.04071661237785016,-0.019543973941368076,0.0749185667752443,-0.06677524429967427,-0.02768729641693811,0.0749185667752443,-0.13192182410423453,0.42671009771986973,1.019543973941368,-0.13192182410423453
KOSPI,KOSPI_BULL_V5_RET60_MAX_100,pre,BULL,2015-04-10,011280,태림포장,KOSPI,2015-04-17,2015-04-20,2015-06-02,0.13671742543171114,13671742.543171113,TRAIL,0.2705530642750374,0.5273972602739726,0.31026603558021876,0.9333333333333333,0.06666666666666667,0.009404388714733543,0.036452884847509456,1.686992393118684,3798469780.0,0.018838304552590265,0.09105180533751962,0.09105180533751962,-0.09733124018838304,0.058084772370486655,0.24646781789638933,-0.09733124018838304,0.25745682888540034,0.478806907378336,-0.09733124018838304,0.2653061224489796,0.478806907378336,-0.09733124018838304
KOSPI,KOSPI_BULL_V5_RET60_MAX_100,pre,BULL,2016-03-22,145270,케이탑리츠,KOSPI,2016-03-29,2016-03-30,2016-04-04,-0.063,-6300000.0,EARLY_FAIL_CLOSE,0.39730639730639733,0.23236514522821577,0.2466769273821183,0.96875,0.03125,0.07446808510638298,0.3074433656957929,1.4369058692018148,8139426380.0,0.05172413793103448,-0.06403940886699508,0.10591133004926108,-0.12561576354679804,-0.29802955665024633,0.10591133004926108,-0.3694581280788177,-0.2684729064039409,0.10591133004926108,-0.3694581280788177,-0.18719211822660098,0.10591133004926108,-0.3694581280788177
KOSPI,KOSPI_BULL_V5_RET60_MAX_100,pre,BULL,2017-02-23,008700,아남전자,KOSPI,2017-03-03,2017-03-06,2017-04-04,1.1008251366120219,110082513.66120219,TRAIL,0.371875,0.4479638009049774,0.36732659165361053,1.0,0.0,0.036827195467422094,0.3580705009276438,0.4000766016588516,12073360950.0,0.0273224043715847,0.43989071038251365,0.4672131147540984,-0.040983606557377046,0.6065573770491803,0.6366120218579235,-0.040983606557377046,1.1038251366120218,2.0054644808743167,-0.040983606557377046,0.7049180327868853,2.0054644808743167,-0.040983606557377046
KOSPI,KOSPI_BULL_V5_RET60_MAX_100,pre,BULL,2017-11-22,004130,대덕GDS,KOSPI,2017-11-29,2017-11-30,2018-01-10,-0.123,-12300000.0,STOP,0.39365671641791045,0.45257452574525747,0.36955966272038165,0.96,0.04,0.03508771929824561,0.13570741097208855,1.1096459860201962,9740212650.0,0.038910505836575876,-0.03501945525291829,0.07392996108949416,-0.09533073929961089,-0.06420233463035019,0.07392996108949416,-0.09533073929961089,-0.007782101167315175,0.07392996108949416,-0.10700389105058365,-0.2140077821011673,0.07392996108949416,-0.2918287937743191
KOSPI,KOSPI_BULL_V5_RET60_MAX_100,pre,BULL,2020-02-07,026890,디피씨,KOSPI,2020-02-14,2020-02-17,2020-02-19,-0.063,-6300000.0,EARLY_FAIL_CLOSE,0.38881748071979433,0.4018018018018018,0.44802556069113136,1.0,0.0,0.2833545108005083,0.5308829101932551,3.6196999094051168,495232522300.0,0.0730593607305936,-0.1689497716894977,0.1506849315068493,-0.17625570776255708,-0.12876712328767123,0.1506849315068493,-0.22100456621004566,-0.5159817351598174,0.1506849315068493,-0.5159817351598174,-0.10228310502283106,0.1506849315068493,-0.6671232876712329
KOSPI,KOSPI_BULL_V5_RET60_MAX_100,pre,BULL,2020-02-07,042700,한미반도체,KOSPI,2020-02-14,2020-02-17,2020-02-28,-0.123,-12300000.0,STOP,0.29850746268656714,0.45652173913043476,0.23358832167985452,0.92,0.08,0.003051881993896236,0.06198502881145996,0.7034632502735738,5131617280.0,0.008113590263691683,-0.06795131845841786,0.02434077079107505,-0.07809330628803246,-0.07505070993914807,0.02434077079107505,-0.1440162271805274,-0.27281947261663286,0.02434077079107505,-0.3316430020283976,-0.1389452332657201,0.02434077079107505,-0.4726166328600406
KOSPI,KOSPI_BULL_V5_RET60_MAX_100,pre,BULL,2020-06-05,034730,SK,KOSPI,2020-06-12,2020-06-15,2020-07-08,-0.123,-12300000.0,STOP,0.36186770428015563,0.3967391304347826,0.39471780028943565,1.0,0.0,0.13414634146341464,0.14862083161794978,1.863462200291682,362263086000.0,0.05190311418685121,0.01384083044982699,0.14878892733564014,-0.012110726643598616,0.01384083044982699,0.14878892733564014,-0.02768166089965398,-0.16089965397923875,0.14878892733564014,-0.17647058823529413,-0.26124567474048443,0.14878892733564014,-0.2906574394463668
KOSPI,KOSPI_BULL_V5_RET60_MAX_100,pre,BULL,2020-07-13,009830,한화솔루션,KOSPI,2020-07-20,2020-07-21,2020-09-21,0.5604920634920635,56049206.34920635,TRAIL,0.2736625514403292,0.7419354838709677,0.42501099545521187,1.0,0.0,0.06903765690376569,0.2139208932177218,1.4834222011182714,134348313050.0,0.07539682539682539,0.013888888888888888,0.10912698412698413,-0.005952380952380952,0.07936507936507936,0.125,-0.007936507936507936,0.2757936507936508,0.3373015873015873,-0.007936507936507936,0.7142857142857143,1.0753968253968254,-0.007936507936507936
KOSPI,KOSPI_BULL_V5_RET60_MAX_100,pre,BULL,2020-07-16,000910,유니온,KOSPI,2020-07-23,2020-07-24,2020-07-28,0.1276122448979592,12761224.48979592,TRAIL,0.276707530647986,0.9792027729636048,0.08379994305779634,1.0,0.0,0.09375,0.2935415319227571,8.519214887308713,163744693000.0,0.23809523809523808,0.22448979591836735,0.5102040816326531,-0.034013605442176874,0.29931972789115646,0.5102040816326531,-0.034013605442176874,0.1673469387755102,0.5102040816326531,-0.034013605442176874,-0.004081632653061225,0.5102040816326531,-0.058503401360544216
KOSPI,KOSPI_BULL_V5_RET60_MAX_100,pre,BULL,2020-11-10,004270,남성,KOSPI,2020-11-17,2020-11-18,2020-12-24,-0.03174251497005988,-3174251.497005988,TRAIL,0.3831891223733004,0.48713235294117646,0.34043963327073906,1.0,0.0,0.11315789473684211,0.1337443044760118,1.0131930691879314,51526996290.0,0.029940119760479042,0.081437125748503,0.23592814371257484,-0.031137724550898204,0.1089820359281437,0.23592814371257484,-0.031137724550898204,0.07544910179640718,0.23592814371257484,-0.031137724550898204,-0.06227544910179641,0.23592814371257484,-0.16766467065868262
KOSPI,KOSPI_BULL_V5_RET60_MAX_100,pre,BULL,2020-11-10,105840,우진,KOSPI,2020-11-17,2020-11-18,2020-12-02,-0.123,-12300000.0,STOP,0.37244348762109797,0.21437908496732025,0.18145785201042833,1.0,0.0,0.09165808444902163,0.14668974469926438,0.8243351234215328,12198564800.0,0.02091254752851711,-0.06749049429657794,0.08555133079847908,-0.07699619771863118,-0.1188212927756654,0.08555133079847908,-0.12167300380228137,-0.1806083650190114,0.08555133079847908,-0.19106463878326996,-0.23479087452471484,0.08555133079847908,-0.29277566539923955
KOSPI,KOSPI_BULL_V5_RET60_MAX_100,pre,BULL,2020-11-30,023960,에쓰씨엔지니어링,KOSPI,2020-12-07,2020-12-08,2020-12-16,0.5342750642673522,53427506.426735215,TRAIL,0.3522727272727273,0.375,0.24352331606217623,1.0,0.0,0.24848484848484848,1.1604614577871002,1.1343767272177931,6434904400.0,0.04113110539845758,0.7737789203084833,0.9254498714652957,0.0,0.30848329048843187,0.9254498714652957,0.0,0.8431876606683805,1.056555269922879,0.0,0.2133676092544987,1.3624678663239074,0.0
KOSPI,KOSPI_BULL_V5_RET60_MAX_100,pre,BULL,2020-12-02,001230,동국제강,KOSPI,2020-12-09,2020-12-10,2021-01-26,0.10625449871465295,10625449.871465296,MAX,0.27916120576671033,0.22275641025641027,0.14156048175946942,0.9333333333333333,0.06666666666666667,0.07660738714090287,0.056021469305602145,1.0050536466053983,16637117040.0,0.011568123393316195,0.03470437017994859,0.04498714652956298,-0.014138817480719794,0.0012853470437017994,0.07197943444730077,-0.017994858611825194,0.14781491002570693,0.22879177377892032,-0.019280205655526992,0.33033419023136246,0.37532133676092544,-0.038560411311053984
KOSPI,KOSPI_BULL_V5_RET60_MAX_100,pre,BULL,2020-12-21,001120,LG상사,KOSPI,2020-12-29,2020-12-30,2021-02-16,0.10742944785276073,10742944.785276074,MAX,0.35671342685370744,0.589171974522293,0.3737725979627419,1.0,0.0,0.016632016632016633,0.06373721992603872,0.3993910334636641,7531895850.0,0.010224948875255624,0.11451942740286299,0.18200408997955012,-0.002044989775051125,0.08997955010224949,0.18200408997955012,-0.002044989775051125,0.07975460122699386,0.19427402862985685,-0.002044989775051125,0.3047034764826176,0.34355828220858897,-0.002044989775051125
KOSPI,KOSPI_BULL_V5_RET60_MAX_100,pre,BULL,2020-12-23,001530,DI동일,KOSPI,2021-01-04,2021-01-05,2021-02-18,0.16046153846153846,16046153.846153846,MAX,0.3511450381679389,0.5197215777262181,0.4134656883901597,1.0,0.0,0.03666666666666667,0.2923332640764596,0.8326428838105189,5774181500.0,0.057692307692307696,0.041666666666666664,0.18269230769230768,-0.022435897435897436,0.08653846153846154,0.18269230769230768,-0.022435897435897436,0.20512820512820512,0.4423076923076923,-0.022435897435897436,0.08653846153846154,0.4423076923076923,-0.13141025641025642
KOSPI,KOSPI_BULL_V5_RET60_MAX_100,pre,BULL,2021-01-11,034300,신세계건설,KOSPI,2021-01-18,2021-01-19,2021-01-22,-0.063,-6300000.0,EARLY_FAIL_CLOSE,0.2956381260096931,0.4036281179138322,0.30466856359995786,1.0,0.0,0.2430379746835443,0.6347594473114699,4.102655335976728,61992923500.0,0.10185185185185185,-0.1,0.16111111111111112,-0.10648148148148148,-0.07407407407407407,0.16111111111111112,-0.18796296296296297,-0.1111111111111111,0.16111111111111112,-0.18796296296296297,-0.10833333333333334,0.16111111111111112,-0.2462962962962963
KOSPI,KOSPI_BULL_V5_RET60_MAX_100,pre,BULL,2021-03-17,267270,현대건설기계,KOSPI,2021-03-24,2021-03-25,2021-06-10,0.04868986083499006,4868986.083499006,TRAIL,0.3703339882121807,0.43582510578279265,0.38371618866385754,0.9344262295081968,0.06557377049180328,0.05747126436781609,0.17251766886803382,0.8376618728303759,24572574400.0,0.03777335984095427,0.03578528827037773,0.14314115308151093,-0.017892644135188866,0.0536779324055666,0.14314115308151093,-0.017892644135188866,0.13518886679920478,0.16302186878727634,-0.02584493041749503,0.10934393638170974,0.3558648111332008,-0.02584493041749503
KOSPI,KOSPI_BULL_V5_RET60_MAX_100,pre,BULL,2021-06-18,000680,LS네트웍스,KOSPI,2021-06-25,2021-06-28,2021-07-07,0.07027586206896551,7027586.206896551,TRAIL,0.35900783289817234,0.34385964912280703,0.20813837337679414,1.0,0.0,0.2874493927125506,0.23319544984488108,13.686462432896993,121085143020.0,0.1875,0.09698275862068965,0.35560344827586204,-0.0021551724137931034,0.05387931034482758,0.35560344827586204,-0.0021551724137931034,-0.08189655172413793,0.35560344827586204,-0.09159482758620689,-0.16702586206896552,0.35560344827586204,-0.23060344827586207
KOSPI,KOSPI_BULL_V5_RET60_MAX_100,pre,BULL,2021-09-06,138490,코오롱플라스틱,KOSPI,2021-09-13,2021-09-14,2021-10-06,0.32641176470588235,32641176.470588233,TRAIL,0.36847290640394087,0.5567484662576687,0.32986854173035773,1.0,0.0,0.06719367588932806,0.5306122448979592,0.5292047263890053,32754010500.0,0.011764705882352941,0.29411764705882354,0.37254901960784315,-0.07450980392156863,0.6509803921568628,0.8666666666666667,-0.07450980392156863,0.49019607843137253,0.8666666666666667,-0.07450980392156863,-0.03137254901960784,0.8666666666666667,-0.07450980392156863
KOSPI,KOSPI_BULL_V5_RET60_MAX_100,train,BULL,2022-11-14,004360,세방,KOSPI,2022-11-21,2022-11-22,2023-02-17,1.095434004474273,109543400.4474273,MAX,0.2645631067961165,0.5725190839694656,0.34377038486627526,0.9736842105263158,0.02631578947368421,0.0585480093676815,0.20021242697822622,1.7457500614073507,9147530800.0,0.08277404921700224,0.1342281879194631,0.203579418344519,-0.0022371364653243847,0.319910514541387,0.44966442953020136,-0.0022371364653243847,0.24161073825503357,0.44966442953020136,-0.0022371364653243847,1.0984340044742729,1.366890380313199,-0.0022371364653243847
KOSPI,KOSPI_BULL_V5_RET60_MAX_100,train,BULL,2023-01-20,003530,한화투자증권,KOSPI,2023-01-31,2023-02-01,2023-03-03,-0.123,-12300000.0,STOP,0.3060556464811784,0.22690763052208834,0.17466115543593194,0.9512195121951219,0.04878048780487805,0.05188679245283019,0.1843852350181464,1.214713106986955,9934084695.0,0.10463378176382661,-0.01943198804185351,0.16741405082212257,-0.06726457399103139,-0.08669656203288491,0.16741405082212257,-0.09267563527653214,-0.08968609865470852,0.16741405082212257,-0.10164424514200299,-0.18385650224215247,0.16741405082212257,-0.21973094170403587
KOSPI,KOSPI_BULL_V5_RET60_MAX_100,train,BULL,2023-07-17,023810,인팩,KOSPI,2023-07-24,2023-07-25,2023-08-07,-0.123,-12300000.0,STOP,0.38176197836166925,0.3005025125628141,0.25507185464185844,0.930379746835443,0.06962025316455696,0.0864,0.14856007104495283,0.5754204691255768,4308608080.0,0.0336996336996337,0.07252747252747253,0.12527472527472527,-0.04322344322344322,-0.0989010989010989,0.12527472527472527,-0.12967032967032968,-0.24761904761904763,0.12527472527472527,-0.26593406593406593,-0.4,0.12527472527472527,-0.41904761904761906
KOSPI,KOSPI_BULL_V5_RET60_MAX_100,train,BULL,2023-07-21,005490,POSCO홀딩스,KOSPI,2023-07-28,2023-07-31,2023-08-02,-0.063,-6300000.0,EARLY_FAIL_CLOSE,0.3103448275862069,0.38268506900878296,0.39691124585384396,1.0,0.0,0.05631399317406143,0.27026472398932894,1.3044189445644259,2546860025000.0,0.015822784810126583,-0.11234177215189874,0.04746835443037975,-0.12183544303797468,-0.08702531645569621,0.04746835443037975,-0.12183544303797468,-0.07753164556962025,0.04746835443037975,-0.16930379746835442,-0.34889240506329117,0.04746835443037975,-0.3575949367088608
KOSPI,KOSPI_BULL_V5_RET60_MAX_100,train,BULL,2023-07-21,010100,한국무브넥스,KOSPI,2023-07-28,2023-07-31,2023-08-03,0.07736622583926754,7736622.583926754,TRAIL,0.25274725274725274,0.5423728813559322,0.21241728471821286,0.9846153846153847,0.015384615384615385,0.06111111111111111,0.13832767149412956,0.6867274703834256,5590240525.0,0.18209562563580875,-0.017293997965412006,0.3611393692777213,-0.028484231943031537,-0.030518819938962362,0.3611393692777213,-0.10579857578840285,0.0,0.3611393692777213,-0.1353001017293998,0.8107833163784334,0.9165818921668362,-0.1353001017293998
KOSPI,KOSPI_BULL_V5_RET60_MAX_100,train,BULL,2023-07-21,058430,포스코스틸리온,KOSPI,2023-07-28,2023-07-31,2023-08-03,-0.063,-6300000.0,EARLY_FAIL_CLOSE,0.3785919540229885,0.21043478260869566,0.35725429017160687,0.9411764705882353,0.058823529411764705,0.15146579804560262,0.12168808503887038,0.8380623675769191,65609670700.0,0.05329593267882188,-0.17110799438990182,0.08976157082748948,-0.17952314165497896,-0.1570827489481066,0.08976157082748948,-0.17952314165497896,-0.17391304347826086,0.08976157082748948,-0.2496493688639551,-0.3380084151472651,0.20196353436185133,-0.34642356241234223
KOSPI,KOSPI_BULL_V5_RET60_MAX_100,train,BULL,2023-12-21,180640,한진칼,KOSPI,2024-01-02,2024-01-03,2024-02-16,-0.085687338501292,-8568733.8501292,MAX,0.3236111111111111,0.7932752179327521,0.4644564222516018,0.9444444444444444,0.05555555555555555,0.09523809523809523,0.26465593919301367,1.6177126704668339,16729013200.0,0.007751937984496124,0.056847545219638244,0.08010335917312661,-0.02454780361757106,-0.016795865633074936,0.08397932816537468,-0.040051679586563305,-0.056847545219638244,0.08397932816537468,-0.1124031007751938,-0.2054263565891473,0.12919896640826872,-0.28552971576227393
KOSPI,KOSPI_BULL_V5_RET60_MAX_100,train,BULL,2024-03-06,267260,HD현대일렉트릭,KOSPI,2024-03-13,2024-03-14,2024-04-16,0.4113835616438356,41138356.16438356,TRAIL,0.32426470588235295,0.6365824308062575,0.3512618401006822,0.9545454545454546,0.045454545454545456,0.09293680297397769,0.13966740318641702,2.0750577986184267,104706042000.0,0.07054794520547945,0.1136986301369863,0.11438356164383562,-0.005479452054794521,0.22397260273972602,0.2671232876712329,-0.005479452054794521,0.6095890410958904,0.8184931506849316,-0.005479452054794521,0.886986301369863,1.1506849315068493,-0.005479452054794521
KOSPI,KOSPI_BULL_V5_RET60_MAX_100,train,BULL,2025-02-11,017810,풀무원,KOSPI,2025-02-18,2025-02-19,2025-03-31,0.046213943950786054,4621394.395078605,TRAIL,0.26495079485238454,0.28377065111758987,0.19641347663325678,1.0,0.0,0.06149341142020498,0.21628989640565366,1.5341833626914758,7022930000.0,0.00888585099111415,0.25153793574846206,0.32057416267942584,-0.007518796992481203,0.24060150375939848,0.32057416267942584,-0.007518796992481203,0.12850307587149692,0.32057416267942584,-0.007518796992481203,-0.13123718386876282,0.32057416267942584,-0.13875598086124402
KOSPI,KOSPI_BULL_V5_RET60_MAX_100,train,BULL,2025-02-17,100840,SNT에너지,KOSPI,2025-02-24,2025-02-25,2025-03-26,-0.012708737864077668,-1270873.7864077669,TRAIL,0.26455026455026454,0.974233983286908,0.2846849840641662,0.9866666666666667,0.013333333333333334,0.07204116638078903,0.1309146837962544,1.171148446484351,22967937500.0,0.059870550161812294,0.19741100323624594,0.22653721682847897,-0.03559870550161812,0.030744336569579287,0.24271844660194175,-0.03559870550161812,-0.009708737864077669,0.24271844660194175,-0.042071197411003236,0.41423948220064727,0.5792880258899676,-0.08090614886731391
KOSPI,KOSPI_BULL_V5_RET60_MAX_100,train,BULL,2025-05-26,004690,삼천리,KOSPI,2025-06-02,2025-06-04,2025-07-17,0.1730409057706355,17304090.57706355,MAX,0.2561078348778433,0.3188888888888889,0.28481743397315623,0.953125,0.046875,0.024427480916030534,0.23995195417167145,1.3057871440489284,4946746200.0,0.013148283418553688,0.0007304601899196494,0.03433162892622352,-0.039444850255661065,-0.013148283418553688,0.06281957633308985,-0.039444850255661065,0.03798392987582177,0.06281957633308985,-0.06428049671292914,-0.06939371804236669,0.2914536157779401,-0.09934258582907232
KOSPI,KOSPI_BULL_V5_RET60_MAX_100,train,BULL,2025-06-04,064350,현대로템,KOSPI,2025-06-12,2025-06-13,2025-07-25,0.07010420076377523,7010420.076377523,MAX,0.3529788597053171,0.7578828828828829,0.3957647199082009,1.0,0.0,0.037528868360277134,0.2993022667293301,1.0196833425439031,265123629600.0,0.019094380796508457,0.15657392253136934,0.20021822149481724,-0.02564102564102564,0.09656301145662848,0.20294599018003273,-0.02564102564102564,0.008183306055646482,0.20294599018003273,-0.055100927441352976,0.14839061647572285,0.20294599018003273,-0.09983633387888707
KOSPI,KOSPI_BULL_V5_RET60_MAX_100,train,BULL,2025-07-01,037270,YG PLUS,KOSPI,2025-07-08,2025-07-09,2025-07-18,-0.123,-12300000.0,STOP,0.32690124858115777,0.7514910536779325,0.4285328216631083,0.9420289855072463,0.057971014492753624,0.06467065868263473,0.11243195895639116,1.3988317508249326,27407123240.0,0.09613259668508287,-0.07955801104972375,0.12044198895027625,-0.09502762430939227,0.0033149171270718232,0.2596685082872928,-0.1281767955801105,-0.004419889502762431,0.2596685082872928,-0.1281767955801105,-0.17458563535911603,0.2596685082872928,-0.18011049723756906
KOSPI,KOSPI_BULL_V5_RET60_MAX_100,train,BULL,2025-07-08,484870,엠앤씨솔루션,KOSPI,2025-07-15,2025-07-16,2025-07-29,-0.123,-12300000.0,STOP,0.3422818791946309,0.9151670951156813,0.2442242387129099,1.0,0.0,0.07047175305765871,0.17688490475428206,0.8641580283030207,9381887200.0,0.029923830250272034,-0.002176278563656148,0.0750816104461371,-0.036996735582154515,-0.10718171926006528,0.0750816104461371,-0.13710554951033732,-0.13166485310119697,0.0750816104461371,-0.18063112078346028,0.015233949945593036,0.2513601741022851,-0.2584330794341676
KOSPI,KOSPI_BULL_V5_RET60_MAX_100,post,BULL,2025-09-15,031210,서울보증보험,KOSPI,2025-09-22,2025-09-23,2025-11-11,0.04559813084112149,4559813.08411215,MAX,0.2569832402234637,0.30339805825242716,0.24649399384877257,1.0,0.0,0.0,0.13484153351262987,0.7324837838535435,4503974600.0,0.005607476635514018,-0.044859813084112146,0.016822429906542057,-0.0616822429906542,-0.0691588785046729,0.028037383177570093,-0.07570093457943926,-0.05794392523364486,0.028037383177570093,-0.102803738317757,-0.05420560747663551,0.06542056074766354,-0.102803738317757
KOSPI,KOSPI_BULL_V5_RET60_MAX_100,post,BULL,2025-10-22,000660,SK하이닉스,KOSPI,2025-10-29,2025-10-30,2025-12-11,0.009544802867383514,954480.2867383513,MAX,0.3509865005192108,0.7932960893854749,0.5277630883130617,0.9722222222222222,0.027777777777777776,0.03717472118959108,0.2698412698412698,1.1953036095123852,2680091298000.0,0.017921146953405017,0.06272401433691756,0.11827956989247312,-0.04659498207885305,0.0967741935483871,0.15770609318996415,-0.04659498207885305,-0.025089605734767026,0.15770609318996415,-0.10215053763440861,0.507168458781362,0.5304659498207885,-0.10215053763440861
KOSPI,KOSPI_BULL_V5_RET60_MAX_100,post,BULL,2026-01-06,105840,우진,KOSPI,2026-01-13,2026-01-14,2026-03-03,0.08985714285714286,8985714.285714285,TRAIL,0.2818134981968058,0.3035594358629953,0.18374109348159734,0.9565217391304348,0.043478260869565216,0.024509803921568627,0.11001938550601482,0.6956141088052983,19747615800.0,0.016666666666666666,0.24761904761904763,0.36428571428571427,-0.03571428571428571,0.24523809523809523,0.39285714285714285,-0.03571428571428571,0.2,0.39285714285714285,-0.03571428571428571,0.12857142857142856,0.5095238095238095,-0.1380952380952381
KOSPI,KOSPI_BULL_V5_RET60_MAX_100,post,BULL,2026-01-07,005935,삼성전자우,KOSPI,2026-01-14,2026-01-15,2026-03-04,0.1094031007751938,10940310.07751938,TRAIL,0.2623426911907067,0.4757142857142857,0.2900405869497346,0.9545454545454546,0.045454545454545456,0.018627450980392157,0.13328970331588133,0.8321760023329035,287159755100.0,0.03488372093023256,0.07848837209302326,0.11337209302325581,-0.006782945736434108,0.12015503875968993,0.17344961240310078,-0.006782945736434108,0.18313953488372092,0.18313953488372092,-0.006782945736434108,0.4011627906976744,0.45348837209302323,-0.006782945736434108
KOSPI,KOSPI_BULL_V5_RET60_MAX_100,post,BULL,2026-01-27,005930,삼성전자,KOSPI,2026-02-03,2026-02-04,2026-03-04,0.05021100917431193,5021100.9174311925,TRAIL,0.29529780564263325,0.5870646766169154,0.37411156579797544,1.0,0.0,0.060797973400886635,0.12047628603919995,1.2027071987849838,6118743677500.0,0.03425076452599388,0.026299694189602447,0.036085626911314984,-0.072782874617737,0.18042813455657492,0.20856269113149847,-0.072782874617737,0.1492354740061162,0.363914373088685,-0.072782874617737,0.6605504587155964,0.6941896024464832,-0.072782874617737
KOSPI,KOSPI_BULL_V5_RET60_MAX_100,post,BULL,2026-01-27,000660,SK하이닉스,KOSPI,2026-02-03,2026-02-04,2026-03-04,-0.042592760180995476,-4259276.018099547,TRAIL,0.2625,0.4336917562724014,0.28942137215924346,1.0,0.0,0.03775743707093822,0.16066287030520188,1.0907865385229463,4782191966000.0,0.01809954751131222,-0.027149321266968326,0.024886877828054297,-0.10520361990950226,0.0757918552036199,0.1085972850678733,-0.10520361990950226,0.06108597285067873,0.24321266968325791,-0.10520361990950226,0.8710407239819005,0.8834841628959276,-0.10520361990950226
KOSPI,KOSPI_BULL_V5_RET60_MAX_100,post,BULL,2026-01-27,005935,삼성전자우,KOSPI,2026-02-03,2026-02-04,2026-03-04,-0.018437392795883363,-1843739.2795883364,TRAIL,0.2557117750439367,0.42428035043804757,0.3014886682042583,1.0,0.0,0.05327510917030567,0.0992616899097621,0.8287950780446725,427276634400.0,0.03344768439108062,-0.004288164665523156,0.03516295025728988,-0.08404802744425385,0.1672384219554031,0.19897084048027444,-0.08404802744425385,0.153516295025729,0.2864493996569468,-0.08404802744425385,0.5900514579759862,0.6698113207547169,-0.08404802744425385
KOSPI,KOSPI_BULL_V5_RET60_MAX_100,post,BULL,2026-01-27,000270,기아,KOSPI,2026-02-03,2026-02-04,2026-03-04,0.007315925209542231,731592.5209542231,TRAIL,0.3824104234527687,0.32556131260794474,0.2201584483717973,1.0,0.0,0.02598267821452365,0.027214514407684097,0.542698880693723,206586996000.0,0.01096067053513862,0.04319793681495809,0.04448742746615087,-0.039329464861379754,0.11347517730496454,0.1399097356544165,-0.039329464861379754,0.038039974210186976,0.37008381689232756,-0.039329464861379754,0.016118633139909737,0.37008381689232756,-0.07285622179239201
KOSPI,KOSPI_BULL_V5_RET60_MAX_100,post,BULL,2026-01-27,004800,효성,KOSPI,2026-02-03,2026-02-04,2026-03-04,-0.10722343324250681,-10722343.324250681,TRAIL,0.3586666666666667,0.22050447518307567,0.12310476071629117,0.9207920792079208,0.07920792079207921,0.036440084092501754,0.03300157150340492,0.6319609339936398,6091409400.0,0.02111716621253406,0.006130790190735695,0.04632152588555858,-0.07970027247956403,0.1737057220708447,0.17983651226158037,-0.07970027247956403,-0.04700272479564033,0.2098092643051771,-0.10831062670299728,0.8801089918256131,1.1662125340599454,-0.13555858310626703
KOSPI,KOSPI_BULL_V5_RET60_MAX_100,post,BULL,2026-02-04,012630,HDC,KOSPI,2026-02-11,2026-02-12,2026-05-13,0.13347058823529412,13347058.823529411,TRAIL,0.25415676959619954,0.22028985507246376,0.18963519737771625,0.9444444444444444,0.05555555555555555,0.009523809523809525,0.1335079933700476,0.7599281686007019,3474574000.0,0.009411764705882352,0.15294117647058825,0.18352941176470589,-0.009411764705882352,0.06352941176470588,0.24235294117647058,-0.009411764705882352,0.17882352941176471,0.24235294117647058,-0.009411764705882352,0.13647058823529412,0.4423529411764706,-0.009411764705882352
KOSPI,KOSPI_BULL_V5_RET60_MAX_100,post,BULL,2026-04-24,015860,일진홀딩스,KOSPI,2026-05-04,2026-05-06,2026-05-18,-0.123,-12300000.0,STOP,0.3246346555323591,0.3268698060941828,0.22833636072229935,1.0,0.0,0.2869481765834933,0.5348517797871123,7.990725164856691,41901771060.0,0.015659955257270694,0.07009694258016405,0.1506338553318419,-0.0686055182699478,-0.2117822520507084,0.1506338553318419,-0.2535421327367636,,,,,,
KOSPI,KOSPI_BULL_V5_RET60_MAX_080,pre,BULL,2012-09-07,000300,대유신소재,KOSPI,2012-09-14,2012-09-17,2012-09-20,-0.063,-6300000.0,EARLY_FAIL_CLOSE,0.2574712643678161,0.20498614958448755,0.0758006677383455,1.0,0.0,0.0016666666666666668,0.3597285067873303,2.9005344468837078,42321022675.0,0.021487603305785124,-0.2231404958677686,0.06446280991735537,-0.2578512396694215,-0.28429752066115704,0.06446280991735537,-0.33884297520661155,-0.3851239669421488,0.06446280991735537,-0.41983471074380163,-0.5289256198347108,0.06446280991735537,-0.5669421487603306
KOSPI,KOSPI_BULL_V5_RET60_MAX_080,pre,BULL,2012-09-18,105630,한세실업,KOSPI,2012-09-25,2012-09-26,2012-12-07,0.13132835820895522,13132835.820895523,TRAIL,0.2596899224806202,0.205607476635514,0.21763206745744573,0.9285714285714286,0.07142857142857142,0.03076923076923077,0.07630522088353414,1.099556048770412,5093098800.0,0.022388059701492536,0.11940298507462686,0.16417910447761194,-0.011194029850746268,0.12313432835820895,0.16417910447761194,-0.011194029850746268,0.13432835820895522,0.2462686567164179,-0.011194029850746268,0.1865671641791045,0.44029850746268656,-0.011194029850746268
KOSPI,KOSPI_BULL_V5_RET60_MAX_080,pre,BULL,2013-05-16,004960,한신공영,KOSPI,2013-05-24,2013-05-27,2013-06-07,-0.123,-12300000.0,STOP,0.3008695652173913,0.29504504504504503,0.25818274648529393,1.0,0.0,0.036734693877551024,0.24699297952771368,1.2394867330993717,3593325300.0,0.01568627450980392,0.043137254901960784,0.09411764705882353,-0.00784313725490196,-0.00392156862745098,0.09411764705882353,-0.12156862745098039,-0.09019607843137255,0.09411764705882353,-0.13333333333333333,0.00392156862745098,0.14901960784313725,-0.13333333333333333
KOSPI,KOSPI_BULL_V5_RET60_MAX_080,pre,BULL,2013-07-16,000420,로케트전기,KOSPI,2013-07-23,2013-07-24,2013-08-08,-0.123,-12300000.0,STOP,0.2733812949640288,0.7245657568238213,0.2490826581197862,1.0,0.0,0.149812734082397,0.20866141732283464,2.7829277111646302,28132270420.0,0.03571428571428571,-0.07467532467532467,0.10064935064935066,-0.11363636363636363,-0.11038961038961038,0.10064935064935066,-0.11688311688311688,-0.32142857142857145,0.10064935064935066,-0.34415584415584416,-0.33116883116883117,0.10064935064935066,-0.37662337662337664
KOSPI,KOSPI_BULL_V5_RET60_MAX_080,pre,BULL,2013-08-06,011200,현대상선,KOSPI,2013-08-13,2013-08-14,2013-08-20,-0.027553571428571427,-2755357.1428571427,TRAIL,0.27899686520376177,0.5336538461538461,0.15508563565919542,1.0,0.0,0.16052631578947368,0.32293385330733465,3.1807367917102476,166931950500.0,0.029017857142857144,0.015625,0.25223214285714285,-0.05580357142857143,-0.1875,0.25223214285714285,-0.20982142857142858,-0.11160714285714286,0.25223214285714285,-0.20982142857142858,-0.49776785714285715,0.25223214285714285,-0.5133928571428571
KOSPI,KOSPI_BULL_V5_RET60_MAX_080,pre,BULL,2014-06-30,002450,삼익악기,KOSPI,2014-07-07,2014-07-08,2014-07-28,-0.123,-12300000.0,STOP,0.25318066157760816,0.31,0.1730759663698324,1.0,0.0,0.061068702290076333,0.047607084537118455,1.0775678703069722,28750031640.0,0.010895883777239709,0.007263922518159807,0.044794188861985475,-0.04721549636803874,-0.023002421307506054,0.044794188861985475,-0.04721549636803874,-0.09443099273607748,0.044794188861985475,-0.2457627118644068,0.03753026634382567,0.07990314769975787,-0.2457627118644068
KOSPI,KOSPI_BULL_V5_RET60_MAX_080,pre,BULL,2014-07-24,002020,코오롱,KOSPI,2014-07-31,2014-08-01,2014-08-18,-0.123,-12300000.0,STOP,0.3709150326797386,0.38461538461538464,0.30430149540013507,0.9565217391304348,0.043478260869565216,0.057432432432432436,0.11288888888888889,1.3389355595729262,5606549900.0,0.021103896103896104,-0.025974025974025976,0.02922077922077922,-0.07142857142857142,-0.09090909090909091,0.02922077922077922,-0.12012987012987013,-0.125,0.02922077922077922,-0.14935064935064934,-0.19155844155844157,0.02922077922077922,-0.28084415584415584
KOSPI,KOSPI_BULL_V5_RET60_MAX_080,pre,BULL,2014-08-25,001040,CJ,KOSPI,2014-09-01,2014-09-02,2014-10-13,-0.123,-12300000.0,STOP,0.2786885245901639,0.2708333333333333,0.21722742641760442,0.9230769230769231,0.07692307692307693,0.01971830985915493,0.07338769458858414,0.7081600965803266,11169329000.0,0.013888888888888888,-0.030555555555555555,0.05555555555555555,-0.03611111111111111,-0.008333333333333333,0.05555555555555555,-0.05555555555555555,-0.06111111111111111,0.07222222222222222,-0.08055555555555556,-0.1111111111111111,0.07222222222222222,-0.1527777777777778
KOSPI,KOSPI_BULL_V5_RET60_MAX_080,pre,BULL,2015-03-20,007070,GS리테일,KOSPI,2015-03-27,2015-03-30,2015-05-13,0.18747619047619046,18747619.047619045,MAX,0.2571428571428571,0.27884615384615385,0.220370087169292,1.0,0.0,0.04487179487179487,0.07920218488785898,0.5945239249945912,5858676400.0,0.019969278033794162,-0.007680491551459293,0.03840245775729647,-0.026113671274961597,0.0629800307219662,0.12135176651305683,-0.026113671274961597,0.15360983102918588,0.21351766513056836,-0.026113671274961597,0.4362519201228879,0.45161290322580644,-0.026113671274961597
KOSPI,KOSPI_BULL_V5_RET60_MAX_080,pre,BULL,2015-04-01,003475,유안타증권우,KOSPI,2015-04-08,2015-04-09,2015-04-29,-0.04330501089324619,-4330501.089324619,TRAIL,0.31398809523809523,0.5101123595505618,0.3981552118732229,1.0,0.0,0.1273644388398487,0.45650048875855326,5.912380661953922,5997215730.0,0.08932461873638345,0.08496732026143791,0.25054466230936817,-0.0196078431372549,0.023965141612200435,0.25054466230936817,-0.0196078431372549,-0.11328976034858387,0.25054466230936817,-0.2113289760348584,-0.18736383442265794,0.25054466230936817,-0.21568627450980393
KOSPI,KOSPI_BULL_V5_RET60_MAX_080,pre,BULL,2015-04-03,005250,녹십자홀딩스,KOSPI,2015-04-10,2015-04-13,2015-05-07,-0.123,-12300000.0,STOP,0.25402504472271914,0.3768472906403941,0.2112676056338028,1.0,0.0,0.034129692832764506,0.12066574202496533,1.04951990575112,3970633200.0,0.009771986970684038,0.05863192182410423,0.0749185667752443,-0.04071661237785016,-0.019543973941368076,0.0749185667752443,-0.06677524429967427,-0.02768729641693811,0.0749185667752443,-0.13192182410423453,0.42671009771986973,1.019543973941368,-0.13192182410423453
KOSPI,KOSPI_BULL_V5_RET60_MAX_080,pre,BULL,2015-04-10,011280,태림포장,KOSPI,2015-04-17,2015-04-20,2015-06-02,0.13671742543171114,13671742.543171113,TRAIL,0.2705530642750374,0.5273972602739726,0.31026603558021876,0.9333333333333333,0.06666666666666667,0.009404388714733543,0.036452884847509456,1.686992393118684,3798469780.0,0.018838304552590265,0.09105180533751962,0.09105180533751962,-0.09733124018838304,0.058084772370486655,0.24646781789638933,-0.09733124018838304,0.25745682888540034,0.478806907378336,-0.09733124018838304,0.2653061224489796,0.478806907378336,-0.09733124018838304
KOSPI,KOSPI_BULL_V5_RET60_MAX_080,pre,BULL,2016-03-22,145270,케이탑리츠,KOSPI,2016-03-29,2016-03-30,2016-04-04,-0.063,-6300000.0,EARLY_FAIL_CLOSE,0.39730639730639733,0.23236514522821577,0.2466769273821183,0.96875,0.03125,0.07446808510638298,0.3074433656957929,1.4369058692018148,8139426380.0,0.05172413793103448,-0.06403940886699508,0.10591133004926108,-0.12561576354679804,-0.29802955665024633,0.10591133004926108,-0.3694581280788177,-0.2684729064039409,0.10591133004926108,-0.3694581280788177,-0.18719211822660098,0.10591133004926108,-0.3694581280788177
KOSPI,KOSPI_BULL_V5_RET60_MAX_080,pre,BULL,2017-02-23,008700,아남전자,KOSPI,2017-03-03,2017-03-06,2017-04-04,1.1008251366120219,110082513.66120219,TRAIL,0.371875,0.4479638009049774,0.36732659165361053,1.0,0.0,0.036827195467422094,0.3580705009276438,0.4000766016588516,12073360950.0,0.0273224043715847,0.43989071038251365,0.4672131147540984,-0.040983606557377046,0.6065573770491803,0.6366120218579235,-0.040983606557377046,1.1038251366120218,2.0054644808743167,-0.040983606557377046,0.7049180327868853,2.0054644808743167,-0.040983606557377046
KOSPI,KOSPI_BULL_V5_RET60_MAX_080,pre,BULL,2017-11-22,004130,대덕GDS,KOSPI,2017-11-29,2017-11-30,2018-01-10,-0.123,-12300000.0,STOP,0.39365671641791045,0.45257452574525747,0.36955966272038165,0.96,0.04,0.03508771929824561,0.13570741097208855,1.1096459860201962,9740212650.0,0.038910505836575876,-0.03501945525291829,0.07392996108949416,-0.09533073929961089,-0.06420233463035019,0.07392996108949416,-0.09533073929961089,-0.007782101167315175,0.07392996108949416,-0.10700389105058365,-0.2140077821011673,0.07392996108949416,-0.2918287937743191
KOSPI,KOSPI_BULL_V5_RET60_MAX_080,pre,BULL,2020-02-07,026890,디피씨,KOSPI,2020-02-14,2020-02-17,2020-02-19,-0.063,-6300000.0,EARLY_FAIL_CLOSE,0.38881748071979433,0.4018018018018018,0.44802556069113136,1.0,0.0,0.2833545108005083,0.5308829101932551,3.6196999094051168,495232522300.0,0.0730593607305936,-0.1689497716894977,0.1506849315068493,-0.17625570776255708,-0.12876712328767123,0.1506849315068493,-0.22100456621004566,-0.5159817351598174,0.1506849315068493,-0.5159817351598174,-0.10228310502283106,0.1506849315068493,-0.6671232876712329
KOSPI,KOSPI_BULL_V5_RET60_MAX_080,pre,BULL,2020-02-07,042700,한미반도체,KOSPI,2020-02-14,2020-02-17,2020-02-28,-0.123,-12300000.0,STOP,0.29850746268656714,0.45652173913043476,0.23358832167985452,0.92,0.08,0.003051881993896236,0.06198502881145996,0.7034632502735738,5131617280.0,0.008113590263691683,-0.06795131845841786,0.02434077079107505,-0.07809330628803246,-0.07505070993914807,0.02434077079107505,-0.1440162271805274,-0.27281947261663286,0.02434077079107505,-0.3316430020283976,-0.1389452332657201,0.02434077079107505,-0.4726166328600406
KOSPI,KOSPI_BULL_V5_RET60_MAX_080,pre,BULL,2020-06-05,034730,SK,KOSPI,2020-06-12,2020-06-15,2020-07-08,-0.123,-12300000.0,STOP,0.36186770428015563,0.3967391304347826,0.39471780028943565,1.0,0.0,0.13414634146341464,0.14862083161794978,1.863462200291682,362263086000.0,0.05190311418685121,0.01384083044982699,0.14878892733564014,-0.012110726643598616,0.01384083044982699,0.14878892733564014,-0.02768166089965398,-0.16089965397923875,0.14878892733564014,-0.17647058823529413,-0.26124567474048443,0.14878892733564014,-0.2906574394463668
KOSPI,KOSPI_BULL_V5_RET60_MAX_080,pre,BULL,2020-07-13,009830,한화솔루션,KOSPI,2020-07-20,2020-07-21,2020-09-21,0.5604920634920635,56049206.34920635,TRAIL,0.2736625514403292,0.7419354838709677,0.42501099545521187,1.0,0.0,0.06903765690376569,0.2139208932177218,1.4834222011182714,134348313050.0,0.07539682539682539,0.013888888888888888,0.10912698412698413,-0.005952380952380952,0.07936507936507936,0.125,-0.007936507936507936,0.2757936507936508,0.3373015873015873,-0.007936507936507936,0.7142857142857143,1.0753968253968254,-0.007936507936507936
KOSPI,KOSPI_BULL_V5_RET60_MAX_080,pre,BULL,2020-11-10,004270,남성,KOSPI,2020-11-17,2020-11-18,2020-12-24,-0.03174251497005988,-3174251.497005988,TRAIL,0.3831891223733004,0.48713235294117646,0.34043963327073906,1.0,0.0,0.11315789473684211,0.1337443044760118,1.0131930691879314,51526996290.0,0.029940119760479042,0.081437125748503,0.23592814371257484,-0.031137724550898204,0.1089820359281437,0.23592814371257484,-0.031137724550898204,0.07544910179640718,0.23592814371257484,-0.031137724550898204,-0.06227544910179641,0.23592814371257484,-0.16766467065868262
KOSPI,KOSPI_BULL_V5_RET60_MAX_080,pre,BULL,2020-11-10,105840,우진,KOSPI,2020-11-17,2020-11-18,2020-12-02,-0.123,-12300000.0,STOP,0.37244348762109797,0.21437908496732025,0.18145785201042833,1.0,0.0,0.09165808444902163,0.14668974469926438,0.8243351234215328,12198564800.0,0.02091254752851711,-0.06749049429657794,0.08555133079847908,-0.07699619771863118,-0.1188212927756654,0.08555133079847908,-0.12167300380228137,-0.1806083650190114,0.08555133079847908,-0.19106463878326996,-0.23479087452471484,0.08555133079847908,-0.29277566539923955
KOSPI,KOSPI_BULL_V5_RET60_MAX_080,pre,BULL,2020-11-30,023960,에쓰씨엔지니어링,KOSPI,2020-12-07,2020-12-08,2020-12-16,0.5342750642673522,53427506.426735215,TRAIL,0.3522727272727273,0.375,0.24352331606217623,1.0,0.0,0.24848484848484848,1.1604614577871002,1.1343767272177931,6434904400.0,0.04113110539845758,0.7737789203084833,0.9254498714652957,0.0,0.30848329048843187,0.9254498714652957,0.0,0.8431876606683805,1.056555269922879,0.0,0.2133676092544987,1.3624678663239074,0.0
KOSPI,KOSPI_BULL_V5_RET60_MAX_080,pre,BULL,2020-12-02,001230,동국제강,KOSPI,2020-12-09,2020-12-10,2021-01-26,0.10625449871465295,10625449.871465296,MAX,0.27916120576671033,0.22275641025641027,0.14156048175946942,0.9333333333333333,0.06666666666666667,0.07660738714090287,0.056021469305602145,1.0050536466053983,16637117040.0,0.011568123393316195,0.03470437017994859,0.04498714652956298,-0.014138817480719794,0.0012853470437017994,0.07197943444730077,-0.017994858611825194,0.14781491002570693,0.22879177377892032,-0.019280205655526992,0.33033419023136246,0.37532133676092544,-0.038560411311053984
KOSPI,KOSPI_BULL_V5_RET60_MAX_080,pre,BULL,2020-12-21,001120,LG상사,KOSPI,2020-12-29,2020-12-30,2021-02-16,0.10742944785276073,10742944.785276074,MAX,0.35671342685370744,0.589171974522293,0.3737725979627419,1.0,0.0,0.016632016632016633,0.06373721992603872,0.3993910334636641,7531895850.0,0.010224948875255624,0.11451942740286299,0.18200408997955012,-0.002044989775051125,0.08997955010224949,0.18200408997955012,-0.002044989775051125,0.07975460122699386,0.19427402862985685,-0.002044989775051125,0.3047034764826176,0.34355828220858897,-0.002044989775051125
KOSPI,KOSPI_BULL_V5_RET60_MAX_080,pre,BULL,2020-12-23,001530,DI동일,KOSPI,2021-01-04,2021-01-05,2021-02-18,0.16046153846153846,16046153.846153846,MAX,0.3511450381679389,0.5197215777262181,0.4134656883901597,1.0,0.0,0.03666666666666667,0.2923332640764596,0.8326428838105189,5774181500.0,0.057692307692307696,0.041666666666666664,0.18269230769230768,-0.022435897435897436,0.08653846153846154,0.18269230769230768,-0.022435897435897436,0.20512820512820512,0.4423076923076923,-0.022435897435897436,0.08653846153846154,0.4423076923076923,-0.13141025641025642
KOSPI,KOSPI_BULL_V5_RET60_MAX_080,pre,BULL,2021-01-11,034300,신세계건설,KOSPI,2021-01-18,2021-01-19,2021-01-22,-0.063,-6300000.0,EARLY_FAIL_CLOSE,0.2956381260096931,0.4036281179138322,0.30466856359995786,1.0,0.0,0.2430379746835443,0.6347594473114699,4.102655335976728,61992923500.0,0.10185185185185185,-0.1,0.16111111111111112,-0.10648148148148148,-0.07407407407407407,0.16111111111111112,-0.18796296296296297,-0.1111111111111111,0.16111111111111112,-0.18796296296296297,-0.10833333333333334,0.16111111111111112,-0.2462962962962963
KOSPI,KOSPI_BULL_V5_RET60_MAX_080,pre,BULL,2021-03-17,267270,현대건설기계,KOSPI,2021-03-24,2021-03-25,2021-06-10,0.04868986083499006,4868986.083499006,TRAIL,0.3703339882121807,0.43582510578279265,0.38371618866385754,0.9344262295081968,0.06557377049180328,0.05747126436781609,0.17251766886803382,0.8376618728303759,24572574400.0,0.03777335984095427,0.03578528827037773,0.14314115308151093,-0.017892644135188866,0.0536779324055666,0.14314115308151093,-0.017892644135188866,0.13518886679920478,0.16302186878727634,-0.02584493041749503,0.10934393638170974,0.3558648111332008,-0.02584493041749503
KOSPI,KOSPI_BULL_V5_RET60_MAX_080,pre,BULL,2021-06-18,000680,LS네트웍스,KOSPI,2021-06-25,2021-06-28,2021-07-07,0.07027586206896551,7027586.206896551,TRAIL,0.35900783289817234,0.34385964912280703,0.20813837337679414,1.0,0.0,0.2874493927125506,0.23319544984488108,13.686462432896993,121085143020.0,0.1875,0.09698275862068965,0.35560344827586204,-0.0021551724137931034,0.05387931034482758,0.35560344827586204,-0.0021551724137931034,-0.08189655172413793,0.35560344827586204,-0.09159482758620689,-0.16702586206896552,0.35560344827586204,-0.23060344827586207
KOSPI,KOSPI_BULL_V5_RET60_MAX_080,pre,BULL,2021-09-06,138490,코오롱플라스틱,KOSPI,2021-09-13,2021-09-14,2021-10-06,0.32641176470588235,32641176.470588233,TRAIL,0.36847290640394087,0.5567484662576687,0.32986854173035773,1.0,0.0,0.06719367588932806,0.5306122448979592,0.5292047263890053,32754010500.0,0.011764705882352941,0.29411764705882354,0.37254901960784315,-0.07450980392156863,0.6509803921568628,0.8666666666666667,-0.07450980392156863,0.49019607843137253,0.8666666666666667,-0.07450980392156863,-0.03137254901960784,0.8666666666666667,-0.07450980392156863
KOSPI,KOSPI_BULL_V5_RET60_MAX_080,train,BULL,2022-11-14,004360,세방,KOSPI,2022-11-21,2022-11-22,2023-02-17,1.095434004474273,109543400.4474273,MAX,0.2645631067961165,0.5725190839694656,0.34377038486627526,0.9736842105263158,0.02631578947368421,0.0585480093676815,0.20021242697822622,1.7457500614073507,9147530800.0,0.08277404921700224,0.1342281879194631,0.203579418344519,-0.0022371364653243847,0.319910514541387,0.44966442953020136,-0.0022371364653243847,0.24161073825503357,0.44966442953020136,-0.0022371364653243847,1.0984340044742729,1.366890380313199,-0.0022371364653243847
KOSPI,KOSPI_BULL_V5_RET60_MAX_080,train,BULL,2023-01-20,003530,한화투자증권,KOSPI,2023-01-31,2023-02-01,2023-03-03,-0.123,-12300000.0,STOP,0.3060556464811784,0.22690763052208834,0.17466115543593194,0.9512195121951219,0.04878048780487805,0.05188679245283019,0.1843852350181464,1.214713106986955,9934084695.0,0.10463378176382661,-0.01943198804185351,0.16741405082212257,-0.06726457399103139,-0.08669656203288491,0.16741405082212257,-0.09267563527653214,-0.08968609865470852,0.16741405082212257,-0.10164424514200299,-0.18385650224215247,0.16741405082212257,-0.21973094170403587
KOSPI,KOSPI_BULL_V5_RET60_MAX_080,train,BULL,2023-07-17,023810,인팩,KOSPI,2023-07-24,2023-07-25,2023-08-07,-0.123,-12300000.0,STOP,0.38176197836166925,0.3005025125628141,0.25507185464185844,0.930379746835443,0.06962025316455696,0.0864,0.14856007104495283,0.5754204691255768,4308608080.0,0.0336996336996337,0.07252747252747253,0.12527472527472527,-0.04322344322344322,-0.0989010989010989,0.12527472527472527,-0.12967032967032968,-0.24761904761904763,0.12527472527472527,-0.26593406593406593,-0.4,0.12527472527472527,-0.41904761904761906
KOSPI,KOSPI_BULL_V5_RET60_MAX_080,train,BULL,2023-07-21,005490,POSCO홀딩스,KOSPI,2023-07-28,2023-07-31,2023-08-02,-0.063,-6300000.0,EARLY_FAIL_CLOSE,0.3103448275862069,0.38268506900878296,0.39691124585384396,1.0,0.0,0.05631399317406143,0.27026472398932894,1.3044189445644259,2546860025000.0,0.015822784810126583,-0.11234177215189874,0.04746835443037975,-0.12183544303797468,-0.08702531645569621,0.04746835443037975,-0.12183544303797468,-0.07753164556962025,0.04746835443037975,-0.16930379746835442,-0.34889240506329117,0.04746835443037975,-0.3575949367088608
KOSPI,KOSPI_BULL_V5_RET60_MAX_080,train,BULL,2023-07-21,010100,한국무브넥스,KOSPI,2023-07-28,2023-07-31,2023-08-03,0.07736622583926754,7736622.583926754,TRAIL,0.25274725274725274,0.5423728813559322,0.21241728471821286,0.9846153846153847,0.015384615384615385,0.06111111111111111,0.13832767149412956,0.6867274703834256,5590240525.0,0.18209562563580875,-0.017293997965412006,0.3611393692777213,-0.028484231943031537,-0.030518819938962362,0.3611393692777213,-0.10579857578840285,0.0,0.3611393692777213,-0.1353001017293998,0.8107833163784334,0.9165818921668362,-0.1353001017293998
KOSPI,KOSPI_BULL_V5_RET60_MAX_080,train,BULL,2023-07-21,058430,포스코스틸리온,KOSPI,2023-07-28,2023-07-31,2023-08-03,-0.063,-6300000.0,EARLY_FAIL_CLOSE,0.3785919540229885,0.21043478260869566,0.35725429017160687,0.9411764705882353,0.058823529411764705,0.15146579804560262,0.12168808503887038,0.8380623675769191,65609670700.0,0.05329593267882188,-0.17110799438990182,0.08976157082748948,-0.17952314165497896,-0.1570827489481066,0.08976157082748948,-0.17952314165497896,-0.17391304347826086,0.08976157082748948,-0.2496493688639551,-0.3380084151472651,0.20196353436185133,-0.34642356241234223
KOSPI,KOSPI_BULL_V5_RET60_MAX_080,train,BULL,2023-12-21,180640,한진칼,KOSPI,2024-01-02,2024-01-03,2024-02-16,-0.085687338501292,-8568733.8501292,MAX,0.3236111111111111,0.7932752179327521,0.4644564222516018,0.9444444444444444,0.05555555555555555,0.09523809523809523,0.26465593919301367,1.6177126704668339,16729013200.0,0.007751937984496124,0.056847545219638244,0.08010335917312661,-0.02454780361757106,-0.016795865633074936,0.08397932816537468,-0.040051679586563305,-0.056847545219638244,0.08397932816537468,-0.1124031007751938,-0.2054263565891473,0.12919896640826872,-0.28552971576227393
KOSPI,KOSPI_BULL_V5_RET60_MAX_080,train,BULL,2024-03-06,267260,HD현대일렉트릭,KOSPI,2024-03-13,2024-03-14,2024-04-16,0.4113835616438356,41138356.16438356,TRAIL,0.32426470588235295,0.6365824308062575,0.3512618401006822,0.9545454545454546,0.045454545454545456,0.09293680297397769,0.13966740318641702,2.0750577986184267,104706042000.0,0.07054794520547945,0.1136986301369863,0.11438356164383562,-0.005479452054794521,0.22397260273972602,0.2671232876712329,-0.005479452054794521,0.6095890410958904,0.8184931506849316,-0.005479452054794521,0.886986301369863,1.1506849315068493,-0.005479452054794521
KOSPI,KOSPI_BULL_V5_RET60_MAX_080,train,BULL,2025-02-11,017810,풀무원,KOSPI,2025-02-18,2025-02-19,2025-03-31,0.046213943950786054,4621394.395078605,TRAIL,0.26495079485238454,0.28377065111758987,0.19641347663325678,1.0,0.0,0.06149341142020498,0.21628989640565366,1.5341833626914758,7022930000.0,0.00888585099111415,0.25153793574846206,0.32057416267942584,-0.007518796992481203,0.24060150375939848,0.32057416267942584,-0.007518796992481203,0.12850307587149692,0.32057416267942584,-0.007518796992481203,-0.13123718386876282,0.32057416267942584,-0.13875598086124402
KOSPI,KOSPI_BULL_V5_RET60_MAX_080,train,BULL,2025-05-26,004690,삼천리,KOSPI,2025-06-02,2025-06-04,2025-07-17,0.1730409057706355,17304090.57706355,MAX,0.2561078348778433,0.3188888888888889,0.28481743397315623,0.953125,0.046875,0.024427480916030534,0.23995195417167145,1.3057871440489284,4946746200.0,0.013148283418553688,0.0007304601899196494,0.03433162892622352,-0.039444850255661065,-0.013148283418553688,0.06281957633308985,-0.039444850255661065,0.03798392987582177,0.06281957633308985,-0.06428049671292914,-0.06939371804236669,0.2914536157779401,-0.09934258582907232
KOSPI,KOSPI_BULL_V5_RET60_MAX_080,train,BULL,2025-06-04,064350,현대로템,KOSPI,2025-06-12,2025-06-13,2025-07-25,0.07010420076377523,7010420.076377523,MAX,0.3529788597053171,0.7578828828828829,0.3957647199082009,1.0,0.0,0.037528868360277134,0.2993022667293301,1.0196833425439031,265123629600.0,0.019094380796508457,0.15657392253136934,0.20021822149481724,-0.02564102564102564,0.09656301145662848,0.20294599018003273,-0.02564102564102564,0.008183306055646482,0.20294599018003273,-0.055100927441352976,0.14839061647572285,0.20294599018003273,-0.09983633387888707
KOSPI,KOSPI_BULL_V5_RET60_MAX_080,train,BULL,2025-07-01,037270,YG PLUS,KOSPI,2025-07-08,2025-07-09,2025-07-18,-0.123,-12300000.0,STOP,0.32690124858115777,0.7514910536779325,0.4285328216631083,0.9420289855072463,0.057971014492753624,0.06467065868263473,0.11243195895639116,1.3988317508249326,27407123240.0,0.09613259668508287,-0.07955801104972375,0.12044198895027625,-0.09502762430939227,0.0033149171270718232,0.2596685082872928,-0.1281767955801105,-0.004419889502762431,0.2596685082872928,-0.1281767955801105,-0.17458563535911603,0.2596685082872928,-0.18011049723756906
KOSPI,KOSPI_BULL_V5_RET60_MAX_080,post,BULL,2025-09-15,031210,서울보증보험,KOSPI,2025-09-22,2025-09-23,2025-11-11,0.04559813084112149,4559813.08411215,MAX,0.2569832402234637,0.30339805825242716,0.24649399384877257,1.0,0.0,0.0,0.13484153351262987,0.7324837838535435,4503974600.0,0.005607476635514018,-0.044859813084112146,0.016822429906542057,-0.0616822429906542,-0.0691588785046729,0.028037383177570093,-0.07570093457943926,-0.05794392523364486,0.028037383177570093,-0.102803738317757,-0.05420560747663551,0.06542056074766354,-0.102803738317757
KOSPI,KOSPI_BULL_V5_RET60_MAX_080,post,BULL,2025-10-22,000660,SK하이닉스,KOSPI,2025-10-29,2025-10-30,2025-12-11,0.009544802867383514,954480.2867383513,MAX,0.3509865005192108,0.7932960893854749,0.5277630883130617,0.9722222222222222,0.027777777777777776,0.03717472118959108,0.2698412698412698,1.1953036095123852,2680091298000.0,0.017921146953405017,0.06272401433691756,0.11827956989247312,-0.04659498207885305,0.0967741935483871,0.15770609318996415,-0.04659498207885305,-0.025089605734767026,0.15770609318996415,-0.10215053763440861,0.507168458781362,0.5304659498207885,-0.10215053763440861
KOSPI,KOSPI_BULL_V5_RET60_MAX_080,post,BULL,2026-01-06,105840,우진,KOSPI,2026-01-13,2026-01-14,2026-03-03,0.08985714285714286,8985714.285714285,TRAIL,0.2818134981968058,0.3035594358629953,0.18374109348159734,0.9565217391304348,0.043478260869565216,0.024509803921568627,0.11001938550601482,0.6956141088052983,19747615800.0,0.016666666666666666,0.24761904761904763,0.36428571428571427,-0.03571428571428571,0.24523809523809523,0.39285714285714285,-0.03571428571428571,0.2,0.39285714285714285,-0.03571428571428571,0.12857142857142856,0.5095238095238095,-0.1380952380952381
KOSPI,KOSPI_BULL_V5_RET60_MAX_080,post,BULL,2026-01-07,005935,삼성전자우,KOSPI,2026-01-14,2026-01-15,2026-03-04,0.1094031007751938,10940310.07751938,TRAIL,0.2623426911907067,0.4757142857142857,0.2900405869497346,0.9545454545454546,0.045454545454545456,0.018627450980392157,0.13328970331588133,0.8321760023329035,287159755100.0,0.03488372093023256,0.07848837209302326,0.11337209302325581,-0.006782945736434108,0.12015503875968993,0.17344961240310078,-0.006782945736434108,0.18313953488372092,0.18313953488372092,-0.006782945736434108,0.4011627906976744,0.45348837209302323,-0.006782945736434108
KOSPI,KOSPI_BULL_V5_RET60_MAX_080,post,BULL,2026-01-27,005930,삼성전자,KOSPI,2026-02-03,2026-02-04,2026-03-04,0.05021100917431193,5021100.9174311925,TRAIL,0.29529780564263325,0.5870646766169154,0.37411156579797544,1.0,0.0,0.060797973400886635,0.12047628603919995,1.2027071987849838,6118743677500.0,0.03425076452599388,0.026299694189602447,0.036085626911314984,-0.072782874617737,0.18042813455657492,0.20856269113149847,-0.072782874617737,0.1492354740061162,0.363914373088685,-0.072782874617737,0.6605504587155964,0.6941896024464832,-0.072782874617737
KOSPI,KOSPI_BULL_V5_RET60_MAX_080,post,BULL,2026-01-27,000660,SK하이닉스,KOSPI,2026-02-03,2026-02-04,2026-03-04,-0.042592760180995476,-4259276.018099547,TRAIL,0.2625,0.4336917562724014,0.28942137215924346,1.0,0.0,0.03775743707093822,0.16066287030520188,1.0907865385229463,4782191966000.0,0.01809954751131222,-0.027149321266968326,0.024886877828054297,-0.10520361990950226,0.0757918552036199,0.1085972850678733,-0.10520361990950226,0.06108597285067873,0.24321266968325791,-0.10520361990950226,0.8710407239819005,0.8834841628959276,-0.10520361990950226
KOSPI,KOSPI_BULL_V5_RET60_MAX_080,post,BULL,2026-01-27,005935,삼성전자우,KOSPI,2026-02-03,2026-02-04,2026-03-04,-0.018437392795883363,-1843739.2795883364,TRAIL,0.2557117750439367,0.42428035043804757,0.3014886682042583,1.0,0.0,0.05327510917030567,0.0992616899097621,0.8287950780446725,427276634400.0,0.03344768439108062,-0.004288164665523156,0.03516295025728988,-0.08404802744425385,0.1672384219554031,0.19897084048027444,-0.08404802744425385,0.153516295025729,0.2864493996569468,-0.08404802744425385,0.5900514579759862,0.6698113207547169,-0.08404802744425385
KOSPI,KOSPI_BULL_V5_RET60_MAX_080,post,BULL,2026-01-27,000270,기아,KOSPI,2026-02-03,2026-02-04,2026-03-04,0.007315925209542231,731592.5209542231,TRAIL,0.3824104234527687,0.32556131260794474,0.2201584483717973,1.0,0.0,0.02598267821452365,0.027214514407684097,0.542698880693723,206586996000.0,0.01096067053513862,0.04319793681495809,0.04448742746615087,-0.039329464861379754,0.11347517730496454,0.1399097356544165,-0.039329464861379754,0.038039974210186976,0.37008381689232756,-0.039329464861379754,0.016118633139909737,0.37008381689232756,-0.07285622179239201
KOSPI,KOSPI_BULL_V5_RET60_MAX_080,post,BULL,2026-01-27,004800,효성,KOSPI,2026-02-03,2026-02-04,2026-03-04,-0.10722343324250681,-10722343.324250681,TRAIL,0.3586666666666667,0.22050447518307567,0.12310476071629117,0.9207920792079208,0.07920792079207921,0.036440084092501754,0.03300157150340492,0.6319609339936398,6091409400.0,0.02111716621253406,0.006130790190735695,0.04632152588555858,-0.07970027247956403,0.1737057220708447,0.17983651226158037,-0.07970027247956403,-0.04700272479564033,0.2098092643051771,-0.10831062670299728,0.8801089918256131,1.1662125340599454,-0.13555858310626703
KOSPI,KOSPI_BULL_V5_RET60_MAX_080,post,BULL,2026-02-04,012630,HDC,KOSPI,2026-02-11,2026-02-12,2026-05-13,0.13347058823529412,13347058.823529411,TRAIL,0.25415676959619954,0.22028985507246376,0.18963519737771625,0.9444444444444444,0.05555555555555555,0.009523809523809525,0.1335079933700476,0.7599281686007019,3474574000.0,0.009411764705882352,0.15294117647058825,0.18352941176470589,-0.009411764705882352,0.06352941176470588,0.24235294117647058,-0.009411764705882352,0.17882352941176471,0.24235294117647058,-0.009411764705882352,0.13647058823529412,0.4423529411764706,-0.009411764705882352
KOSPI,KOSPI_BULL_V5_RET60_MAX_080,post,BULL,2026-04-24,015860,일진홀딩스,KOSPI,2026-05-04,2026-05-06,2026-05-18,-0.123,-12300000.0,STOP,0.3246346555323591,0.3268698060941828,0.22833636072229935,1.0,0.0,0.2869481765834933,0.5348517797871123,7.990725164856691,41901771060.0,0.015659955257270694,0.07009694258016405,0.1506338553318419,-0.0686055182699478,-0.2117822520507084,0.1506338553318419,-0.2535421327367636,,,,,,
KOSPI,KOSPI_BULL_V5_RET60_MAX_100_MA055,pre,BULL,2012-09-07,000300,대유신소재,KOSPI,2012-09-14,2012-09-17,2012-09-20,-0.063,-6300000.0,EARLY_FAIL_CLOSE,0.2574712643678161,0.20498614958448755,0.0758006677383455,1.0,0.0,0.0016666666666666668,0.3597285067873303,2.9005344468837078,42321022675.0,0.021487603305785124,-0.2231404958677686,0.06446280991735537,-0.2578512396694215,-0.28429752066115704,0.06446280991735537,-0.33884297520661155,-0.3851239669421488,0.06446280991735537,-0.41983471074380163,-0.5289256198347108,0.06446280991735537,-0.5669421487603306
KOSPI,KOSPI_BULL_V5_RET60_MAX_100_MA055,pre,BULL,2012-09-18,105630,한세실업,KOSPI,2012-09-25,2012-09-26,2012-12-07,0.13132835820895522,13132835.820895523,TRAIL,0.2596899224806202,0.205607476635514,0.21763206745744573,0.9285714285714286,0.07142857142857142,0.03076923076923077,0.07630522088353414,1.099556048770412,5093098800.0,0.022388059701492536,0.11940298507462686,0.16417910447761194,-0.011194029850746268,0.12313432835820895,0.16417910447761194,-0.011194029850746268,0.13432835820895522,0.2462686567164179,-0.011194029850746268,0.1865671641791045,0.44029850746268656,-0.011194029850746268
KOSPI,KOSPI_BULL_V5_RET60_MAX_100_MA055,pre,BULL,2013-05-16,004960,한신공영,KOSPI,2013-05-24,2013-05-27,2013-06-07,-0.123,-12300000.0,STOP,0.3008695652173913,0.29504504504504503,0.25818274648529393,1.0,0.0,0.036734693877551024,0.24699297952771368,1.2394867330993717,3593325300.0,0.01568627450980392,0.043137254901960784,0.09411764705882353,-0.00784313725490196,-0.00392156862745098,0.09411764705882353,-0.12156862745098039,-0.09019607843137255,0.09411764705882353,-0.13333333333333333,0.00392156862745098,0.14901960784313725,-0.13333333333333333
KOSPI,KOSPI_BULL_V5_RET60_MAX_100_MA055,pre,BULL,2013-07-16,000420,로케트전기,KOSPI,2013-07-23,2013-07-24,2013-08-08,-0.123,-12300000.0,STOP,0.2733812949640288,0.7245657568238213,0.2490826581197862,1.0,0.0,0.149812734082397,0.20866141732283464,2.7829277111646302,28132270420.0,0.03571428571428571,-0.07467532467532467,0.10064935064935066,-0.11363636363636363,-0.11038961038961038,0.10064935064935066,-0.11688311688311688,-0.32142857142857145,0.10064935064935066,-0.34415584415584416,-0.33116883116883117,0.10064935064935066,-0.37662337662337664
KOSPI,KOSPI_BULL_V5_RET60_MAX_100_MA055,pre,BULL,2013-08-06,011200,현대상선,KOSPI,2013-08-13,2013-08-14,2013-08-20,-0.027553571428571427,-2755357.1428571427,TRAIL,0.27899686520376177,0.5336538461538461,0.15508563565919542,1.0,0.0,0.16052631578947368,0.32293385330733465,3.1807367917102476,166931950500.0,0.029017857142857144,0.015625,0.25223214285714285,-0.05580357142857143,-0.1875,0.25223214285714285,-0.20982142857142858,-0.11160714285714286,0.25223214285714285,-0.20982142857142858,-0.49776785714285715,0.25223214285714285,-0.5133928571428571
KOSPI,KOSPI_BULL_V5_RET60_MAX_100_MA055,pre,BULL,2014-06-30,002450,삼익악기,KOSPI,2014-07-07,2014-07-08,2014-07-28,-0.123,-12300000.0,STOP,0.25318066157760816,0.31,0.1730759663698324,1.0,0.0,0.061068702290076333,0.047607084537118455,1.0775678703069722,28750031640.0,0.010895883777239709,0.007263922518159807,0.044794188861985475,-0.04721549636803874,-0.023002421307506054,0.044794188861985475,-0.04721549636803874,-0.09443099273607748,0.044794188861985475,-0.2457627118644068,0.03753026634382567,0.07990314769975787,-0.2457627118644068
KOSPI,KOSPI_BULL_V5_RET60_MAX_100_MA055,pre,BULL,2014-07-24,002020,코오롱,KOSPI,2014-07-31,2014-08-01,2014-08-18,-0.123,-12300000.0,STOP,0.3709150326797386,0.38461538461538464,0.30430149540013507,0.9565217391304348,0.043478260869565216,0.057432432432432436,0.11288888888888889,1.3389355595729262,5606549900.0,0.021103896103896104,-0.025974025974025976,0.02922077922077922,-0.07142857142857142,-0.09090909090909091,0.02922077922077922,-0.12012987012987013,-0.125,0.02922077922077922,-0.14935064935064934,-0.19155844155844157,0.02922077922077922,-0.28084415584415584
KOSPI,KOSPI_BULL_V5_RET60_MAX_100_MA055,pre,BULL,2014-08-25,001040,CJ,KOSPI,2014-09-01,2014-09-02,2014-10-13,-0.123,-12300000.0,STOP,0.2786885245901639,0.2708333333333333,0.21722742641760442,0.9230769230769231,0.07692307692307693,0.01971830985915493,0.07338769458858414,0.7081600965803266,11169329000.0,0.013888888888888888,-0.030555555555555555,0.05555555555555555,-0.03611111111111111,-0.008333333333333333,0.05555555555555555,-0.05555555555555555,-0.06111111111111111,0.07222222222222222,-0.08055555555555556,-0.1111111111111111,0.07222222222222222,-0.1527777777777778
KOSPI,KOSPI_BULL_V5_RET60_MAX_100_MA055,pre,BULL,2015-03-20,007070,GS리테일,KOSPI,2015-03-27,2015-03-30,2015-05-13,0.18747619047619046,18747619.047619045,MAX,0.2571428571428571,0.27884615384615385,0.220370087169292,1.0,0.0,0.04487179487179487,0.07920218488785898,0.5945239249945912,5858676400.0,0.019969278033794162,-0.007680491551459293,0.03840245775729647,-0.026113671274961597,0.0629800307219662,0.12135176651305683,-0.026113671274961597,0.15360983102918588,0.21351766513056836,-0.026113671274961597,0.4362519201228879,0.45161290322580644,-0.026113671274961597
KOSPI,KOSPI_BULL_V5_RET60_MAX_100_MA055,pre,BULL,2015-04-01,003475,유안타증권우,KOSPI,2015-04-08,2015-04-09,2015-04-29,-0.04330501089324619,-4330501.089324619,TRAIL,0.31398809523809523,0.5101123595505618,0.3981552118732229,1.0,0.0,0.1273644388398487,0.45650048875855326,5.912380661953922,5997215730.0,0.08932461873638345,0.08496732026143791,0.25054466230936817,-0.0196078431372549,0.023965141612200435,0.25054466230936817,-0.0196078431372549,-0.11328976034858387,0.25054466230936817,-0.2113289760348584,-0.18736383442265794,0.25054466230936817,-0.21568627450980393
KOSPI,KOSPI_BULL_V5_RET60_MAX_100_MA055,pre,BULL,2015-04-03,005250,녹십자홀딩스,KOSPI,2015-04-10,2015-04-13,2015-05-07,-0.123,-12300000.0,STOP,0.25402504472271914,0.3768472906403941,0.2112676056338028,1.0,0.0,0.034129692832764506,0.12066574202496533,1.04951990575112,3970633200.0,0.009771986970684038,0.05863192182410423,0.0749185667752443,-0.04071661237785016,-0.019543973941368076,0.0749185667752443,-0.06677524429967427,-0.02768729641693811,0.0749185667752443,-0.13192182410423453,0.42671009771986973,1.019543973941368,-0.13192182410423453
KOSPI,KOSPI_BULL_V5_RET60_MAX_100_MA055,pre,BULL,2015-04-10,011280,태림포장,KOSPI,2015-04-17,2015-04-20,2015-06-02,0.13671742543171114,13671742.543171113,TRAIL,0.2705530642750374,0.5273972602739726,0.31026603558021876,0.9333333333333333,0.06666666666666667,0.009404388714733543,0.036452884847509456,1.686992393118684,3798469780.0,0.018838304552590265,0.09105180533751962,0.09105180533751962,-0.09733124018838304,0.058084772370486655,0.24646781789638933,-0.09733124018838304,0.25745682888540034,0.478806907378336,-0.09733124018838304,0.2653061224489796,0.478806907378336,-0.09733124018838304
KOSPI,KOSPI_BULL_V5_RET60_MAX_100_MA055,pre,BULL,2016-03-22,145270,케이탑리츠,KOSPI,2016-03-29,2016-03-30,2016-04-04,-0.063,-6300000.0,EARLY_FAIL_CLOSE,0.39730639730639733,0.23236514522821577,0.2466769273821183,0.96875,0.03125,0.07446808510638298,0.3074433656957929,1.4369058692018148,8139426380.0,0.05172413793103448,-0.06403940886699508,0.10591133004926108,-0.12561576354679804,-0.29802955665024633,0.10591133004926108,-0.3694581280788177,-0.2684729064039409,0.10591133004926108,-0.3694581280788177,-0.18719211822660098,0.10591133004926108,-0.3694581280788177
KOSPI,KOSPI_BULL_V5_RET60_MAX_100_MA055,pre,BULL,2017-02-23,008700,아남전자,KOSPI,2017-03-03,2017-03-06,2017-04-04,1.1008251366120219,110082513.66120219,TRAIL,0.371875,0.4479638009049774,0.36732659165361053,1.0,0.0,0.036827195467422094,0.3580705009276438,0.4000766016588516,12073360950.0,0.0273224043715847,0.43989071038251365,0.4672131147540984,-0.040983606557377046,0.6065573770491803,0.6366120218579235,-0.040983606557377046,1.1038251366120218,2.0054644808743167,-0.040983606557377046,0.7049180327868853,2.0054644808743167,-0.040983606557377046
KOSPI,KOSPI_BULL_V5_RET60_MAX_100_MA055,pre,BULL,2017-11-22,004130,대덕GDS,KOSPI,2017-11-29,2017-11-30,2018-01-10,-0.123,-12300000.0,STOP,0.39365671641791045,0.45257452574525747,0.36955966272038165,0.96,0.04,0.03508771929824561,0.13570741097208855,1.1096459860201962,9740212650.0,0.038910505836575876,-0.03501945525291829,0.07392996108949416,-0.09533073929961089,-0.06420233463035019,0.07392996108949416,-0.09533073929961089,-0.007782101167315175,0.07392996108949416,-0.10700389105058365,-0.2140077821011673,0.07392996108949416,-0.2918287937743191
KOSPI,KOSPI_BULL_V5_RET60_MAX_100_MA055,pre,BULL,2020-02-07,026890,디피씨,KOSPI,2020-02-14,2020-02-17,2020-02-19,-0.063,-6300000.0,EARLY_FAIL_CLOSE,0.38881748071979433,0.4018018018018018,0.44802556069113136,1.0,0.0,0.2833545108005083,0.5308829101932551,3.6196999094051168,495232522300.0,0.0730593607305936,-0.1689497716894977,0.1506849315068493,-0.17625570776255708,-0.12876712328767123,0.1506849315068493,-0.22100456621004566,-0.5159817351598174,0.1506849315068493,-0.5159817351598174,-0.10228310502283106,0.1506849315068493,-0.6671232876712329
KOSPI,KOSPI_BULL_V5_RET60_MAX_100_MA055,pre,BULL,2020-02-07,042700,한미반도체,KOSPI,2020-02-14,2020-02-17,2020-02-28,-0.123,-12300000.0,STOP,0.29850746268656714,0.45652173913043476,0.23358832167985452,0.92,0.08,0.003051881993896236,0.06198502881145996,0.7034632502735738,5131617280.0,0.008113590263691683,-0.06795131845841786,0.02434077079107505,-0.07809330628803246,-0.07505070993914807,0.02434077079107505,-0.1440162271805274,-0.27281947261663286,0.02434077079107505,-0.3316430020283976,-0.1389452332657201,0.02434077079107505,-0.4726166328600406
KOSPI,KOSPI_BULL_V5_RET60_MAX_100_MA055,pre,BULL,2020-06-05,034730,SK,KOSPI,2020-06-12,2020-06-15,2020-07-08,-0.123,-12300000.0,STOP,0.36186770428015563,0.3967391304347826,0.39471780028943565,1.0,0.0,0.13414634146341464,0.14862083161794978,1.863462200291682,362263086000.0,0.05190311418685121,0.01384083044982699,0.14878892733564014,-0.012110726643598616,0.01384083044982699,0.14878892733564014,-0.02768166089965398,-0.16089965397923875,0.14878892733564014,-0.17647058823529413,-0.26124567474048443,0.14878892733564014,-0.2906574394463668
KOSPI,KOSPI_BULL_V5_RET60_MAX_100_MA055,pre,BULL,2020-07-13,009830,한화솔루션,KOSPI,2020-07-20,2020-07-21,2020-09-21,0.5604920634920635,56049206.34920635,TRAIL,0.2736625514403292,0.7419354838709677,0.42501099545521187,1.0,0.0,0.06903765690376569,0.2139208932177218,1.4834222011182714,134348313050.0,0.07539682539682539,0.013888888888888888,0.10912698412698413,-0.005952380952380952,0.07936507936507936,0.125,-0.007936507936507936,0.2757936507936508,0.3373015873015873,-0.007936507936507936,0.7142857142857143,1.0753968253968254,-0.007936507936507936
KOSPI,KOSPI_BULL_V5_RET60_MAX_100_MA055,pre,BULL,2020-07-16,000910,유니온,KOSPI,2020-07-23,2020-07-24,2020-07-28,0.1276122448979592,12761224.48979592,TRAIL,0.276707530647986,0.9792027729636048,0.08379994305779634,1.0,0.0,0.09375,0.2935415319227571,8.519214887308713,163744693000.0,0.23809523809523808,0.22448979591836735,0.5102040816326531,-0.034013605442176874,0.29931972789115646,0.5102040816326531,-0.034013605442176874,0.1673469387755102,0.5102040816326531,-0.034013605442176874,-0.004081632653061225,0.5102040816326531,-0.058503401360544216
KOSPI,KOSPI_BULL_V5_RET60_MAX_100_MA055,pre,BULL,2020-11-10,004270,남성,KOSPI,2020-11-17,2020-11-18,2020-12-24,-0.03174251497005988,-3174251.497005988,TRAIL,0.3831891223733004,0.48713235294117646,0.34043963327073906,1.0,0.0,0.11315789473684211,0.1337443044760118,1.0131930691879314,51526996290.0,0.029940119760479042,0.081437125748503,0.23592814371257484,-0.031137724550898204,0.1089820359281437,0.23592814371257484,-0.031137724550898204,0.07544910179640718,0.23592814371257484,-0.031137724550898204,-0.06227544910179641,0.23592814371257484,-0.16766467065868262
KOSPI,KOSPI_BULL_V5_RET60_MAX_100_MA055,pre,BULL,2020-11-10,105840,우진,KOSPI,2020-11-17,2020-11-18,2020-12-02,-0.123,-12300000.0,STOP,0.37244348762109797,0.21437908496732025,0.18145785201042833,1.0,0.0,0.09165808444902163,0.14668974469926438,0.8243351234215328,12198564800.0,0.02091254752851711,-0.06749049429657794,0.08555133079847908,-0.07699619771863118,-0.1188212927756654,0.08555133079847908,-0.12167300380228137,-0.1806083650190114,0.08555133079847908,-0.19106463878326996,-0.23479087452471484,0.08555133079847908,-0.29277566539923955
KOSPI,KOSPI_BULL_V5_RET60_MAX_100_MA055,pre,BULL,2020-11-30,023960,에쓰씨엔지니어링,KOSPI,2020-12-07,2020-12-08,2020-12-16,0.5342750642673522,53427506.426735215,TRAIL,0.3522727272727273,0.375,0.24352331606217623,1.0,0.0,0.24848484848484848,1.1604614577871002,1.1343767272177931,6434904400.0,0.04113110539845758,0.7737789203084833,0.9254498714652957,0.0,0.30848329048843187,0.9254498714652957,0.0,0.8431876606683805,1.056555269922879,0.0,0.2133676092544987,1.3624678663239074,0.0
KOSPI,KOSPI_BULL_V5_RET60_MAX_100_MA055,pre,BULL,2020-12-02,001230,동국제강,KOSPI,2020-12-09,2020-12-10,2021-01-26,0.10625449871465295,10625449.871465296,MAX,0.27916120576671033,0.22275641025641027,0.14156048175946942,0.9333333333333333,0.06666666666666667,0.07660738714090287,0.056021469305602145,1.0050536466053983,16637117040.0,0.011568123393316195,0.03470437017994859,0.04498714652956298,-0.014138817480719794,0.0012853470437017994,0.07197943444730077,-0.017994858611825194,0.14781491002570693,0.22879177377892032,-0.019280205655526992,0.33033419023136246,0.37532133676092544,-0.038560411311053984
KOSPI,KOSPI_BULL_V5_RET60_MAX_100_MA055,pre,BULL,2020-12-21,001120,LG상사,KOSPI,2020-12-29,2020-12-30,2021-02-16,0.10742944785276073,10742944.785276074,MAX,0.35671342685370744,0.589171974522293,0.3737725979627419,1.0,0.0,0.016632016632016633,0.06373721992603872,0.3993910334636641,7531895850.0,0.010224948875255624,0.11451942740286299,0.18200408997955012,-0.002044989775051125,0.08997955010224949,0.18200408997955012,-0.002044989775051125,0.07975460122699386,0.19427402862985685,-0.002044989775051125,0.3047034764826176,0.34355828220858897,-0.002044989775051125
KOSPI,KOSPI_BULL_V5_RET60_MAX_100_MA055,pre,BULL,2020-12-23,001530,DI동일,KOSPI,2021-01-04,2021-01-05,2021-02-18,0.16046153846153846,16046153.846153846,MAX,0.3511450381679389,0.5197215777262181,0.4134656883901597,1.0,0.0,0.03666666666666667,0.2923332640764596,0.8326428838105189,5774181500.0,0.057692307692307696,0.041666666666666664,0.18269230769230768,-0.022435897435897436,0.08653846153846154,0.18269230769230768,-0.022435897435897436,0.20512820512820512,0.4423076923076923,-0.022435897435897436,0.08653846153846154,0.4423076923076923,-0.13141025641025642
KOSPI,KOSPI_BULL_V5_RET60_MAX_100_MA055,pre,BULL,2021-01-11,034300,신세계건설,KOSPI,2021-01-18,2021-01-19,2021-01-22,-0.063,-6300000.0,EARLY_FAIL_CLOSE,0.2956381260096931,0.4036281179138322,0.30466856359995786,1.0,0.0,0.2430379746835443,0.6347594473114699,4.102655335976728,61992923500.0,0.10185185185185185,-0.1,0.16111111111111112,-0.10648148148148148,-0.07407407407407407,0.16111111111111112,-0.18796296296296297,-0.1111111111111111,0.16111111111111112,-0.18796296296296297,-0.10833333333333334,0.16111111111111112,-0.2462962962962963
KOSPI,KOSPI_BULL_V5_RET60_MAX_100_MA055,pre,BULL,2021-03-17,267270,현대건설기계,KOSPI,2021-03-24,2021-03-25,2021-06-10,0.04868986083499006,4868986.083499006,TRAIL,0.3703339882121807,0.43582510578279265,0.38371618866385754,0.9344262295081968,0.06557377049180328,0.05747126436781609,0.17251766886803382,0.8376618728303759,24572574400.0,0.03777335984095427,0.03578528827037773,0.14314115308151093,-0.017892644135188866,0.0536779324055666,0.14314115308151093,-0.017892644135188866,0.13518886679920478,0.16302186878727634,-0.02584493041749503,0.10934393638170974,0.3558648111332008,-0.02584493041749503
KOSPI,KOSPI_BULL_V5_RET60_MAX_100_MA055,pre,BULL,2021-06-18,000680,LS네트웍스,KOSPI,2021-06-25,2021-06-28,2021-07-07,0.07027586206896551,7027586.206896551,TRAIL,0.35900783289817234,0.34385964912280703,0.20813837337679414,1.0,0.0,0.2874493927125506,0.23319544984488108,13.686462432896993,121085143020.0,0.1875,0.09698275862068965,0.35560344827586204,-0.0021551724137931034,0.05387931034482758,0.35560344827586204,-0.0021551724137931034,-0.08189655172413793,0.35560344827586204,-0.09159482758620689,-0.16702586206896552,0.35560344827586204,-0.23060344827586207
KOSPI,KOSPI_BULL_V5_RET60_MAX_100_MA055,pre,BULL,2021-09-06,138490,코오롱플라스틱,KOSPI,2021-09-13,2021-09-14,2021-10-06,0.32641176470588235,32641176.470588233,TRAIL,0.36847290640394087,0.5567484662576687,0.32986854173035773,1.0,0.0,0.06719367588932806,0.5306122448979592,0.5292047263890053,32754010500.0,0.011764705882352941,0.29411764705882354,0.37254901960784315,-0.07450980392156863,0.6509803921568628,0.8666666666666667,-0.07450980392156863,0.49019607843137253,0.8666666666666667,-0.07450980392156863,-0.03137254901960784,0.8666666666666667,-0.07450980392156863
KOSPI,KOSPI_BULL_V5_RET60_MAX_100_MA055,train,BULL,2022-11-14,004360,세방,KOSPI,2022-11-21,2022-11-22,2023-02-17,1.095434004474273,109543400.4474273,MAX,0.2645631067961165,0.5725190839694656,0.34377038486627526,0.9736842105263158,0.02631578947368421,0.0585480093676815,0.20021242697822622,1.7457500614073507,9147530800.0,0.08277404921700224,0.1342281879194631,0.203579418344519,-0.0022371364653243847,0.319910514541387,0.44966442953020136,-0.0022371364653243847,0.24161073825503357,0.44966442953020136,-0.0022371364653243847,1.0984340044742729,1.366890380313199,-0.0022371364653243847
KOSPI,KOSPI_BULL_V5_RET60_MAX_100_MA055,train,BULL,2023-01-20,003530,한화투자증권,KOSPI,2023-01-31,2023-02-01,2023-03-03,-0.123,-12300000.0,STOP,0.3060556464811784,0.22690763052208834,0.17466115543593194,0.9512195121951219,0.04878048780487805,0.05188679245283019,0.1843852350181464,1.214713106986955,9934084695.0,0.10463378176382661,-0.01943198804185351,0.16741405082212257,-0.06726457399103139,-0.08669656203288491,0.16741405082212257,-0.09267563527653214,-0.08968609865470852,0.16741405082212257,-0.10164424514200299,-0.18385650224215247,0.16741405082212257,-0.21973094170403587
KOSPI,KOSPI_BULL_V5_RET60_MAX_100_MA055,train,BULL,2023-07-17,023810,인팩,KOSPI,2023-07-24,2023-07-25,2023-08-07,-0.123,-12300000.0,STOP,0.38176197836166925,0.3005025125628141,0.25507185464185844,0.930379746835443,0.06962025316455696,0.0864,0.14856007104495283,0.5754204691255768,4308608080.0,0.0336996336996337,0.07252747252747253,0.12527472527472527,-0.04322344322344322,-0.0989010989010989,0.12527472527472527,-0.12967032967032968,-0.24761904761904763,0.12527472527472527,-0.26593406593406593,-0.4,0.12527472527472527,-0.41904761904761906
KOSPI,KOSPI_BULL_V5_RET60_MAX_100_MA055,train,BULL,2023-07-21,005490,POSCO홀딩스,KOSPI,2023-07-28,2023-07-31,2023-08-02,-0.063,-6300000.0,EARLY_FAIL_CLOSE,0.3103448275862069,0.38268506900878296,0.39691124585384396,1.0,0.0,0.05631399317406143,0.27026472398932894,1.3044189445644259,2546860025000.0,0.015822784810126583,-0.11234177215189874,0.04746835443037975,-0.12183544303797468,-0.08702531645569621,0.04746835443037975,-0.12183544303797468,-0.07753164556962025,0.04746835443037975,-0.16930379746835442,-0.34889240506329117,0.04746835443037975,-0.3575949367088608
KOSPI,KOSPI_BULL_V5_RET60_MAX_100_MA055,train,BULL,2023-07-21,010100,한국무브넥스,KOSPI,2023-07-28,2023-07-31,2023-08-03,0.07736622583926754,7736622.583926754,TRAIL,0.25274725274725274,0.5423728813559322,0.21241728471821286,0.9846153846153847,0.015384615384615385,0.06111111111111111,0.13832767149412956,0.6867274703834256,5590240525.0,0.18209562563580875,-0.017293997965412006,0.3611393692777213,-0.028484231943031537,-0.030518819938962362,0.3611393692777213,-0.10579857578840285,0.0,0.3611393692777213,-0.1353001017293998,0.8107833163784334,0.9165818921668362,-0.1353001017293998
KOSPI,KOSPI_BULL_V5_RET60_MAX_100_MA055,train,BULL,2023-07-21,058430,포스코스틸리온,KOSPI,2023-07-28,2023-07-31,2023-08-03,-0.063,-6300000.0,EARLY_FAIL_CLOSE,0.3785919540229885,0.21043478260869566,0.35725429017160687,0.9411764705882353,0.058823529411764705,0.15146579804560262,0.12168808503887038,0.8380623675769191,65609670700.0,0.05329593267882188,-0.17110799438990182,0.08976157082748948,-0.17952314165497896,-0.1570827489481066,0.08976157082748948,-0.17952314165497896,-0.17391304347826086,0.08976157082748948,-0.2496493688639551,-0.3380084151472651,0.20196353436185133,-0.34642356241234223
KOSPI,KOSPI_BULL_V5_RET60_MAX_100_MA055,train,BULL,2023-12-21,180640,한진칼,KOSPI,2024-01-02,2024-01-03,2024-02-16,-0.085687338501292,-8568733.8501292,MAX,0.3236111111111111,0.7932752179327521,0.4644564222516018,0.9444444444444444,0.05555555555555555,0.09523809523809523,0.26465593919301367,1.6177126704668339,16729013200.0,0.007751937984496124,0.056847545219638244,0.08010335917312661,-0.02454780361757106,-0.016795865633074936,0.08397932816537468,-0.040051679586563305,-0.056847545219638244,0.08397932816537468,-0.1124031007751938,-0.2054263565891473,0.12919896640826872,-0.28552971576227393
KOSPI,KOSPI_BULL_V5_RET60_MAX_100_MA055,train,BULL,2024-03-06,267260,HD현대일렉트릭,KOSPI,2024-03-13,2024-03-14,2024-04-16,0.4113835616438356,41138356.16438356,TRAIL,0.32426470588235295,0.6365824308062575,0.3512618401006822,0.9545454545454546,0.045454545454545456,0.09293680297397769,0.13966740318641702,2.0750577986184267,104706042000.0,0.07054794520547945,0.1136986301369863,0.11438356164383562,-0.005479452054794521,0.22397260273972602,0.2671232876712329,-0.005479452054794521,0.6095890410958904,0.8184931506849316,-0.005479452054794521,0.886986301369863,1.1506849315068493,-0.005479452054794521
KOSPI,KOSPI_BULL_V5_RET60_MAX_100_MA055,train,BULL,2025-02-11,017810,풀무원,KOSPI,2025-02-18,2025-02-19,2025-03-31,0.046213943950786054,4621394.395078605,TRAIL,0.26495079485238454,0.28377065111758987,0.19641347663325678,1.0,0.0,0.06149341142020498,0.21628989640565366,1.5341833626914758,7022930000.0,0.00888585099111415,0.25153793574846206,0.32057416267942584,-0.007518796992481203,0.24060150375939848,0.32057416267942584,-0.007518796992481203,0.12850307587149692,0.32057416267942584,-0.007518796992481203,-0.13123718386876282,0.32057416267942584,-0.13875598086124402
KOSPI,KOSPI_BULL_V5_RET60_MAX_100_MA055,train,BULL,2025-02-17,100840,SNT에너지,KOSPI,2025-02-24,2025-02-25,2025-03-26,-0.012708737864077668,-1270873.7864077669,TRAIL,0.26455026455026454,0.974233983286908,0.2846849840641662,0.9866666666666667,0.013333333333333334,0.07204116638078903,0.1309146837962544,1.171148446484351,22967937500.0,0.059870550161812294,0.19741100323624594,0.22653721682847897,-0.03559870550161812,0.030744336569579287,0.24271844660194175,-0.03559870550161812,-0.009708737864077669,0.24271844660194175,-0.042071197411003236,0.41423948220064727,0.5792880258899676,-0.08090614886731391
KOSPI,KOSPI_BULL_V5_RET60_MAX_100_MA055,train,BULL,2025-05-26,004690,삼천리,KOSPI,2025-06-02,2025-06-04,2025-07-17,0.1730409057706355,17304090.57706355,MAX,0.2561078348778433,0.3188888888888889,0.28481743397315623,0.953125,0.046875,0.024427480916030534,0.23995195417167145,1.3057871440489284,4946746200.0,0.013148283418553688,0.0007304601899196494,0.03433162892622352,-0.039444850255661065,-0.013148283418553688,0.06281957633308985,-0.039444850255661065,0.03798392987582177,0.06281957633308985,-0.06428049671292914,-0.06939371804236669,0.2914536157779401,-0.09934258582907232
KOSPI,KOSPI_BULL_V5_RET60_MAX_100_MA055,train,BULL,2025-06-04,064350,현대로템,KOSPI,2025-06-12,2025-06-13,2025-07-25,0.07010420076377523,7010420.076377523,MAX,0.3529788597053171,0.7578828828828829,0.3957647199082009,1.0,0.0,0.037528868360277134,0.2993022667293301,1.0196833425439031,265123629600.0,0.019094380796508457,0.15657392253136934,0.20021822149481724,-0.02564102564102564,0.09656301145662848,0.20294599018003273,-0.02564102564102564,0.008183306055646482,0.20294599018003273,-0.055100927441352976,0.14839061647572285,0.20294599018003273,-0.09983633387888707
KOSPI,KOSPI_BULL_V5_RET60_MAX_100_MA055,train,BULL,2025-07-01,037270,YG PLUS,KOSPI,2025-07-08,2025-07-09,2025-07-18,-0.123,-12300000.0,STOP,0.32690124858115777,0.7514910536779325,0.4285328216631083,0.9420289855072463,0.057971014492753624,0.06467065868263473,0.11243195895639116,1.3988317508249326,27407123240.0,0.09613259668508287,-0.07955801104972375,0.12044198895027625,-0.09502762430939227,0.0033149171270718232,0.2596685082872928,-0.1281767955801105,-0.004419889502762431,0.2596685082872928,-0.1281767955801105,-0.17458563535911603,0.2596685082872928,-0.18011049723756906
KOSPI,KOSPI_BULL_V5_RET60_MAX_100_MA055,train,BULL,2025-07-08,484870,엠앤씨솔루션,KOSPI,2025-07-15,2025-07-16,2025-07-29,-0.123,-12300000.0,STOP,0.3422818791946309,0.9151670951156813,0.2442242387129099,1.0,0.0,0.07047175305765871,0.17688490475428206,0.8641580283030207,9381887200.0,0.029923830250272034,-0.002176278563656148,0.0750816104461371,-0.036996735582154515,-0.10718171926006528,0.0750816104461371,-0.13710554951033732,-0.13166485310119697,0.0750816104461371,-0.18063112078346028,0.015233949945593036,0.2513601741022851,-0.2584330794341676
KOSPI,KOSPI_BULL_V5_RET60_MAX_100_MA055,post,BULL,2025-09-15,031210,서울보증보험,KOSPI,2025-09-22,2025-09-23,2025-11-11,0.04559813084112149,4559813.08411215,MAX,0.2569832402234637,0.30339805825242716,0.24649399384877257,1.0,0.0,0.0,0.13484153351262987,0.7324837838535435,4503974600.0,0.005607476635514018,-0.044859813084112146,0.016822429906542057,-0.0616822429906542,-0.0691588785046729,0.028037383177570093,-0.07570093457943926,-0.05794392523364486,0.028037383177570093,-0.102803738317757,-0.05420560747663551,0.06542056074766354,-0.102803738317757
KOSPI,KOSPI_BULL_V5_RET60_MAX_100_MA055,post,BULL,2025-10-22,000660,SK하이닉스,KOSPI,2025-10-29,2025-10-30,2025-12-11,0.009544802867383514,954480.2867383513,MAX,0.3509865005192108,0.7932960893854749,0.5277630883130617,0.9722222222222222,0.027777777777777776,0.03717472118959108,0.2698412698412698,1.1953036095123852,2680091298000.0,0.017921146953405017,0.06272401433691756,0.11827956989247312,-0.04659498207885305,0.0967741935483871,0.15770609318996415,-0.04659498207885305,-0.025089605734767026,0.15770609318996415,-0.10215053763440861,0.507168458781362,0.5304659498207885,-0.10215053763440861
KOSPI,KOSPI_BULL_V5_RET60_MAX_100_MA055,post,BULL,2026-01-06,105840,우진,KOSPI,2026-01-13,2026-01-14,2026-03-03,0.08985714285714286,8985714.285714285,TRAIL,0.2818134981968058,0.3035594358629953,0.18374109348159734,0.9565217391304348,0.043478260869565216,0.024509803921568627,0.11001938550601482,0.6956141088052983,19747615800.0,0.016666666666666666,0.24761904761904763,0.36428571428571427,-0.03571428571428571,0.24523809523809523,0.39285714285714285,-0.03571428571428571,0.2,0.39285714285714285,-0.03571428571428571,0.12857142857142856,0.5095238095238095,-0.1380952380952381
KOSPI,KOSPI_BULL_V5_RET60_MAX_100_MA055,post,BULL,2026-01-07,005935,삼성전자우,KOSPI,2026-01-14,2026-01-15,2026-03-04,0.1094031007751938,10940310.07751938,TRAIL,0.2623426911907067,0.4757142857142857,0.2900405869497346,0.9545454545454546,0.045454545454545456,0.018627450980392157,0.13328970331588133,0.8321760023329035,287159755100.0,0.03488372093023256,0.07848837209302326,0.11337209302325581,-0.006782945736434108,0.12015503875968993,0.17344961240310078,-0.006782945736434108,0.18313953488372092,0.18313953488372092,-0.006782945736434108,0.4011627906976744,0.45348837209302323,-0.006782945736434108
KOSPI,KOSPI_BULL_V5_RET60_MAX_100_MA055,post,BULL,2026-01-27,005930,삼성전자,KOSPI,2026-02-03,2026-02-04,2026-03-04,0.05021100917431193,5021100.9174311925,TRAIL,0.29529780564263325,0.5870646766169154,0.37411156579797544,1.0,0.0,0.060797973400886635,0.12047628603919995,1.2027071987849838,6118743677500.0,0.03425076452599388,0.026299694189602447,0.036085626911314984,-0.072782874617737,0.18042813455657492,0.20856269113149847,-0.072782874617737,0.1492354740061162,0.363914373088685,-0.072782874617737,0.6605504587155964,0.6941896024464832,-0.072782874617737
KOSPI,KOSPI_BULL_V5_RET60_MAX_100_MA055,post,BULL,2026-01-27,000660,SK하이닉스,KOSPI,2026-02-03,2026-02-04,2026-03-04,-0.042592760180995476,-4259276.018099547,TRAIL,0.2625,0.4336917562724014,0.28942137215924346,1.0,0.0,0.03775743707093822,0.16066287030520188,1.0907865385229463,4782191966000.0,0.01809954751131222,-0.027149321266968326,0.024886877828054297,-0.10520361990950226,0.0757918552036199,0.1085972850678733,-0.10520361990950226,0.06108597285067873,0.24321266968325791,-0.10520361990950226,0.8710407239819005,0.8834841628959276,-0.10520361990950226
KOSPI,KOSPI_BULL_V5_RET60_MAX_100_MA055,post,BULL,2026-01-27,005935,삼성전자우,KOSPI,2026-02-03,2026-02-04,2026-03-04,-0.018437392795883363,-1843739.2795883364,TRAIL,0.2557117750439367,0.42428035043804757,0.3014886682042583,1.0,0.0,0.05327510917030567,0.0992616899097621,0.8287950780446725,427276634400.0,0.03344768439108062,-0.004288164665523156,0.03516295025728988,-0.08404802744425385,0.1672384219554031,0.19897084048027444,-0.08404802744425385,0.153516295025729,0.2864493996569468,-0.08404802744425385,0.5900514579759862,0.6698113207547169,-0.08404802744425385
KOSPI,KOSPI_BULL_V5_RET60_MAX_100_MA055,post,BULL,2026-01-27,000270,기아,KOSPI,2026-02-03,2026-02-04,2026-03-04,0.007315925209542231,731592.5209542231,TRAIL,0.3824104234527687,0.32556131260794474,0.2201584483717973,1.0,0.0,0.02598267821452365,0.027214514407684097,0.542698880693723,206586996000.0,0.01096067053513862,0.04319793681495809,0.04448742746615087,-0.039329464861379754,0.11347517730496454,0.1399097356544165,-0.039329464861379754,0.038039974210186976,0.37008381689232756,-0.039329464861379754,0.016118633139909737,0.37008381689232756,-0.07285622179239201
KOSPI,KOSPI_BULL_V5_RET60_MAX_100_MA055,post,BULL,2026-01-27,004800,효성,KOSPI,2026-02-03,2026-02-04,2026-03-04,-0.10722343324250681,-10722343.324250681,TRAIL,0.3586666666666667,0.22050447518307567,0.12310476071629117,0.9207920792079208,0.07920792079207921,0.036440084092501754,0.03300157150340492,0.6319609339936398,6091409400.0,0.02111716621253406,0.006130790190735695,0.04632152588555858,-0.07970027247956403,0.1737057220708447,0.17983651226158037,-0.07970027247956403,-0.04700272479564033,0.2098092643051771,-0.10831062670299728,0.8801089918256131,1.1662125340599454,-0.13555858310626703
KOSPI,KOSPI_BULL_V5_RET60_MAX_100_MA055,post,BULL,2026-02-04,012630,HDC,KOSPI,2026-02-11,2026-02-12,2026-05-13,0.13347058823529412,13347058.823529411,TRAIL,0.25415676959619954,0.22028985507246376,0.18963519737771625,0.9444444444444444,0.05555555555555555,0.009523809523809525,0.1335079933700476,0.7599281686007019,3474574000.0,0.009411764705882352,0.15294117647058825,0.18352941176470589,-0.009411764705882352,0.06352941176470588,0.24235294117647058,-0.009411764705882352,0.17882352941176471,0.24235294117647058,-0.009411764705882352,0.13647058823529412,0.4423529411764706,-0.009411764705882352
KOSPI,KOSPI_BULL_V5_RET60_MAX_100_MA055,post,BULL,2026-04-24,015860,일진홀딩스,KOSPI,2026-05-04,2026-05-06,2026-05-18,-0.123,-12300000.0,STOP,0.3246346555323591,0.3268698060941828,0.22833636072229935,1.0,0.0,0.2869481765834933,0.5348517797871123,7.990725164856691,41901771060.0,0.015659955257270694,0.07009694258016405,0.1506338553318419,-0.0686055182699478,-0.2117822520507084,0.1506338553318419,-0.2535421327367636,,,,,,
KOSDAQ,KOSDAQ_BULL_V4_AP06_SCOPE_BASELINE,pre,BULL,2012-06-14,078340,컴투스,KOSDAQ,2012-06-21,2012-06-22,2012-08-03,-0.016953488372093022,-1695348.8372093022,MAX,0.3333333333333333,0.9182692307692307,0.5358460304731355,1.0,0.0,0.0654911838790932,0.20788121073672186,0.996438789757331,24082659000.0,0.046511627906976744,-0.046511627906976744,0.06976744186046512,-0.06046511627906977,0.08372093023255814,0.10697674418604651,-0.06395348837209303,0.0034883720930232558,0.10813953488372093,-0.10697674418604651,0.4116279069767442,0.6441860465116279,-0.10697674418604651
KOSDAQ,KOSDAQ_BULL_V4_AP06_SCOPE_BASELINE,pre,BULL,2012-08-14,038290,마크로젠,KOSDAQ,2012-08-22,2012-08-23,2012-10-08,0.15869544740973313,15869544.740973312,MAX,0.2540834845735027,0.3775,0.17067988668555248,1.0,0.0,0.059422750424448216,0.22919334186939821,2.2254058130853167,10992009600.0,0.05023547880690738,0.054945054945054944,0.14285714285714285,-0.02511773940345369,0.02197802197802198,0.14285714285714285,-0.02511773940345369,0.0,0.14285714285714285,-0.07535321821036106,-0.012558869701726845,0.22762951334379905,-0.07535321821036106
KOSDAQ,KOSDAQ_BULL_V4_AP06_SCOPE_BASELINE,pre,BULL,2012-08-23,048260,오스템임플란트,KOSDAQ,2012-08-30,2012-08-31,2012-09-17,-0.123,-12300000.0,STOP,0.25210084033613445,0.8378378378378378,0.40585774058577395,0.9444444444444444,0.05555555555555555,0.020161290322580645,0.2154696132596685,1.417798428339595,24448655000.0,0.029411764705882353,0.00196078431372549,0.10392156862745099,-0.047058823529411764,-0.07058823529411765,0.10392156862745099,-0.07450980392156863,0.07647058823529412,0.10392156862745099,-0.12352941176470589,0.09803921568627451,0.3254901960784314,-0.12352941176470589
KOSDAQ,KOSDAQ_BULL_V4_AP06_SCOPE_BASELINE,pre,BULL,2012-09-10,102940,코오롱생명과학,KOSDAQ,2012-09-17,2012-09-18,2012-10-29,-0.027906600249066,-2790660.0249066,TRAIL,0.28403141361256545,0.7850467289719626,0.2873692340096889,0.9545454545454546,0.045454545454545456,0.020356234096692113,0.07090399252236614,1.0110576187889877,5382141800.0,0.0062266500622665,0.20797011207970112,0.21793275217932753,-0.0136986301369863,0.1793275217932752,0.2266500622665006,-0.0136986301369863,0.047322540473225407,0.24906600249066002,-0.014943960149439602,-0.047322540473225407,0.24906600249066002,-0.15566625155666253
KOSDAQ,KOSDAQ_BULL_V4_AP06_SCOPE_BASELINE,pre,BULL,2012-09-13,046140,SBS콘텐츠허브,KOSDAQ,2012-09-20,2012-09-21,2012-09-25,-0.063,-6300000.0,EARLY_FAIL_CLOSE,0.2795031055900621,0.40611353711790393,0.3027646662171274,1.0,0.0,0.015060240963855422,0.15827461763189551,1.0223786602372917,3635454900.0,0.011764705882352941,-0.0029411764705882353,0.026470588235294117,-0.07058823529411765,0.0,0.029411764705882353,-0.07058823529411765,-0.011764705882352941,0.07647058823529412,-0.10294117647058823,-0.25,0.07647058823529412,-0.25588235294117645
KOSDAQ,KOSDAQ_BULL_V4_AP06_SCOPE_BASELINE,pre,BULL,2012-09-18,096630,에스코넥,KOSDAQ,2012-09-25,2012-09-26,2012-10-12,0.23910526315789474,23910526.315789472,TRAIL,0.3342857142857143,0.5283842794759825,0.40646976090014064,1.0,0.0,0.18849840255591055,0.2631578947368421,2.3300104710369705,58727578620.0,0.021052631578947368,0.5,0.5210526315789473,-0.05263157894736842,0.24210526315789474,0.5684210526315789,-0.05263157894736842,0.06578947368421052,0.5684210526315789,-0.05263157894736842,-0.4394736842105263,0.5684210526315789,-0.5589473684210526
KOSDAQ,KOSDAQ_BULL_V4_AP06_SCOPE_BASELINE,pre,BULL,2012-09-26,123330,제닉,KOSDAQ,2012-10-05,2012-10-08,2012-10-16,-0.123,-12300000.0,STOP,0.323943661971831,0.25048923679060664,0.2551356129180102,0.9333333333333333,0.06666666666666667,0.04032258064516129,0.08112638283607107,0.9738086806160352,11413146000.0,0.026153846153846153,-0.04923076923076923,0.033846153846153845,-0.05076923076923077,-0.07692307692307693,0.033846153846153845,-0.19384615384615383,-0.04923076923076923,0.033846153846153845,-0.19384615384615383,-0.45692307692307693,0.033846153846153845,-0.46923076923076923
KOSDAQ,KOSDAQ_BULL_V4_AP06_SCOPE_BASELINE,pre,BULL,2012-10-08,026040,로만손,KOSDAQ,2012-10-15,2012-10-16,2012-10-18,-0.063,-6300000.0,EARLY_FAIL_CLOSE,0.257843137254902,0.5156017830609212,0.366986821532276,1.0,0.0,0.12195121951219512,0.4243690973834959,4.183544531700991,28137951600.0,0.00749063670411985,-0.1348314606741573,0.13108614232209737,-0.20599250936329588,-0.20599250936329588,0.13108614232209737,-0.25842696629213485,-0.18726591760299627,0.13108614232209737,-0.25842696629213485,-0.1760299625468165,0.13108614232209737,-0.3153558052434457
KOSDAQ,KOSDAQ_BULL_V4_AP06_SCOPE_BASELINE,pre,BULL,2013-02-22,048830,엔피케이,KOSDAQ,2013-03-04,2013-03-05,2013-03-07,-0.063,-6300000.0,EARLY_FAIL_CLOSE,0.39855072463768115,0.7380352644836272,0.6356524831101102,1.0,0.0,0.050790067720090294,0.572767970267759,1.7537271201055136,13881149485.0,0.014656144306651634,-0.17925591882750846,0.12063134160090191,-0.19503945885005636,-0.13979706877113868,0.12063134160090191,-0.25140924464487036,-0.2919954904171364,0.12063134160090191,-0.3055242390078918,-0.3134160090191657,0.12063134160090191,-0.4047350620067644
KOSDAQ,KOSDAQ_BULL_V4_AP06_SCOPE_BASELINE,pre,BULL,2013-02-28,025880,케이씨피드,KOSDAQ,2013-03-08,2013-03-11,2013-03-14,-0.063,-6300000.0,EARLY_FAIL_CLOSE,0.29640287769784174,0.6992665036674817,0.2575012816260065,1.0,0.0,0.06683804627249357,0.15125875580830847,0.9510103040211788,5352595300.0,0.125,-0.09669811320754718,0.16745283018867924,-0.14386792452830188,-0.125,0.16745283018867924,-0.15683962264150944,-0.29245283018867924,0.16745283018867924,-0.29952830188679247,-0.3443396226415094,0.16745283018867924,-0.3490566037735849
KOSDAQ,KOSDAQ_BULL_V4_AP06_SCOPE_BASELINE,pre,BULL,2013-03-06,038950,파인디지털,KOSDAQ,2013-03-13,2013-03-14,2013-04-25,0.016801980198019803,1680198.0198019804,MAX,0.2723535457348407,0.47424242424242424,0.20944686140459912,0.9361702127659575,0.06382978723404255,0.036458333333333336,0.04030529562444456,1.362110499335876,5267132000.0,0.0594059405940594,0.024752475247524754,0.0891089108910891,-0.009900990099009901,0.0297029702970297,0.0891089108910891,-0.009900990099009901,-0.01485148514851485,0.0891089108910891,-0.0891089108910891,-0.22574257425742575,0.12871287128712872,-0.2712871287128713
KOSDAQ,KOSDAQ_BULL_V4_AP06_SCOPE_BASELINE,pre,BULL,2013-03-07,049180,코리아본뱅크,KOSDAQ,2013-03-14,2013-03-15,2013-03-20,-0.063,-6300000.0,EARLY_FAIL_CLOSE,0.30185185185185187,0.44,0.35121045936985223,0.9333333333333333,0.06666666666666667,0.01282051282051282,0.181337852656764,0.834643004953899,6847377930.0,0.021367521367521368,-0.07264957264957266,0.042735042735042736,-0.10256410256410256,-0.09829059829059829,0.042735042735042736,-0.15128205128205127,3.9572649572649574,3.9572649572649574,-0.21794871794871795,2.8632478632478633,5.042735042735043,-0.21794871794871795
KOSDAQ,KOSDAQ_BULL_V4_AP06_SCOPE_BASELINE,pre,BULL,2013-03-27,060590,씨티씨바이오,KOSDAQ,2013-04-03,2013-04-04,2013-05-14,-0.123,-12300000.0,STOP,0.34923076923076923,0.4840182648401826,0.27376053301979225,0.9512195121951219,0.04878048780487805,0.060092449922958396,0.16937197246536925,1.128824829524203,28228640000.0,0.008823529411764706,-0.03529411764705882,0.07205882352941176,-0.11470588235294117,0.06764705882352941,0.07205882352941176,-0.11470588235294117,0.0058823529411764705,0.08529411764705883,-0.11470588235294117,-0.24705882352941178,0.08529411764705883,-0.375
KOSDAQ,KOSDAQ_BULL_V4_AP06_SCOPE_BASELINE,pre,BULL,2013-04-26,950110,SBI액시즈,KOSDAQ,2013-05-06,2013-05-07,2013-06-04,-0.069006600660066,-6900660.0660066,TRAIL,0.3941368078175896,0.584516129032258,0.4735705285894282,0.9714285714285714,0.02857142857142857,0.039655172413793106,0.2654774396642183,1.2395212926298886,5344606080.0,0.04950495049504951,0.16666666666666666,0.22442244224422442,-0.026402640264026403,0.0594059405940594,0.22442244224422442,-0.041254125412541254,-0.12376237623762376,0.22442244224422442,-0.1353135313531353,-0.3341584158415842,0.22442244224422442,-0.34075907590759075
KOSDAQ,KOSDAQ_BULL_V4_AP06_SCOPE_BASELINE,pre,BULL,2013-08-19,001840,이화공영,KOSDAQ,2013-08-27,2013-08-28,2013-10-21,0.4114385026737968,41143850.26737968,TRAIL,0.27666666666666667,0.4634146341463415,0.24502853190385604,1.0,0.0,0.049315068493150684,0.44897380119171476,0.9709528179471864,4815953070.0,0.06951871657754011,0.25133689839572193,0.3342245989304813,0.0,0.15508021390374332,0.3342245989304813,0.0,0.7112299465240641,0.786096256684492,0.0,0.13101604278074866,0.8288770053475936,0.0
KOSDAQ,KOSDAQ_BULL_V4_AP06_SCOPE_BASELINE,pre,BULL,2013-09-12,100120,뷰웍스,KOSDAQ,2013-09-24,2013-09-25,2013-12-20,0.14583720930232558,14583720.930232558,MAX,0.31625835189309576,0.3323442136498516,0.27081466106891844,0.9444444444444444,0.05555555555555555,0.007009345794392523,0.04144013531472756,0.7324461598606866,4536081050.0,0.07674418604651163,0.12325581395348838,0.12325581395348838,0.0,0.1697674418604651,0.2,0.0,0.24186046511627907,0.2534883720930233,0.0,0.14883720930232558,0.3116279069767442,0.0
KOSDAQ,KOSDAQ_BULL_V4_AP06_SCOPE_BASELINE,pre,BULL,2013-10-29,096630,에스코넥,KOSDAQ,2013-11-05,2013-11-06,2013-11-14,-0.123,-12300000.0,STOP,0.2844574780058651,0.5088495575221239,0.2663241938478677,1.0,0.0,0.024615384615384615,0.05146826649826334,0.43894526432646935,4252491585.0,0.00872093023255814,-0.08430232558139535,0.055232558139534885,-0.09302325581395349,-0.17151162790697674,0.055232558139534885,-0.19767441860465115,-0.17732558139534885,0.055232558139534885,-0.21511627906976744,-0.19186046511627908,0.055232558139534885,-0.24127906976744187
KOSDAQ,KOSDAQ_BULL_V4_AP06_SCOPE_BASELINE,pre,BULL,2014-11-28,086390,유니테스트,KOSDAQ,2014-12-05,2014-12-08,2015-03-10,0.37961851015801357,37961851.015801355,MAX,0.3088235294117647,0.9973297730307076,0.4727308525300256,0.9577464788732394,0.04225352112676056,0.07730061349693251,0.16383881230116648,1.4348492453179156,8613092200.0,0.019187358916478554,-0.040632054176072234,0.055304740406320545,-0.08465011286681716,0.0654627539503386,0.12866817155756208,-0.08465011286681716,0.17945823927765236,0.21896162528216703,-0.08465011286681716,0.38261851015801357,0.48419864559819414,-0.08465011286681716
KOSDAQ,KOSDAQ_BULL_V4_AP06_SCOPE_BASELINE,pre,BULL,2014-12-08,900110,이스트아시아홀딩스,KOSDAQ,2014-12-15,2014-12-16,2014-12-18,-0.063,-6300000.0,EARLY_FAIL_CLOSE,0.3907103825136612,0.24489795918367346,0.28323496756851524,1.0,0.0,0.06231884057971015,0.873961395883932,3.1279683223695316,24269171875.0,0.037037037037037035,-0.2857142857142857,0.10978835978835978,-0.32936507936507936,-0.47883597883597884,0.10978835978835978,-0.49867724867724866,-0.5462962962962963,0.10978835978835978,-0.5952380952380952,-0.35714285714285715,0.10978835978835978,-0.6058201058201058
KOSDAQ,KOSDAQ_BULL_V4_AP06_SCOPE_BASELINE,pre,BULL,2014-12-09,900070,글로벌에스엠,KOSDAQ,2014-12-16,2014-12-18,2014-12-19,-0.063,-6300000.0,EARLY_FAIL_CLOSE,0.27601809954751133,0.33454106280193235,0.23918284955983773,1.0,0.0,0.07878787878787878,0.5957685239141153,4.323797702579669,15977694740.0,0.07590759075907591,-0.25412541254125415,0.29042904290429045,-0.25412541254125415,-0.26732673267326734,0.29042904290429045,-0.32673267326732675,-0.23432343234323433,0.29042904290429045,-0.32673267326732675,-0.2079207920792079,0.29042904290429045,-0.32673267326732675
KOSDAQ,KOSDAQ_BULL_V4_AP06_SCOPE_BASELINE,pre,BULL,2015-01-09,015710,코콤,KOSDAQ,2015-01-16,2015-01-19,2015-01-21,-0.063,-6300000.0,EARLY_FAIL_CLOSE,0.3962882096069869,0.9203354297693921,0.5202898951619594,1.0,0.0,0.043859649122807015,0.266563780533234,1.607075658913542,42732269300.0,0.008333333333333333,-0.029166666666666667,0.05416666666666667,-0.14166666666666666,-0.05,0.0875,-0.14166666666666666,0.43333333333333335,0.8916666666666667,-0.14166666666666666,0.2375,0.8916666666666667,-0.14166666666666666
KOSDAQ,KOSDAQ_BULL_V4_AP06_SCOPE_BASELINE,pre,BULL,2015-01-12,086390,유니테스트,KOSDAQ,2015-01-19,2015-01-20,2015-03-06,0.0656695278969957,6566952.78969957,MAX,0.2854625550660793,1.4097664543524415,0.47890764970953914,1.0,0.0,0.05909090909090909,0.15021967714863999,1.392773277917141,9280949200.0,0.034334763948497854,0.06437768240343347,0.09871244635193133,-0.07296137339055794,0.02145922746781116,0.09871244635193133,-0.09871244635193133,0.008583690987124463,0.11587982832618025,-0.09871244635193133,0.08583690987124463,0.19313304721030042,-0.09871244635193133
KOSDAQ,KOSDAQ_BULL_V4_AP06_SCOPE_BASELINE,pre,BULL,2015-01-26,036490,OCI머티리얼즈,KOSDAQ,2015-02-02,2015-02-03,2015-05-04,0.4947307110438729,49473071.10438729,MAX,0.2696969696969697,0.34146341463414637,0.20390356610829058,1.0,0.0,0.006230529595015576,0.029564108693919833,0.6618144770863871,4313923400.0,0.024205748865355523,0.07866868381240545,0.09228441754916793,-0.009077155824508321,0.2178517397881997,0.22692889561270801,-0.009077155824508321,0.24508320726172467,0.2950075642965204,-0.009077155824508321,0.4977307110438729,0.7912254160363086,-0.009077155824508321
KOSDAQ,KOSDAQ_BULL_V4_AP06_SCOPE_BASELINE,pre,BULL,2015-01-28,093920,서원인텍,KOSDAQ,2015-02-04,2015-02-05,2015-03-24,0.05236332179930796,5236332.179930796,MAX,0.2631578947368421,0.4600409836065574,0.30821959728257553,1.0,0.0,0.04316546762589928,0.1262135922330097,0.8741686391782812,6253879000.0,0.010380622837370242,0.06920415224913495,0.12110726643598616,-0.01730103806228374,0.08650519031141868,0.14878892733564014,-0.01730103806228374,0.11418685121107267,0.14878892733564014,-0.01730103806228374,-0.04152249134948097,0.14878892733564014,-0.09342560553633218
KOSDAQ,KOSDAQ_BULL_V4_AP06_SCOPE_BASELINE,pre,BULL,2015-01-29,069110,코스온,KOSDAQ,2015-02-05,2015-02-06,2015-04-14,0.6400517711171662,64005177.11171661,TRAIL,0.37317784256559766,0.4351464435146444,0.40512344330347383,0.9444444444444444,0.05555555555555555,0.08235294117647059,0.1717879318579844,1.8701808760669076,22032252000.0,0.010899182561307902,0.01907356948228883,0.05994550408719346,-0.0653950953678474,0.027247956403269755,0.07629427792915532,-0.0653950953678474,-0.04087193460490463,0.07629427792915532,-0.10626702997275204,0.659400544959128,1.1716621253405994,-0.10626702997275204
KOSDAQ,KOSDAQ_BULL_V4_AP06_SCOPE_BASELINE,pre,BULL,2015-02-17,127120,디엔에이링크,KOSDAQ,2015-02-27,2015-03-02,2015-03-19,-0.123,-12300000.0,STOP,0.31958762886597936,0.36619718309859156,0.2803167794093384,0.9583333333333334,0.041666666666666664,0.04381443298969072,0.13716130843745614,1.0620567938027752,3663042750.0,0.07579462102689487,0.039119804400977995,0.09535452322738386,-0.07823960880195599,-0.034229828850855744,0.09535452322738386,-0.07823960880195599,-0.1784841075794621,0.09535452322738386,-0.1784841075794621,-0.15158924205378974,0.20537897310513448,-0.21515892420537897
KOSDAQ,KOSDAQ_BULL_V4_AP06_SCOPE_BASELINE,pre,BULL,2015-03-17,069110,코스온,KOSDAQ,2015-03-24,2015-03-25,2015-04-14,0.2558726513569937,25587265.135699373,TRAIL,0.26741573033707866,1.265784114052953,0.40185443815564253,0.9743589743589743,0.02564102564102564,0.08767772511848342,0.1725635457912888,0.9673501174267987,12346549200.0,0.10020876826722339,0.11691022964509394,0.21920668058455114,-0.012526096033402923,0.35281837160751567,0.42588726513569936,-0.012526096033402923,0.3862212943632568,0.6638830897703549,-0.012526096033402923,0.6116910229645094,0.7077244258872651,-0.012526096033402923
KOSDAQ,KOSDAQ_BULL_V4_AP06_SCOPE_BASELINE,pre,BULL,2015-03-30,046940,우원개발,KOSDAQ,2015-04-06,2015-04-07,2015-04-14,0.11454385964912281,11454385.96491228,TRAIL,0.35691318327974275,0.7873563218390804,0.45106730432753994,1.0,0.0,0.057692307692307696,0.8814675446848542,2.963100022916121,17523005500.0,0.09649122807017543,0.010526315789473684,0.4,-0.0912280701754386,0.0,0.4,-0.0912280701754386,-0.11228070175438597,0.4,-0.22280701754385965,-0.2631578947368421,0.4,-0.3201754385964912
KOSDAQ,KOSDAQ_BULL_V4_AP06_SCOPE_BASELINE,pre,BULL,2015-04-03,065170,엔알디,KOSDAQ,2015-04-10,2015-04-13,2015-04-15,-0.063,-6300000.0,EARLY_FAIL_CLOSE,0.3880952380952381,0.7427385892116183,0.5320080248039395,0.9861111111111112,0.013888888888888888,0.1488469601677149,0.4474379292128896,0.9050061837843459,6713594580.0,0.08996539792387544,-0.07093425605536333,0.1972318339100346,-0.10899653979238755,-0.05709342560553633,0.1972318339100346,-0.2041522491349481,-0.06055363321799308,0.1972318339100346,-0.24567474048442905,-0.0657439446366782,0.1972318339100346,-0.25259515570934254
KOSDAQ,KOSDAQ_BULL_V4_AP06_SCOPE_BASELINE,pre,BULL,2015-04-06,014190,원익큐브,KOSDAQ,2015-04-13,2015-04-14,2015-04-24,0.008363636363636365,836363.6363636365,TRAIL,0.36103151862464183,0.3397312859884837,0.1553422163370024,1.0,0.0,0.104,0.2254865684896026,1.9274107042213355,18019499040.0,0.015909090909090907,0.0875,0.275,-0.06363636363636363,0.0125,0.275,-0.06363636363636363,-0.06363636363636363,0.275,-0.1806818181818182,-0.23068181818181818,0.275,-0.2840909090909091
KOSDAQ,KOSDAQ_BULL_V4_AP06_SCOPE_BASELINE,pre,BULL,2015-04-13,063170,서울옥션,KOSDAQ,2015-04-20,2015-04-21,2015-04-22,-0.123,-12300000.0,STOP,0.3713147410358566,1.225177304964539,0.6290943706460127,0.9285714285714286,0.07142857142857142,0.04780876494023904,0.18805619550978,0.6143071111492134,3962265950.0,0.007434944237918215,0.31970260223048325,0.31970260223048325,-0.13011152416356878,0.24535315985130113,0.48698884758364314,-0.13011152416356878,0.44981412639405205,0.48698884758364314,-0.13011152416356878,0.5910780669144982,0.7137546468401487,-0.13011152416356878
KOSDAQ,KOSDAQ_BULL_V4_AP06_SCOPE_BASELINE,pre,BULL,2015-04-27,078940,일경산업개발,KOSDAQ,2015-05-06,2015-05-07,2015-05-12,0.03157446808510638,3157446.8085106383,TRAIL,0.3719676549865229,1.1695906432748537,0.40019373749827025,1.0,0.0,0.10714285714285714,0.2074001947419669,1.1139168411148934,5679976860.0,0.0425531914893617,0.10106382978723404,0.39361702127659576,-0.07712765957446809,0.06648936170212766,0.39361702127659576,-0.09840425531914894,0.2845744680851064,0.39361702127659576,-0.09840425531914894,-0.10106382978723404,1.0372340425531914,-0.21010638297872342
KOSDAQ,KOSDAQ_BULL_V4_AP06_SCOPE_BASELINE,pre,BULL,2015-04-27,067630,에너지솔루션,KOSDAQ,2015-05-06,2015-05-07,2015-05-14,-0.123,-12300000.0,STOP,0.34172661870503596,0.3333333333333333,0.3494599733020508,0.9857142857142858,0.014285714285714285,0.13018867924528302,0.14674069110749496,1.8684456301879806,3856901100.0,0.05175292153589316,-0.07846410684474124,0.12520868113522537,-0.16193656093489148,-0.10517529215358931,0.12520868113522537,-0.16193656093489148,0.41736227045075125,0.4240400667779633,-0.16193656093489148,0.24373956594323873,1.0467445742904842,-0.16193656093489148
KOSDAQ,KOSDAQ_BULL_V4_AP06_SCOPE_BASELINE,pre,BULL,2015-09-11,114120,크루셜텍,KOSDAQ,2015-09-18,2015-09-21,2015-10-14,-0.123,-12300000.0,STOP,0.25075528700906347,0.5539906103286385,0.15438270169727975,1.0,0.0,0.009202453987730062,0.04827146726143062,0.517621406173246,7299325600.0,0.036585365853658534,-0.03048780487804878,0.042682926829268296,-0.04878048780487805,-0.04878048780487805,0.042682926829268296,-0.054878048780487805,-0.10975609756097561,0.042682926829268296,-0.14939024390243902,-0.04573170731707317,0.042682926829268296,-0.21341463414634146
KOSDAQ,KOSDAQ_BULL_V4_AP06_SCOPE_BASELINE,pre,BULL,2015-11-25,078150,HB테크놀러지,KOSDAQ,2015-12-11,2015-12-14,2016-02-16,0.26998050139275764,26998050.139275763,TRAIL,0.30606060606060603,0.36929460580912865,0.23279995018990093,1.0,0.0,0.0136986301369863,0.21112929623567922,0.8283074059090375,5523665250.0,0.008356545961002786,0.04735376044568245,0.08356545961002786,-0.03899721448467967,0.14763231197771587,0.1671309192200557,-0.03899721448467967,0.4735376044568245,0.5738161559888579,-0.03899721448467967,0.3871866295264624,0.6100278551532033,-0.03899721448467967
KOSDAQ,KOSDAQ_BULL_V4_AP06_SCOPE_BASELINE,pre,BULL,2015-11-26,115530,씨엔플러스,KOSDAQ,2015-12-03,2015-12-04,2015-12-10,-0.123,-12300000.0,STOP,0.3818770226537217,1.128099173553719,0.34464751958224543,1.0,0.0,0.3,0.16785892530361005,7.562789214873484,24854906700.0,0.14,-0.165,0.395,-0.22,-0.24,0.395,-0.275,-0.3625,0.395,-0.385,-0.37,0.395,-0.4025
KOSDAQ,KOSDAQ_BULL_V4_AP06_SCOPE_BASELINE,pre,BULL,2016-03-16,160550,NEW,KOSDAQ,2016-03-23,2016-03-24,2016-04-06,-0.123,-12300000.0,STOP,0.3722397476340694,0.4541284403669725,0.40257211963895945,0.9333333333333333,0.06666666666666667,0.02258064516129032,0.13416815742397137,0.8004140338951629,22336327200.0,0.01892744479495268,-0.03785488958990536,0.07886435331230283,-0.04100946372239748,-0.1608832807570978,0.07886435331230283,-0.17034700315457413,-0.22082018927444794,0.07886435331230283,-0.2586750788643533,-0.23659305993690852,0.07886435331230283,-0.29337539432176657
KOSDAQ,KOSDAQ_BULL_V4_AP06_SCOPE_BASELINE,pre,BULL,2016-07-22,191420,테고사이언스,KOSDAQ,2016-07-29,2016-08-01,2016-08-05,-0.06857377049180328,-6857377.049180329,TRAIL,0.37955465587044535,0.7963636363636364,0.45604598039938105,1.0,0.0,0.1343804537521815,0.40890863769372493,1.854261599743457,19882460000.0,0.06408345752608048,-0.09090909090909091,0.3442622950819672,-0.11922503725782414,-0.12816691505216096,0.3442622950819672,-0.15052160953800298,-0.20417287630402384,0.3442622950819672,-0.22950819672131148,-0.3360655737704918,0.3442622950819672,-0.3591654247391952
KOSDAQ,KOSDAQ_BULL_V4_AP06_SCOPE_BASELINE,pre,BULL,2017-05-11,049950,미래컴퍼니,KOSDAQ,2017-05-18,2017-05-19,2017-06-19,0.32969961977186313,32969961.97718631,TRAIL,0.2517985611510791,0.9776422764227642,0.24663677130044842,0.9672131147540983,0.03278688524590164,0.05,0.1690046760187041,1.2699019063634893,6509737500.0,0.06653992395437262,0.16920152091254753,0.21102661596958175,-0.02091254752851711,0.23193916349809887,0.2509505703422053,-0.02091254752851711,0.33269961977186313,0.6825095057034221,-0.02091254752851711,0.3973384030418251,0.6825095057034221,-0.02091254752851711
KOSDAQ,KOSDAQ_BULL_V4_AP06_SCOPE_BASELINE,pre,BULL,2017-06-08,036000,예림당,KOSDAQ,2017-06-15,2017-06-16,2017-07-03,0.13360062565172054,13360062.565172054,TRAIL,0.3070776255707763,0.539543057996485,0.31587512204891965,0.9302325581395349,0.06976744186046512,0.09101251422070535,0.17632628028212205,1.591394951968729,5697562850.0,0.027111574556830033,0.23566214807090718,0.251303441084463,-0.027111574556830033,0.23566214807090718,0.42857142857142855,-0.027111574556830033,0.10531803962460896,0.42857142857142855,-0.027111574556830033,-0.0667361835245047,0.42857142857142855,-0.1032325338894682
KOSDAQ,KOSDAQ_BULL_V4_AP06_SCOPE_BASELINE,pre,BULL,2017-06-22,048530,인트론바이오,KOSDAQ,2017-06-29,2017-06-30,2017-07-14,-0.123,-12300000.0,STOP,0.27874015748031494,0.5450121654501217,0.2477484853446865,0.9459459459459459,0.05405405405405406,0.0830860534124629,0.23781263247138618,2.1556442507483022,27118478000.0,0.06685236768802229,-0.04874651810584958,0.116991643454039,-0.05988857938718663,-0.11281337047353761,0.116991643454039,-0.13370473537604458,-0.08913649025069638,0.116991643454039,-0.13370473537604458,-0.18523676880222842,0.116991643454039,-0.19220055710306408
KOSDAQ,KOSDAQ_BULL_V4_AP06_SCOPE_BASELINE,pre,BULL,2017-06-27,121850,코이즈,KOSDAQ,2017-07-04,2017-07-05,2017-07-18,0.029085561497326207,2908556.149732621,TRAIL,0.3563218390804598,0.5236427320490368,0.4125669751583049,0.9230769230769231,0.07692307692307693,0.07347876004592423,0.2988817114676669,1.7310251873193987,3646883350.0,0.023529411764705882,0.23529411764705882,0.2887700534759358,-0.0074866310160427805,-0.2,0.3422459893048128,-0.21390374331550802,-0.3893048128342246,0.3422459893048128,-0.4117647058823529,-0.3764705882352941,0.3422459893048128,-0.5010695187165776
KOSDAQ,KOSDAQ_BULL_V4_AP06_SCOPE_BASELINE,pre,BULL,2017-07-18,018000,유니슨,KOSDAQ,2017-07-25,2017-07-26,2017-08-09,-0.123,-12300000.0,STOP,0.2696476964769648,1.2638036809815951,0.5038206826286297,0.9696969696969697,0.030303030303030304,0.10638297872340426,0.45315487571701724,2.676362260406606,63536560880.0,0.037815126050420166,-0.01680672268907563,0.10714285714285714,-0.09663865546218488,-0.1323529411764706,0.10714285714285714,-0.14705882352941177,-0.1134453781512605,0.10714285714285714,-0.23109243697478993,-0.23214285714285715,0.10714285714285714,-0.33613445378151263
KOSDAQ,KOSDAQ_BULL_V4_AP06_SCOPE_BASELINE,pre,BULL,2017-09-11,066970,엘앤에프,KOSDAQ,2017-09-18,2017-09-19,2017-09-20,-0.063,-6300000.0,EARLY_FAIL_CLOSE,0.348780487804878,0.8937644341801386,0.47845423402848725,1.0,0.0,0.008036739380022962,0.16152930281783304,0.6275440894008042,12959587300.0,0.032036613272311214,-0.18306636155606407,0.04576659038901602,-0.18764302059496568,-0.14073226544622425,0.04576659038901602,-0.2482837528604119,-0.23684210526315788,0.04576659038901602,-0.2757437070938215,-0.10297482837528604,0.10411899313501144,-0.2951945080091533
KOSDAQ,KOSDAQ_BULL_V4_AP06_SCOPE_BASELINE,pre,BULL,2017-11-07,095610,테스,KOSDAQ,2017-11-14,2017-11-15,2017-12-21,-0.123,-12300000.0,STOP,0.2587131367292225,0.27521367521367524,0.17372492460993832,1.0,0.0,0.06274007682458387,0.17066290550070523,1.1595778871127442,13528377500.0,0.04390243902439024,0.026829268292682926,0.06585365853658537,-0.025609756097560974,-0.0024390243902439024,0.06585365853658537,-0.03902439024390244,-0.06341463414634146,0.06585365853658537,-0.11707317073170732,-0.16463414634146342,0.06585365853658537,-0.21707317073170732
KOSDAQ,KOSDAQ_BULL_V4_AP06_SCOPE_BASELINE,pre,BULL,2018-01-03,263750,펄어비스,KOSDAQ,2018-01-10,2018-01-11,2018-02-06,-0.123,-12300000.0,STOP,0.34478476821192056,1.1323918799646955,0.4113111290683749,1.0,0.0,0.056578947368421055,0.07379259622456484,1.2349819237964825,61398423900.0,0.0716123499142367,0.1457975986277873,0.16638078902229847,-0.014150943396226415,0.08104631217838765,0.16638078902229847,-0.014150943396226415,-0.008147512864493996,0.16638078902229847,-0.120926243567753,0.04502572898799314,0.23113207547169812,-0.12264150943396226
KOSDAQ,KOSDAQ_BULL_V4_AP06_SCOPE_BASELINE,pre,BULL,2018-01-10,112040,위메이드,KOSDAQ,2018-01-17,2018-01-18,2018-03-06,0.060316582914572855,6031658.291457285,MAX,0.34067085953878407,0.5411954765751211,0.19633825189148527,0.9565217391304348,0.043478260869565216,0.02265705458290422,0.026197488761432335,0.506581484123978,5906562600.0,0.035175879396984924,0.017085427135678392,0.0814070351758794,-0.009045226130653266,0.15175879396984926,0.15577889447236182,-0.009045226130653266,0.033165829145728645,0.1678391959798995,-0.06633165829145729,0.18391959798994975,0.19195979899497487,-0.09849246231155778
KOSDAQ,KOSDAQ_BULL_V4_AP06_SCOPE_BASELINE,pre,BULL,2018-01-15,141080,레고켐바이오,KOSDAQ,2018-01-22,2018-01-23,2018-02-06,-0.123,-12300000.0,STOP,0.27313769751693,0.5119453924914675,0.24371242074725694,0.9743589743589743,0.02564102564102564,0.022413793103448276,0.35419045444165337,0.7961956430008816,16084650600.0,0.008333333333333333,0.125,0.16,-0.041666666666666664,-0.08333333333333333,0.16,-0.15833333333333333,0.12,0.16,-0.15833333333333333,0.0033333333333333335,0.21666666666666667,-0.15833333333333333
KOSDAQ,KOSDAQ_BULL_V4_AP06_SCOPE_BASELINE,pre,BULL,2018-01-16,086890,이수앱지스,KOSDAQ,2018-01-23,2018-01-24,2018-02-07,-0.05205660377358491,-5205660.3773584915,TRAIL,0.3703056768558952,0.6937869822485208,0.38846783483902264,0.9444444444444444,0.05555555555555555,0.04819277108433735,0.23031960026397663,0.901930574724586,8065852650.0,0.05660377358490566,0.05660377358490566,0.20754716981132076,-0.011320754716981131,-0.04905660377358491,0.20754716981132076,-0.1018867924528302,0.01509433962264151,0.20754716981132076,-0.1018867924528302,-0.09056603773584905,0.20754716981132076,-0.1660377358490566
KOSDAQ,KOSDAQ_BULL_V4_AP06_SCOPE_BASELINE,pre,BULL,2018-01-18,086890,이수앱지스,KOSDAQ,2018-01-25,2018-01-26,2018-01-31,-0.063,-6300000.0,EARLY_FAIL_CLOSE,0.37165991902834006,0.8029197080291971,0.46980065456709313,0.9487179487179487,0.05128205128205128,0.10320284697508897,0.3765541740674956,1.525089811904849,18082145000.0,0.022950819672131147,-0.07540983606557378,0.04918032786885246,-0.14754098360655737,-0.12786885245901639,0.04918032786885246,-0.21967213114754097,-0.15081967213114755,0.04918032786885246,-0.21967213114754097,-0.22950819672131148,0.04918032786885246,-0.2754098360655738
KOSDAQ,KOSDAQ_BULL_V4_AP06_SCOPE_BASELINE,pre,BULL,2018-01-23,014190,원익큐브,KOSDAQ,2018-01-30,2018-01-31,2018-02-28,0.11314173228346457,11314173.228346456,TRAIL,0.3008474576271186,0.3074792243767313,0.16246613578523927,1.0,0.0,0.03877551020408163,0.11843550867941112,0.5474320613738736,3674585525.0,0.14960629921259844,0.1377952755905512,0.27755905511811024,-0.027559055118110236,0.1732283464566929,0.31496062992125984,-0.027559055118110236,0.15551181102362205,0.4448818897637795,-0.027559055118110236,0.07283464566929133,0.4448818897637795,-0.027559055118110236
KOSDAQ,KOSDAQ_BULL_V4_AP06_SCOPE_BASELINE,pre,BULL,2018-02-01,030790,동양네트웍스,KOSDAQ,2018-02-08,2018-02-09,2018-03-26,0.22616666666666665,22616666.666666664,TRAIL,0.3382352941176471,0.29936305732484075,0.2442185514612453,0.9574468085106383,0.0425531914893617,0.08260869565217391,0.2997520553308104,0.7499983990158411,7552877160.0,0.035416666666666666,0.12291666666666666,0.15625,-0.06041666666666667,0.19166666666666668,0.2708333333333333,-0.06041666666666667,0.3958333333333333,0.5375,-0.06041666666666667,0.60625,0.93125,-0.06041666666666667
KOSDAQ,KOSDAQ_BULL_V4_AP06_SCOPE_BASELINE,pre,BULL,2018-06-12,042000,카페24,KOSDAQ,2018-06-20,2018-06-21,2018-06-26,-0.063,-6300000.0,EARLY_FAIL_CLOSE,0.2866779089376054,0.7951564076690212,0.28524984948826015,1.0,0.0,0.07820895522388059,0.07656999791362404,0.6728780041766077,22380493800.0,0.021666666666666667,-0.042222222222222223,0.04388888888888889,-0.11388888888888889,-0.034444444444444444,0.04388888888888889,-0.11388888888888889,0.04055555555555555,0.13666666666666666,-0.11388888888888889,-0.1238888888888889,0.13666666666666666,-0.22944444444444445
KOSDAQ,KOSDAQ_BULL_V4_AP06_SCOPE_BASELINE,pre,BULL,2018-06-12,091580,상신이디피,KOSDAQ,2018-06-20,2018-06-21,2018-08-02,0.004326007326007326,432600.7326007326,MAX,0.2785714285714286,0.21739130434782608,0.17581187010078395,0.95,0.05,0.04198473282442748,0.11088504577822991,0.8904832461754015,4222750350.0,0.018315018315018316,-0.003663003663003663,0.07326007326007326,-0.05128205128205128,-0.02564102564102564,0.08058608058608059,-0.06593406593406594,0.10622710622710622,0.20146520146520147,-0.07326007326007326,0.28205128205128205,0.34065934065934067,-0.1282051282051282
KOSDAQ,KOSDAQ_BULL_V4_AP06_SCOPE_BASELINE,pre,BULL,2018-09-14,003670,포스코켐텍,KOSDAQ,2018-09-21,2018-09-27,2018-10-11,-0.123,-12300000.0,STOP,0.3321060382916053,0.6014150943396226,0.32354374451772205,1.0,0.0,0.022857142857142857,0.10981942183988219,0.6545101984444157,32684182800.0,0.06406685236768803,-0.0988857938718663,0.13231197771587744,-0.11420612813370473,-0.06128133704735376,0.13231197771587744,-0.13788300835654596,-0.08635097493036212,0.13231197771587744,-0.13788300835654596,-0.10306406685236769,0.13231197771587744,-0.21030640668523676
KOSDAQ,KOSDAQ_BULL_V4_AP06_SCOPE_BASELINE,pre,BULL,2019-01-17,220180,핸디소프트,KOSDAQ,2019-01-24,2019-01-25,2019-02-19,-0.123,-12300000.0,STOP,0.2955112219451372,1.1734417344173442,0.42503886873473007,0.963855421686747,0.03614457831325301,0.10498687664041995,0.16620498614958448,1.5008606095306762,4469462300.0,0.04609929078014184,0.016548463356973995,0.09929078014184398,-0.03309692671394799,-0.07328605200945626,0.09929078014184398,-0.10756501182033097,-0.09574468085106383,0.09929078014184398,-0.1607565011820331,-0.3108747044917258,0.09929078014184398,-0.3215130023640662
KOSDAQ,KOSDAQ_BULL_V4_AP06_SCOPE_BASELINE,pre,BULL,2019-01-23,048470,대동스틸,KOSDAQ,2019-01-30,2019-01-31,2019-02-20,-0.123,-12300000.0,STOP,0.346031746031746,0.39226519337016574,0.1809363137916491,1.0,0.0,0.06302521008403361,0.06079664570230608,0.9620493701574154,5185007300.0,0.007905138339920948,-0.023715415019762844,0.07509881422924901,-0.03162055335968379,-0.06324110671936758,0.07509881422924901,-0.07114624505928854,-0.33359683794466405,0.07509881422924901,-0.3683794466403162,-0.38102766798418974,0.07509881422924901,-0.39446640316205533
KOSDAQ,KOSDAQ_BULL_V4_AP06_SCOPE_BASELINE,pre,BULL,2019-02-14,032820,우리기술,KOSDAQ,2019-02-21,2019-02-22,2019-02-28,-0.123,-12300000.0,STOP,0.26936026936026936,0.3623853211009174,0.20153732047737838,1.0,0.0,0.03367003367003367,0.09642857142857143,0.9335408665490416,6017988990.0,0.012861736334405145,-0.1639871382636656,0.08360128617363344,-0.24115755627009647,-0.2315112540192926,0.08360128617363344,-0.24115755627009647,-0.06752411575562701,0.08360128617363344,-0.24115755627009647,-0.18971061093247588,0.08360128617363344,-0.2797427652733119
KOSDAQ,KOSDAQ_BULL_V4_AP06_SCOPE_BASELINE,pre,BULL,2019-04-04,029960,코엔텍,KOSDAQ,2019-04-11,2019-04-12,2019-05-28,0.024149321266968327,2414932.126696833,MAX,0.26239669421487605,0.37110481586402266,0.2053793790469865,1.0,0.0,0.0,0.13348170384555666,0.570096111133125,4789256250.0,0.027149321266968326,0.004524886877828055,0.05429864253393665,-0.004524886877828055,-0.01809954751131222,0.08597285067873303,-0.04524886877828054,0.13574660633484162,0.17194570135746606,-0.04524886877828054,0.0,0.2081447963800905,-0.04524886877828054
KOSDAQ,KOSDAQ_BULL_V4_AP06_SCOPE_BASELINE,pre,BULL,2019-04-11,043370,평화정공,KOSDAQ,2019-04-18,2019-04-19,2019-04-26,-0.123,-12300000.0,STOP,0.2542056074766355,0.6212121212121212,0.28133482356698075,0.9523809523809523,0.047619047619047616,0.07906976744186046,0.1859728044167263,4.720439399359763,5028089600.0,0.017241379310344827,-0.11637931034482758,0.04310344827586207,-0.1413793103448276,-0.17413793103448275,0.04310344827586207,-0.1810344827586207,-0.27586206896551724,0.04310344827586207,-0.28706896551724137,-0.23017241379310344,0.04310344827586207,-0.3146551724137931
KOSDAQ,KOSDAQ_BULL_V4_AP06_SCOPE_BASELINE,pre,BULL,2019-04-16,179900,유티아이,KOSDAQ,2019-04-23,2019-04-24,2019-04-25,-0.063,-6300000.0,EARLY_FAIL_CLOSE,0.3516483516483517,1.6883308714918759,0.7503646593040215,1.0,0.0,0.07579462102689487,0.34494880024453617,0.7585882801515621,4376988000.0,0.03146067415730337,-0.14382022471910114,0.04943820224719101,-0.18876404494382024,-0.2449438202247191,0.04943820224719101,-0.3348314606741573,-0.2539325842696629,0.04943820224719101,-0.33707865168539325,0.11910112359550562,0.2696629213483146,-0.33707865168539325
KOSDAQ,KOSDAQ_BULL_V4_AP06_SCOPE_BASELINE,pre,BULL,2019-06-13,179900,유티아이,KOSDAQ,2019-06-20,2019-06-21,2019-06-24,-0.063,-6300000.0,EARLY_FAIL_CLOSE,0.2774725274725275,0.6697247706422018,0.07985166872682316,1.0,0.0,0.021791767554479417,0.14054054054054055,1.5044217263361457,5567804700.0,0.054373522458628844,-0.1016548463356974,0.06619385342789598,-0.12529550827423167,-0.14893617021276595,0.06619385342789598,-0.2127659574468085,0.2222222222222222,0.33569739952718675,-0.2127659574468085,-0.0070921985815602835,0.33569739952718675,-0.2198581560283688
KOSDAQ,KOSDAQ_BULL_V4_AP06_SCOPE_BASELINE,pre,BULL,2019-11-12,131760,파인텍,KOSDAQ,2019-11-19,2019-11-20,2019-11-29,0.08790909090909091,8790909.090909092,TRAIL,0.2535211267605634,0.3209302325581395,0.25998225377107365,1.0,0.0,0.04106280193236715,0.61847540368006,0.7301970106902816,7453306705.0,0.20813397129186603,0.11722488038277512,0.38995215311004783,0.0,0.05263157894736842,0.38995215311004783,0.0,0.045454545454545456,0.38995215311004783,-0.12200956937799043,0.023923444976076555,0.38995215311004783,-0.12200956937799043
KOSDAQ,KOSDAQ_BULL_V4_AP06_SCOPE_BASELINE,pre,BULL,2019-12-18,293780,압타바이오,KOSDAQ,2019-12-26,2019-12-27,2020-01-15,-0.123,-12300000.0,STOP,0.3708838821490468,0.7379518072289156,0.5030608257717187,1.0,0.0,0.06357388316151202,0.28743760399334445,0.947243699166583,61678645600.0,0.03685897435897436,-0.003205128205128205,0.1233974358974359,-0.03365384615384615,-0.09294871794871795,0.1233974358974359,-0.09615384615384616,-0.22275641025641027,0.1233974358974359,-0.23397435897435898,-0.4935897435897436,0.1233974358974359,-0.6089743589743589
KOSDAQ,KOSDAQ_BULL_V4_AP06_SCOPE_BASELINE,pre,BULL,2020-01-09,089890,코세스,KOSDAQ,2020-01-16,2020-01-17,2020-01-30,-0.123,-12300000.0,STOP,0.31808278867102396,0.22237017310252996,0.22161107168204394,0.9560439560439561,0.04395604395604396,0.08599779492833518,0.15353085841433423,2.011864085058936,5475821850.0,0.015,-0.09,0.06,-0.109,-0.153,0.06,-0.21,-0.207,0.06,-0.219,-0.417,0.06,-0.674
KOSDAQ,KOSDAQ_BULL_V4_AP06_SCOPE_BASELINE,pre,BULL,2020-01-09,036200,유니셈,KOSDAQ,2020-01-16,2020-01-17,2020-02-28,-0.123,-12300000.0,STOP,0.2689655172413793,0.2622415669205658,0.20300751879699247,1.0,0.0,0.07993197278911565,0.1567538027142727,2.6814840654721848,16825404500.0,0.012345679012345678,-0.004629629629629629,0.06172839506172839,-0.06481481481481481,-0.026234567901234566,0.06172839506172839,-0.11265432098765432,-0.0015432098765432098,0.09876543209876543,-0.11265432098765432,-0.279320987654321,0.09876543209876543,-0.5146604938271605
KOSDAQ,KOSDAQ_BULL_V4_AP06_SCOPE_BASELINE,pre,BULL,2020-04-17,053030,바이넥스,KOSDAQ,2020-04-24,2020-04-27,2020-06-11,0.1568360655737705,15683606.55737705,MAX,0.3323809523809524,0.35834411384217335,0.24059706195108513,0.9714285714285714,0.02857142857142857,0.15165876777251186,0.1397748592870544,5.070003454526004,199440172350.0,0.00819672131147541,-0.04918032786885246,0.06147540983606557,-0.05327868852459016,0.00819672131147541,0.07377049180327869,-0.06147540983606557,0.02459016393442623,0.22540983606557377,-0.06147540983606557,0.5327868852459017,0.6270491803278688,-0.06147540983606557
KOSDAQ,KOSDAQ_BULL_V4_AP06_SCOPE_BASELINE,pre,BULL,2020-05-06,068760,셀트리온제약,KOSDAQ,2020-05-13,2020-05-14,2020-08-06,0.455133971291866,45513397.1291866,MAX,0.2600276625172891,0.6678200692041523,0.33777407715792396,1.0,0.0,0.08974358974358974,0.16033035287693673,2.5931381578428288,403678685000.0,0.01076555023923445,0.028708133971291867,0.09808612440191387,-0.03708133971291866,0.03229665071770335,0.09808612440191387,-0.03708133971291866,0.5992822966507177,0.7045454545454546,-0.03708133971291866,0.458133971291866,0.7284688995215312,-0.03708133971291866
KOSDAQ,KOSDAQ_BULL_V4_AP06_SCOPE_BASELINE,pre,BULL,2020-05-19,095700,제넥신,KOSDAQ,2020-05-26,2020-05-27,2020-08-20,0.7153288409703504,71532884.09703505,MAX,0.29250720461095103,0.24372759856630824,0.14202652112502234,0.9333333333333333,0.06666666666666667,0.019204389574759947,0.0594610009981463,0.5365288515307008,29730922100.0,0.02021563342318059,0.005390835579514825,0.10242587601078167,-0.03908355795148248,0.0673854447439353,0.10242587601078167,-0.03908355795148248,0.330188679245283,0.49595687331536387,-0.03908355795148248,0.7183288409703504,0.9474393530997305,-0.03908355795148248
KOSDAQ,KOSDAQ_BULL_V4_AP06_SCOPE_BASELINE,pre,BULL,2020-05-22,065370,위세아이텍,KOSDAQ,2020-05-29,2020-06-01,2020-06-15,-0.123,-12300000.0,STOP,0.31010452961672474,0.3411214953271028,0.38656274156145315,0.9354838709677419,0.06451612903225806,0.05067567567567568,0.10518834399431415,3.5979323605885525,6113124850.0,0.07371794871794872,0.022435897435897436,0.08974358974358974,-0.009615384615384616,-0.11217948717948718,0.08974358974358974,-0.13141025641025642,-0.0673076923076923,0.08974358974358974,-0.13782051282051283,0.3942307692307692,0.7115384615384616,-0.13782051282051283
KOSDAQ,KOSDAQ_BULL_V4_AP06_SCOPE_BASELINE,pre,BULL,2020-05-25,214450,파마리서치프로덕트,KOSDAQ,2020-06-01,2020-06-02,2020-07-14,-0.012041591320072334,-1204159.1320072333,MAX,0.29852125693160814,0.2170978627671541,0.29671427144711865,0.9347826086956522,0.06521739130434782,0.06095238095238095,0.11394430278486076,1.7039841537934426,16524017700.0,0.027124773960216998,0.007233273056057866,0.07956600361663653,-0.02531645569620253,0.0379746835443038,0.12115732368896925,-0.0325497287522604,-0.018083182640144666,0.12115732368896925,-0.034358047016274866,0.2766726943942134,0.4050632911392405,-0.05244122965641953
KOSDAQ,KOSDAQ_BULL_V4_AP06_SCOPE_BASELINE,pre,BULL,2020-05-28,230360,에코마케팅,KOSDAQ,2020-06-04,2020-06-05,2020-07-17,0.061558629776021084,6155862.977602108,MAX,0.27717391304347827,0.42359767891682787,0.2987089374466959,0.9886363636363636,0.011363636363636364,0.07972027972027972,0.05949358402525218,3.0286988572662414,26178404200.0,0.01844532279314888,-0.015810276679841896,0.08959156785243742,-0.06455862977602109,-0.019762845849802372,0.08959156785243742,-0.06455862977602109,0.07905138339920949,0.09354413702239789,-0.07114624505928854,-0.22397891963109354,0.549407114624506,-0.2872200263504611
KOSDAQ,KOSDAQ_BULL_V4_AP06_SCOPE_BASELINE,pre,BULL,2020-06-02,115480,씨유메디칼,KOSDAQ,2020-06-09,2020-06-10,2020-06-15,-0.063,-6300000.0,EARLY_FAIL_CLOSE,0.25405405405405407,0.3089622641509434,0.14764267990074442,1.0,0.0,0.01078582434514638,0.19316114950891233,2.3517770213316127,28101363920.0,0.045871559633027525,-0.13608562691131498,0.07951070336391437,-0.16666666666666666,-0.03058103975535168,0.07951070336391437,-0.16666666666666666,-0.10703363914373089,0.07951070336391437,-0.16666666666666666,0.06574923547400612,0.31345565749235477,-0.23547400611620795
KOSDAQ,KOSDAQ_BULL_V4_AP06_SCOPE_BASELINE,pre,BULL,2020-06-04,216050,인크로스,KOSDAQ,2020-06-11,2020-06-12,2020-09-07,0.7836666666666666,78366666.66666666,MAX,0.30491803278688523,0.2681912681912682,0.4169570267131243,0.9629629629629629,0.037037037037037035,0.035175879396984924,0.12292177705096756,0.4787475729535826,3485303700.0,0.006666666666666667,0.016666666666666666,0.09333333333333334,-0.06,0.08,0.12833333333333333,-0.06,0.06666666666666667,0.2,-0.06,0.7866666666666666,0.96,-0.06
KOSDAQ,KOSDAQ_BULL_V4_AP06_SCOPE_BASELINE,pre,BULL,2020-06-12,121600,나노신소재,KOSDAQ,2020-06-19,2020-06-22,2020-08-18,0.9920738916256158,99207389.16256158,TRAIL,0.27384615384615385,0.5330188679245284,0.24540159411404047,0.9310344827586207,0.06896551724137931,0.02743142144638404,0.20432622040339082,1.7607404309553345,12319953600.0,0.034482758620689655,-0.034482758620689655,0.1206896551724138,-0.04433497536945813,0.05172413793103448,0.1206896551724138,-0.0665024630541872,0.31527093596059114,0.4433497536945813,-0.0665024630541872,1.0,1.5714285714285714,-0.0665024630541872
KOSDAQ,KOSDAQ_BULL_V4_AP06_SCOPE_BASELINE,pre,BULL,2020-07-10,033560,블루콤,KOSDAQ,2020-07-17,2020-07-20,2020-07-23,-0.063,-6300000.0,EARLY_FAIL_CLOSE,0.3211781206171108,1.103244837758112,0.39712606139777934,1.0,0.0,0.10148849797023005,0.1826238558767979,2.7330138265037043,7675132740.0,0.006218905472636816,0.0236318407960199,0.046019900497512436,-0.09328358208955224,0.03855721393034826,0.07338308457711443,-0.09328358208955224,-0.13557213930348258,0.07338308457711443,-0.20522388059701493,-0.1654228855721393,0.07338308457711443,-0.20522388059701493
KOSDAQ,KOSDAQ_BULL_V4_AP06_SCOPE_BASELINE,pre,BULL,2020-07-24,045300,성우테크론,KOSDAQ,2020-07-31,2020-08-03,2020-08-06,0.07392307692307692,7392307.692307692,TRAIL,0.2639821029082774,0.3586626139817629,0.18188828908229587,0.9523809523809523,0.047619047619047616,0.12371134020618557,0.2566290062255015,3.019322700873989,4606885000.0,0.06227106227106227,0.24358974358974358,0.3553113553113553,-0.0018315018315018315,0.30036630036630035,0.5201465201465202,-0.0018315018315018315,0.29120879120879123,0.6190476190476191,-0.0018315018315018315,-0.12454212454212454,0.6190476190476191,-0.14835164835164835
KOSDAQ,KOSDAQ_BULL_V4_AP06_SCOPE_BASELINE,pre,BULL,2020-07-27,036480,대성미생물,KOSDAQ,2020-08-03,2020-08-04,2020-08-21,-0.123,-12300000.0,STOP,0.37047353760445684,0.31985294117647056,0.15769106739761368,1.0,0.0,0.037463976945244955,0.02069747660901616,1.3188803872179344,5000832000.0,0.011111111111111112,0.022222222222222223,0.07222222222222222,-0.016666666666666666,-0.04722222222222222,0.07222222222222222,-0.075,-0.016666666666666666,0.07222222222222222,-0.12222222222222222,-0.1361111111111111,0.07222222222222222,-0.18333333333333332
KOSDAQ,KOSDAQ_BULL_V4_AP06_SCOPE_BASELINE,pre,BULL,2020-07-31,088800,에이스테크,KOSDAQ,2020-08-07,2020-08-10,2020-09-22,0.023217228464419478,2321722.846441948,TRAIL,0.3753280839895013,1.1404494382022472,0.484608390700091,1.0,0.0,0.28641975308641976,0.30364068559989993,5.200565021894844,482726871100.0,0.033707865168539325,0.07116104868913857,0.2958801498127341,-0.03745318352059925,0.12172284644194757,0.2958801498127341,-0.03745318352059925,0.1797752808988764,0.32771535580524347,-0.03745318352059925,-0.08801498127340825,0.32771535580524347,-0.2602996254681648
KOSDAQ,KOSDAQ_BULL_V4_AP06_SCOPE_BASELINE,pre,BULL,2020-08-11,021080,에이티넘인베스트,KOSDAQ,2020-08-19,2020-08-20,2020-09-10,-0.07238775510204082,-7238775.510204081,TRAIL,0.3199152542372881,0.40476190476190477,0.35541303723556994,1.0,0.0,0.03225806451612903,0.17230431066064233,0.6108911579109043,4134261600.0,0.04897959183673469,0.03469387755102041,0.12653061224489795,-0.04693877551020408,0.11632653061224489,0.2163265306122449,-0.04693877551020408,-0.1326530612244898,0.2163265306122449,-0.1469387755102041,0.12653061224489795,0.2938775510204082,-0.22857142857142856
KOSDAQ,KOSDAQ_BULL_V4_AP06_SCOPE_BASELINE,pre,BULL,2020-09-04,074600,원익QnC,KOSDAQ,2020-09-11,2020-09-14,2020-10-15,-0.123,-12300000.0,STOP,0.28869047619047616,0.21299638989169675,0.1661267931513189,0.9333333333333333,0.06666666666666667,0.01488095238095238,0.09822866344605476,0.42287229495935946,7992204550.0,0.011661807580174927,0.023323615160349854,0.06997084548104957,-0.03206997084548105,-0.03498542274052478,0.06997084548104957,-0.07580174927113703,-0.11078717201166181,0.06997084548104957,-0.13119533527696792,0.08454810495626822,0.13702623906705538,-0.1924198250728863
KOSDAQ,KOSDAQ_BULL_V4_AP06_SCOPE_BASELINE,pre,BULL,2020-09-11,278280,천보,KOSDAQ,2020-09-18,2020-09-21,2020-09-23,-0.063,-6300000.0,EARLY_FAIL_CLOSE,0.33725490196078434,0.5887850467289719,0.28535424250910113,1.0,0.0,0.0595446584938704,0.13903793655276286,1.6014499032079288,106177318500.0,0.026595744680851064,-0.14680851063829786,0.12925531914893618,-0.21968085106382979,-0.10053191489361703,0.12925531914893618,-0.21968085106382979,-0.24202127659574468,0.12925531914893618,-0.25585106382978723,-0.017553191489361703,0.12925531914893618,-0.3069148936170213
KOSDAQ,KOSDAQ_BULL_V4_AP06_SCOPE_BASELINE,pre,BULL,2020-09-11,074600,원익QnC,KOSDAQ,2020-09-18,2020-09-21,2020-09-24,-0.063,-6300000.0,EARLY_FAIL_CLOSE,0.2844574780058651,0.32170542635658916,0.15527950310559002,1.0,0.0,0.011764705882352941,0.05683563748079877,0.4043673014332484,7152654400.0,0.014450867052023121,-0.04335260115606936,0.046242774566473986,-0.0838150289017341,-0.04046242774566474,0.046242774566473986,-0.0838150289017341,-0.13005780346820808,0.046242774566473986,-0.15606936416184972,0.2138728323699422,0.2630057803468208,-0.1994219653179191
KOSDAQ,KOSDAQ_BULL_V4_AP06_SCOPE_BASELINE,pre,BULL,2020-10-13,104620,노랑풍선,KOSDAQ,2020-10-20,2020-10-21,2020-12-23,0.07504878048780488,7504878.048780488,TRAIL,0.3620689655172414,0.5797665369649806,0.35138133806723626,1.0,0.0,0.04859335038363171,0.1759644342463789,0.805137021627755,4800239000.0,0.02926829268292683,-0.014634146341463415,0.1073170731707317,-0.0951219512195122,-0.004878048780487805,0.1073170731707317,-0.0951219512195122,0.2097560975609756,0.37073170731707317,-0.0951219512195122,0.14634146341463414,0.37073170731707317,-0.0951219512195122
KOSDAQ,KOSDAQ_BULL_V4_AP06_SCOPE_BASELINE,pre,BULL,2020-11-11,030790,비케이탑스,KOSDAQ,2020-11-18,2020-11-19,2020-11-30,0.8584457831325302,85844578.31325302,TRAIL,0.30042918454935624,0.34942084942084944,0.24622996122245822,1.0,0.0,0.10246433203631647,0.27906101873448197,3.8594916197608904,9899066000.0,0.2289156626506024,1.1204819277108433,1.427710843373494,0.0,1.1927710843373494,1.427710843373494,0.0,1.036144578313253,1.427710843373494,0.0,0.8433734939759037,1.427710843373494,0.0
KOSDAQ,KOSDAQ_BULL_V4_AP06_SCOPE_BASELINE,pre,BULL,2020-12-02,066970,엘앤에프,KOSDAQ,2020-12-09,2020-12-10,2021-02-23,0.3135735567970205,31357355.679702047,TRAIL,0.27849264705882354,0.2830188679245283,0.2995958670940257,0.9629629629629629,0.037037037037037035,0.035916824196597356,0.1473436273226904,0.8790139344136912,49125405200.0,0.01303538175046555,0.33519553072625696,0.4376163873370577,-0.0335195530726257,0.29608938547486036,0.4376163873370577,-0.0335195530726257,0.3817504655493482,0.5512104283054003,-0.0335195530726257,0.33519553072625696,0.6703910614525139,-0.0335195530726257
KOSDAQ,KOSDAQ_BULL_V4_AP06_SCOPE_BASELINE,pre,BULL,2020-12-23,244460,올리패스,KOSDAQ,2021-01-04,2021-01-05,2021-01-11,-0.123,-12300000.0,STOP,0.3072033898305085,0.36023054755043227,0.22938010071192907,1.0,0.0,0.0035650623885918,0.16914131450524347,0.5593360023250258,7980243500.0,0.03790613718411552,-0.1371841155234657,0.03790613718411552,-0.16967509025270758,-0.15703971119133575,0.03790613718411552,-0.20938628158844766,0.07942238267148015,0.20397111913357402,-0.20938628158844766,-0.6747292418772564,0.30324909747292417,-0.6808664259927798
KOSDAQ,KOSDAQ_BULL_V4_AP06_SCOPE_BASELINE,pre,BULL,2021-01-04,044060,조광ILI,KOSDAQ,2021-01-11,2021-01-12,2021-01-13,-0.063,-6300000.0,EARLY_FAIL_CLOSE,0.3757894736842105,0.49842271293375395,0.11725273432906033,1.0,0.0,0.21875,0.3968481375358166,5.316743266755313,59357543700.0,0.03139013452914798,-0.14349775784753363,0.08968609865470852,-0.16143497757847533,-0.10762331838565023,0.08968609865470852,-0.16143497757847533,-0.12914798206278028,0.08968609865470852,-0.19551569506726457,-0.17668161434977578,0.08968609865470852,-0.21345291479820627
KOSDAQ,KOSDAQ_BULL_V4_AP06_SCOPE_BASELINE,pre,BULL,2021-01-13,160980,싸이맥스,KOSDAQ,2021-01-20,2021-01-21,2021-03-05,-0.123,-12300000.0,STOP,0.26329113924050634,0.3715277777777778,0.1976350497751277,0.9444444444444444,0.05555555555555555,0.06310679611650485,0.09527381845461365,2.5658198906947955,19069227900.0,0.02288329519450801,-0.032036613272311214,0.09153318077803203,-0.04805491990846682,0.0,0.09153318077803203,-0.11212814645308924,-0.011441647597254004,0.09153318077803203,-0.11212814645308924,0.2036613272311213,0.2128146453089245,-0.1853546910755149
KOSDAQ,KOSDAQ_BULL_V4_AP06_SCOPE_BASELINE,pre,BULL,2021-01-20,214260,라파스,KOSDAQ,2021-01-27,2021-01-28,2021-03-16,0.015145161290322583,1514516.1290322582,MAX,0.3122448979591837,0.2564102564102564,0.06263779954458386,0.9375,0.0625,0.0199203187250996,0.038434235878714126,0.4374428990743738,3906432000.0,0.07258064516129033,0.09475806451612903,0.30443548387096775,-0.038306451612903226,0.11088709677419355,0.30443548387096775,-0.038306451612903226,-0.008064516129032258,0.30443548387096775,-0.038306451612903226,0.40524193548387094,0.42338709677419356,-0.038306451612903226
KOSDAQ,KOSDAQ_BULL_V4_AP06_SCOPE_BASELINE,pre,BULL,2021-03-26,246690,TS인베스트먼트,KOSDAQ,2021-04-02,2021-04-05,2021-04-12,-0.123,-12300000.0,STOP,0.3610503282275711,0.3480825958702065,0.18737279695145712,1.0,0.0,0.2638623326959847,0.446310376894043,2.8219380557492384,182615468110.0,0.03235294117647059,-0.13088235294117648,0.43823529411764706,-0.17647058823529413,-0.31691176470588234,0.43823529411764706,-0.3205882352941177,-0.43014705882352944,0.43823529411764706,-0.4345588235294118,-0.36911764705882355,0.43823529411764706,-0.4713235294117647
KOSDAQ,KOSDAQ_BULL_V4_AP06_SCOPE_BASELINE,pre,BULL,2021-04-12,084370,유진테크,KOSDAQ,2021-04-19,2021-04-20,2021-05-04,-0.123,-12300000.0,STOP,0.2593320235756385,0.39261285909712723,0.23286841733443667,0.9259259259259259,0.07407407407407407,0.020872865275142316,0.1244056638277862,1.1302398476672686,17831794800.0,0.007547169811320755,-0.03962264150943396,0.007547169811320755,-0.05660377358490566,-0.09622641509433963,0.007547169811320755,-0.12735849056603774,-0.07452830188679245,0.007547169811320755,-0.17641509433962263,-0.17075471698113207,0.007547169811320755,-0.20849056603773586
KOSDAQ,KOSDAQ_BULL_V4_AP06_SCOPE_BASELINE,pre,BULL,2021-06-11,010470,오리콤,KOSDAQ,2021-06-18,2021-06-21,2021-06-23,-0.063,-6300000.0,EARLY_FAIL_CLOSE,0.36885245901639346,0.3382084095063985,0.16378282413418485,1.0,0.0,0.24263839811542992,0.46081417889781223,7.461934614656637,82726991550.0,0.036585365853658534,-0.12601626016260162,0.10569105691056911,-0.15853658536585366,-0.13414634146341464,0.10569105691056911,-0.15853658536585366,-0.2552845528455285,0.10569105691056911,-0.2601626016260163,-0.3747967479674797,0.10569105691056911,-0.4065040650406504
KOSDAQ,KOSDAQ_BULL_V4_AP06_SCOPE_BASELINE,pre,BULL,2021-11-25,083450,GST,KOSDAQ,2021-12-02,2021-12-03,2022-01-17,-0.00019101123595505632,-19101.123595505633,MAX,0.31341107871720114,0.20350877192982456,0.18275862068965518,0.9661016949152542,0.03389830508474576,0.0781010719754977,0.06666666666666667,1.4501113688791814,19913379200.0,0.023876404494382022,0.012640449438202247,0.08146067415730338,-0.023876404494382022,-0.0056179775280898875,0.08146067415730338,-0.026685393258426966,0.05196629213483146,0.08146067415730338,-0.028089887640449437,-0.07584269662921349,0.08146067415730338,-0.11235955056179775
KOSDAQ,KOSDAQ_BULL_V4_AP06_SCOPE_BASELINE,train,BULL,2022-07-20,388050,지투파워,KOSDAQ,2022-07-27,2022-07-28,2022-08-09,-0.123,-12300000.0,STOP,0.3557312252964427,0.5089463220675944,0.35673002442948215,1.0,0.0,0.29045643153526973,0.30407435879516387,0.7255281637616654,47648310000.0,0.05566218809980806,-0.0854126679462572,0.12859884836852206,-0.09404990403071017,-0.7024952015355086,0.12859884836852206,-0.7706333973128598,-0.7687140115163148,0.12859884836852206,-0.7907869481765835,-0.8374280230326295,0.12859884836852206,-0.8986564299424185
KOSDAQ,KOSDAQ_BULL_V4_AP06_SCOPE_BASELINE,train,BULL,2022-11-09,032190,다우데이타,KOSDAQ,2022-11-16,2022-11-17,2023-02-14,1.1680526315789475,116805263.15789475,MAX,0.2542857142857143,0.5151515151515151,0.27706154220384327,0.972972972972973,0.02702702702702703,0.07042253521126761,0.3667016334482242,2.600328083475593,11733404400.0,0.07675438596491228,0.02412280701754386,0.09649122807017543,-0.07675438596491228,0.32456140350877194,0.35964912280701755,-0.07675438596491228,0.24342105263157895,0.4298245614035088,-0.07675438596491228,1.1710526315789473,1.412280701754386,-0.07675438596491228
KOSDAQ,KOSDAQ_BULL_V4_AP06_SCOPE_BASELINE,train,BULL,2023-01-20,093640,다믈멀티미디어,KOSDAQ,2023-01-31,2023-02-01,2023-02-24,-0.123,-12300000.0,STOP,0.37758346581875996,0.3673913043478261,0.3188886947405206,1.0,0.0,0.12894736842105264,0.458377597416394,8.754684693423291,97341472800.0,0.032,0.1,0.211,-0.095,0.003,0.211,-0.095,0.027,0.211,-0.123,-0.21,0.28,-0.242
KOSDAQ,KOSDAQ_BULL_V4_AP06_SCOPE_BASELINE,train,BULL,2023-02-01,314140,알피바이오,KOSDAQ,2023-02-08,2023-02-09,2023-03-10,-0.123,-12300000.0,STOP,0.3225806451612903,0.24541484716157205,0.08874354210673661,0.9363636363636364,0.06363636363636363,0.06215846994535519,0.08729853511869384,1.3612661404053639,8430961200.0,0.04871794871794872,-0.016025641025641024,0.11602564102564103,-0.046794871794871795,0.032692307692307694,0.11602564102564103,-0.07051282051282051,-0.11474358974358974,0.11602564102564103,-0.1282051282051282,-0.21474358974358973,0.11602564102564103,-0.22179487179487178
KOSDAQ,KOSDAQ_BULL_V4_AP06_SCOPE_BASELINE,train,BULL,2023-02-14,247540,에코프로비엠,KOSDAQ,2023-02-21,2023-02-22,2023-04-26,0.521198617221873,52119861.7221873,TRAIL,0.3238434163701068,0.26805054151624547,0.332237621884729,0.9464285714285714,0.05357142857142857,0.09164969450101833,0.28598848368522073,2.0949944049366356,742290909600.0,0.008799497171590195,0.003771213073538655,0.07605279698302954,-0.05342551854179761,0.2884978001257071,0.3639220615964802,-0.05342551854179761,0.47705845380263984,0.6499057196731616,-0.05342551854179761,0.4864864864864865,0.983029541169076,-0.05342551854179761
KOSDAQ,KOSDAQ_BULL_V4_AP06_SCOPE_BASELINE,train,BULL,2023-03-24,042600,새로닉스,KOSDAQ,2023-03-31,2023-04-03,2023-04-12,0.18554415274463007,18554415.274463005,TRAIL,0.3056,0.9470404984423676,0.4658056849807687,0.9848484848484849,0.015151515151515152,0.06744868035190615,0.2179004600585529,1.2440695858113904,21140028000.0,0.013126491646778043,0.5823389021479713,0.7637231503579952,-0.03937947494033413,0.36754176610978523,0.7637231503579952,-0.03937947494033413,0.028639618138424822,0.7637231503579952,-0.03937947494033413,-0.0405727923627685,0.7637231503579952,-0.08233890214797136
KOSDAQ,KOSDAQ_BULL_V4_AP06_SCOPE_BASELINE,train,BULL,2023-03-29,064520,테크엘,KOSDAQ,2023-04-05,2023-04-06,2023-04-28,-0.123,-12300000.0,STOP,0.29380053908355797,0.30633802816901406,0.1874849963991358,1.0,0.0,0.056578947368421055,0.08550185873605948,3.1195310260310714,4451960480.0,0.07448107448107448,0.042735042735042736,0.1282051282051282,-0.01098901098901099,0.01098901098901099,0.1282051282051282,-0.11233211233211234,-0.15873015873015872,0.1282051282051282,-0.2490842490842491,-0.3492063492063492,0.1282051282051282,-0.3833943833943834
KOSDAQ,KOSDAQ_BULL_V4_AP06_SCOPE_BASELINE,train,BULL,2023-04-04,140410,메지온,KOSDAQ,2023-04-11,2023-04-12,2023-05-26,0.44557142857142856,44557142.85714286,MAX,0.380265435660704,0.3434108527131783,0.1480242456361167,0.9555555555555556,0.044444444444444446,0.041666666666666664,0.026754283032152076,0.5149634770630658,4830840000.0,0.05657142857142857,0.2,0.23714285714285716,-0.012,0.28285714285714286,0.30857142857142855,-0.012,0.4257142857142857,0.6771428571428572,-0.012,1.2228571428571429,1.7971428571428572,-0.012
KOSDAQ,KOSDAQ_BULL_V4_AP06_SCOPE_BASELINE,train,BULL,2023-05-19,322510,제이엘케이,KOSDAQ,2023-05-26,2023-05-30,2023-06-13,0.027303030303030305,2730303.0303030303,TRAIL,0.3476005188067445,0.6945054945054945,0.32696527688137345,0.9411764705882353,0.058823529411764705,0.03958333333333333,0.44157157301747796,1.6817377978881982,6464095900.0,0.12626262626262627,0.25757575757575757,0.295959595959596,-0.020202020202020204,0.050505050505050504,0.295959595959596,-0.020202020202020204,0.6595959595959596,0.9191919191919192,-0.020202020202020204,1.9595959595959596,2.9444444444444446,-0.020202020202020204
KOSDAQ,KOSDAQ_BULL_V4_AP06_SCOPE_BASELINE,train,BULL,2023-05-22,035900,JYP Ent.,KOSDAQ,2023-05-30,2023-05-31,2023-07-13,0.09691673605328892,9691673.605328891,MAX,0.32690622261174407,0.5013157894736842,0.36295765394493223,0.967391304347826,0.03260869565217391,0.06818181818181818,0.1669770328988206,1.2286606200786057,102832277600.0,0.01582014987510408,0.06827643630308076,0.08492922564529559,-0.014154870940882597,0.14071606994171523,0.15487094088259784,-0.014154870940882597,0.03996669442131557,0.17069109075770192,-0.014154870940882597,-0.0791007493755204,0.2206494587843464,-0.09658617818484597
KOSDAQ,KOSDAQ_BULL_V4_AP06_SCOPE_BASELINE,train,BULL,2023-05-23,336570,원텍,KOSDAQ,2023-05-31,2023-06-01,2023-08-28,0.6644816625916871,66448166.25916871,MAX,0.2851758793969849,0.4038800705467372,0.22732178650357193,0.9411764705882353,0.058823529411764705,0.033962264150943396,0.07080049501726048,0.3622361885016012,5228133720.0,0.0550122249388753,0.12836185819070906,0.1430317848410758,0.0,0.2628361858190709,0.3019559902200489,0.0,0.2713936430317848,0.36674816625916873,0.0,0.6674816625916871,0.7237163814180929,0.0
KOSDAQ,KOSDAQ_BULL_V4_AP06_SCOPE_BASELINE,train,BULL,2023-05-31,356860,티엘비,KOSDAQ,2023-06-08,2023-06-09,2023-07-21,0.12958426966292136,12958426.966292135,TRAIL,0.2800875273522976,0.34017595307917886,0.20705745628708783,1.0,0.0,0.04491725768321513,0.0547415644537775,0.5637182055254354,4973384000.0,0.020224719101123594,0.17303370786516853,0.21348314606741572,-0.029213483146067417,0.17303370786516853,0.21348314606741572,-0.029213483146067417,0.2247191011235955,0.4247191011235955,-0.029213483146067417,0.17752808988764046,0.4247191011235955,-0.029213483146067417
KOSDAQ,KOSDAQ_BULL_V4_AP06_SCOPE_BASELINE,train,BULL,2024-02-29,028300,HLB,KOSDAQ,2024-03-08,2024-03-11,2024-03-13,-0.123,-12300000.0,STOP,0.2687116564417178,1.554858934169279,0.47083151609943896,0.9540816326530612,0.04591836734693878,0.225,0.2586694066272797,4.008540463317266,1266807486000.0,0.019250253292806486,0.02330293819655522,0.0790273556231003,-0.1458966565349544,0.20364741641337386,0.21580547112462006,-0.1458966565349544,-0.05876393110435663,0.3069908814589666,-0.1458966565349544,-0.4002026342451874,0.3069908814589666,-0.5425531914893617
KOSDAQ,KOSDAQ_BULL_V4_AP06_SCOPE_BASELINE,train,BULL,2024-05-16,036620,감성코퍼레이션,KOSDAQ,2024-05-23,2024-05-24,2024-05-29,-0.063,-6300000.0,EARLY_FAIL_CLOSE,0.2690288713910761,0.42429906542056073,0.15562520536865257,0.9484536082474226,0.05154639175257732,0.0855421686746988,0.23483862125676694,3.562911996745721,47870440845.0,0.021111111111111112,-0.04,0.042222222222222223,-0.08666666666666667,-0.08222222222222222,0.042222222222222223,-0.15555555555555556,-0.13111111111111112,0.042222222222222223,-0.15555555555555556,-0.23666666666666666,0.042222222222222223,-0.3511111111111111
KOSDAQ,KOSDAQ_BULL_V4_AP06_SCOPE_BASELINE,train,BULL,2025-01-09,065680,우주일렉트로,KOSDAQ,2025-01-16,2025-01-17,2025-04-18,0.4915511157239232,49155111.572392315,MAX,0.3684765419082762,0.26214238190286093,0.3192391946868806,0.9398907103825137,0.060109289617486336,0.098005698005698,0.15361590038314177,4.2515818397237135,8937503080.0,0.017125064867669952,0.1209133367929424,0.14686040477426052,-0.0020757654385054488,0.167618059159315,0.17540217955371043,-0.0020757654385054488,0.2869745718733783,0.41670991177996886,-0.0020757654385054488,0.4945511157239232,0.551634665282823,-0.0020757654385054488
KOSDAQ,KOSDAQ_BULL_V4_AP06_SCOPE_BASELINE,train,BULL,2025-01-09,460930,현대힘스,KOSDAQ,2025-01-16,2025-01-17,2025-03-07,-0.1037502679528403,-10375026.79528403,MAX,0.2610192837465565,0.353215284249767,0.13589840541351025,1.0,0.0,0.0021208907741251328,0.28113879003558717,0.43393692021840324,23733939600.0,0.008038585209003215,0.051982851018220796,0.1977491961414791,-0.008038585209003215,-0.005894962486602358,0.1977491961414791,-0.03536977491961415,-0.011254019292604502,0.1977491961414791,-0.03536977491961415,-0.05680600214362272,0.1977491961414791,-0.33815648445873525
KOSDAQ,KOSDAQ_BULL_V4_AP06_SCOPE_BASELINE,train,BULL,2025-01-10,365330,에스와이스틸텍,KOSDAQ,2025-01-17,2025-01-20,2025-01-23,-0.063,-6300000.0,EARLY_FAIL_CLOSE,0.29152542372881357,1.002262443438914,0.23154708754189238,0.9583333333333334,0.041666666666666664,0.008,0.05685698879635732,0.40788048455115944,14455962360.0,0.016129032258064516,-0.14631336405529954,0.059907834101382486,-0.14746543778801843,-0.06797235023041474,0.059907834101382486,-0.24539170506912442,-0.1774193548387097,0.07373271889400922,-0.24539170506912442,-0.391705069124424,0.07373271889400922,-0.4815668202764977
KOSDAQ,KOSDAQ_BULL_V4_AP06_SCOPE_BASELINE,train,BULL,2025-02-27,288330,브릿지바이오테라퓨틱스,KOSDAQ,2025-03-07,2025-03-10,2025-04-15,0.2708336713995943,27083367.13995943,TRAIL,0.363,0.4749262536873156,0.22336629625853804,0.96875,0.03125,0.01616161616161616,0.06325635470062886,0.4919958972298994,4199149630.0,0.016227180527383367,0.332657200811359,0.3894523326572008,-0.05172413793103448,0.5172413793103449,0.539553752535497,-0.05172413793103448,0.5537525354969574,0.7586206896551724,-0.05172413793103448,-0.8482758620689655,0.8823529411764706,-0.8584178498985802
KOSDAQ,KOSDAQ_BULL_V4_AP06_SCOPE_BASELINE,train,BULL,2025-05-09,082270,젬백스,KOSDAQ,2025-05-16,2025-05-19,2025-07-02,0.6749431664411367,67494316.64411367,MAX,0.30303030303030304,0.6844547563805105,0.057101948698036815,0.9285714285714286,0.07142857142857142,0.0260989010989011,0.05553200508690123,0.4313835794718022,4682830950.0,0.014884979702300407,0.2530446549391069,0.3112313937753721,-0.056833558863328824,0.38836265223274696,0.39648173207036536,-0.056833558863328824,0.8565629228687416,0.9675236806495264,-0.056833558863328824,0.41271989174560214,0.9675236806495264,-0.056833558863328824
KOSDAQ,KOSDAQ_BULL_V4_AP06_SCOPE_BASELINE,train,BULL,2025-06-16,458870,씨어스테크놀로지,KOSDAQ,2025-06-23,2025-06-24,2025-09-17,1.5487241379310346,154872413.79310346,MAX,0.2785542168674699,0.45614035087719296,0.39042449827453346,1.0,0.0,0.06103286384976526,0.1650985951797912,1.7602052952389222,4306407400.0,0.02586206896551724,0.09913793103448276,0.11206896551724138,-0.04956896551724138,0.2543103448275862,0.27155172413793105,-0.04956896551724138,0.4892241379310345,0.4892241379310345,-0.04956896551724138,1.5517241379310345,1.8663793103448276,-0.04956896551724138
KOSDAQ,KOSDAQ_BULL_V4_AP06_SCOPE_BASELINE,train,BULL,2025-06-18,200230,텔콘RF제약,KOSDAQ,2025-06-25,2025-06-26,2025-06-27,0.014222820236813778,1422282.0236813778,TRAIL,0.3721881390593047,0.3564493758668516,0.32586199105246516,1.0,0.0,0.20606060606060606,0.8238057051208615,15.052435485658581,42269884520.0,0.11302475780409042,-0.3078579117330463,0.4316469321851453,-0.3433799784714747,-0.3961248654467169,0.4316469321851453,-0.4510226049515608,-0.3907427341227126,0.4316469321851453,-0.4510226049515608,-0.8621097954790097,0.4316469321851453,-0.8797631862217438
KOSDAQ,KOSDAQ_BULL_V4_AP06_SCOPE_BASELINE,train,BULL,2025-07-23,044490,태웅,KOSDAQ,2025-07-30,2025-07-31,2025-08-01,-0.063,-6300000.0,EARLY_FAIL_CLOSE,0.396078431372549,1.433206106870229,0.4704657435943436,1.0,0.0,0.0,0.1356377315636312,0.3945345846191184,11184440000.0,0.006211180124223602,0.02981366459627329,0.1391304347826087,-0.09565217391304348,0.03602484472049689,0.14285714285714285,-0.09565217391304348,-0.06583850931677018,0.14285714285714285,-0.16645962732919253,-0.2360248447204969,0.14285714285714285,-0.2720496894409938
KOSDAQ,KOSDAQ_BULL_V4_AP06_SCOPE_BASELINE,post,BULL,2025-09-08,045970,코아시아,KOSDAQ,2025-09-15,2025-09-16,2025-09-26,-0.123,-12300000.0,STOP,0.28559322033898304,0.5629139072847682,0.31799396850217804,1.0,0.0,0.0736196319018405,0.20804210889636723,2.0618865536856323,10483886000.0,0.0125,-0.06388888888888888,0.059722222222222225,-0.06666666666666667,-0.12638888888888888,0.059722222222222225,-0.14305555555555555,0.016666666666666666,0.09027777777777778,-0.14305555555555555,-0.3194444444444444,0.09027777777777778,-0.3194444444444444
KOSDAQ,KOSDAQ_BULL_V4_AP06_SCOPE_BASELINE,post,BULL,2025-09-09,064290,인텍플러스,KOSDAQ,2025-09-16,2025-09-17,2025-09-26,-0.012702850212249848,-1270285.0212249847,TRAIL,0.3781094527363184,0.6398601398601399,0.4287648512337949,0.9875,0.0125,0.017901234567901235,0.2574348025011438,0.656323458147317,6703399370.0,0.04608853850818678,0.08126137052759248,0.28865979381443296,-0.015160703456640388,0.11582777440873257,0.28865979381443296,-0.025469981807155852,-0.05033353547604609,0.28865979381443296,-0.07459066100667071,-0.2031534263189812,0.28865979381443296,-0.33535476046088536
KOSDAQ,KOSDAQ_BULL_V4_AP06_SCOPE_BASELINE,post,BULL,2025-09-22,199800,툴젠,KOSDAQ,2025-09-29,2025-09-30,2025-10-17,0.06557142857142857,6557142.857142857,TRAIL,0.3391959798994975,0.3400673400673401,0.2703479093520587,1.0,0.0,0.050865800865800864,0.27561744613767736,4.982957250309435,11434107600.0,0.011428571428571429,0.26666666666666666,0.37142857142857144,-0.07523809523809524,0.06666666666666667,0.37142857142857144,-0.07523809523809524,0.07428571428571429,0.37142857142857144,-0.07523809523809524,0.18857142857142858,0.579047619047619,-0.11904761904761904
KOSDAQ,KOSDAQ_BULL_V4_AP06_SCOPE_BASELINE,post,BULL,2025-10-01,232140,와이씨,KOSDAQ,2025-10-15,2025-10-16,2025-11-05,-0.123,-12300000.0,STOP,0.2826388888888889,0.4342629482071713,0.25005425582707586,0.9789473684210527,0.021052631578947368,0.05509641873278237,0.1212764400204933,0.5902184519684885,14096805240.0,0.006578947368421052,-0.08552631578947369,0.02368421052631579,-0.1118421052631579,-0.05263157894736842,0.02368421052631579,-0.1118421052631579,-0.09539473684210527,0.02368421052631579,-0.17434210526315788,0.005263157894736842,0.14342105263157895,-0.20526315789473684
KOSDAQ,KOSDAQ_BULL_V4_AP06_SCOPE_BASELINE,post,BULL,2025-10-13,458870,씨어스테크놀로지,KOSDAQ,2025-10-20,2025-10-21,2025-12-09,0.4812681258549932,48126812.58549932,TRAIL,0.2936746987951807,1.1734860883797054,0.41779359430604973,1.0,0.0,0.02401129943502825,0.1185682326621924,0.44500812421687286,4329627500.0,0.012311901504787962,0.06429548563611491,0.11901504787961696,-0.058823529411764705,0.12311901504787962,0.14774281805745554,-0.058823529411764705,0.8454172366621067,0.9097127222982216,-0.058823529411764705,0.7318741450068399,0.9097127222982216,-0.058823529411764705
KOSDAQ,KOSDAQ_BULL_V4_AP06_SCOPE_BASELINE,post,BULL,2025-10-22,067310,하나마이크론,KOSDAQ,2025-10-29,2025-10-30,2025-11-10,-0.123,-12300000.0,STOP,0.38410852713178295,1.4225352112676057,0.5419401751118105,0.9767441860465116,0.023255813953488372,0.05142857142857143,0.09752460483149418,1.2480700648918992,66382471200.0,0.13443830570902393,0.027624309392265192,0.14548802946593,-0.04604051565377532,-0.0423572744014733,0.14548802946593,-0.1289134438305709,-0.06077348066298342,0.14548802946593,-0.17495395948434622,0.3351749539594843,0.3406998158379374,-0.17495395948434622
KOSDAQ,KOSDAQ_BULL_V4_AP06_SCOPE_BASELINE,post,BULL,2025-10-29,172670,에이엘티,KOSDAQ,2025-11-05,2025-11-06,2025-11-07,-0.063,-6300000.0,EARLY_FAIL_CLOSE,0.35094001790510293,0.6025824964131994,0.2286651878196785,0.9316770186335404,0.06832298136645963,0.03842794759825328,0.060423634336677814,0.7466400131602023,4406326990.0,0.01,-0.09166666666666666,0.03916666666666667,-0.11833333333333333,-0.10833333333333334,0.03916666666666667,-0.215,-0.13166666666666665,0.03916666666666667,-0.215,0.2875,0.31666666666666665,-0.215
KOSDAQ,KOSDAQ_BULL_V4_AP06_SCOPE_BASELINE,post,BULL,2025-11-03,174900,앱클론,KOSDAQ,2025-11-10,2025-11-11,2025-12-23,0.6186216216216216,61862162.16216216,MAX,0.2676991150442478,1.0695970695970696,0.5728668862803322,0.9298245614035088,0.07017543859649122,0.06575963718820861,0.16903790667595264,1.7769135152435342,10496322000.0,0.02079002079002079,0.30145530145530147,0.32224532224532226,-0.018711018711018712,0.4656964656964657,0.5051975051975052,-0.018711018711018712,0.525987525987526,0.7879417879417879,-0.018711018711018712,1.5405405405405406,1.9106029106029105,-0.018711018711018712
KOSDAQ,KOSDAQ_BULL_V4_AP06_SCOPE_BASELINE,post,BULL,2025-11-05,115180,큐리언트,KOSDAQ,2025-11-12,2025-11-13,2025-12-26,0.13272854291417166,13272854.291417167,MAX,0.36498800959232613,0.9781783681214421,0.3979059346749953,0.9298245614035088,0.07017543859649122,0.10738255033557047,0.19556553872907761,1.1947052388389914,9908811000.0,0.10778443113772455,0.0658682634730539,0.19560878243512975,-0.03592814371257485,0.1217564870259481,0.19560878243512975,-0.1157684630738523,0.14171656686626746,0.3413173652694611,-0.1157684630738523,0.5349301397205589,0.5948103792415169,-0.1157684630738523
KOSDAQ,KOSDAQ_BULL_V4_AP06_SCOPE_BASELINE,post,BULL,2025-12-02,043260,성호전자,KOSDAQ,2025-12-09,2025-12-10,2026-01-16,1.462160075329567,146216007.5329567,TRAIL,0.3520140105078809,1.7061611374407584,0.7432807872749662,1.0,0.0,0.11333333333333333,0.9202759678037562,2.140620539538767,19477111470.0,0.17702448210922786,0.21468926553672316,0.2693032015065913,-0.09981167608286252,0.4613935969868173,0.6290018832391714,-0.09981167608286252,1.5725047080979284,1.7401129943502824,-0.09981167608286252,7.813559322033898,10.224105461393597,-0.09981167608286252
KOSDAQ,KOSDAQ_BULL_V4_AP06_SCOPE_BASELINE,post,BULL,2026-01-07,240810,원익IPS,KOSDAQ,2026-01-14,2026-01-15,2026-03-04,0.4040680628272251,40406806.28272251,TRAIL,0.33460076045627374,0.3915343915343915,0.2526460626587638,0.9393939393939394,0.06060606060606061,0.027559055118110236,0.14381710612811335,0.6326559199092395,39378322800.0,0.01832460732984293,0.0,0.05759162303664921,-0.058900523560209424,0.45287958115183247,0.5130890052356021,-0.058900523560209424,0.7460732984293194,0.7460732984293194,-0.058900523560209424,0.6047120418848168,0.8717277486910995,-0.058900523560209424
KOSDAQ,KOSDAQ_BULL_V4_AP06_SCOPE_BASELINE,post,BULL,2026-01-14,000250,삼천당제약,KOSDAQ,2026-01-21,2026-01-22,2026-03-04,1.2601578947368421,126015789.47368422,TRAIL,0.2504970178926441,0.22384428223844283,0.11348878394332945,0.98,0.02,0.048598130841121495,0.12537612838515547,1.2633090829612514,105545979000.0,0.11052631578947368,0.7017543859649122,0.7175438596491228,-0.012280701754385965,0.7421052631578947,1.0649122807017544,-0.012280701754385965,1.1508771929824562,1.3228070175438595,-0.012280701754385965,0.41403508771929826,3.3263157894736843,-0.012280701754385965
KOSDAQ,KOSDAQ_BULL_V4_AP06_SCOPE_BASELINE,post,BULL,2026-01-20,240810,원익IPS,KOSDAQ,2026-01-27,2026-01-28,2026-03-04,0.15043347639484977,15043347.639484977,TRAIL,0.35294117647058826,0.30313588850174217,0.1321897073662966,0.958904109589041,0.0410958904109589,0.07529411764705882,0.19360104472739145,1.4032989172184722,116791285600.0,0.12017167381974249,0.18240343347639484,0.296137339055794,-0.018776824034334765,0.10300429184549356,0.296137339055794,-0.018776824034334765,0.3251072961373391,0.5343347639484979,-0.018776824034334765,0.29935622317596566,0.5343347639484979,-0.018776824034334765
KOSDAQ,KOSDAQ_BULL_V4_AP06_SCOPE_BASELINE,post,BULL,2026-01-21,357780,솔브레인,KOSDAQ,2026-01-28,2026-01-29,2026-02-02,-0.050673098751418844,-5067309.875141884,TRAIL,0.2709867452135493,0.2413162705667276,0.25115164916159943,0.96,0.04,0.12704918032786885,0.3581364721376245,2.6002135358862266,71225962500.0,0.021566401816118047,-0.06696935300794551,0.20317820658342792,-0.11010215664018161,-0.09761634506242906,0.20317820658342792,-0.13166855845629966,-0.16912599318955732,0.20317820658342792,-0.16912599318955732,0.08740068104426787,0.20317820658342792,-0.18274687854710556
KOSDAQ,KOSDAQ_BULL_V4_AP06_SCOPE_BASELINE,post,BULL,2026-01-27,101490,에스앤에스텍,KOSDAQ,2026-02-03,2026-02-04,2026-03-04,-0.08776517754868271,-8776517.75486827,TRAIL,0.3663101604278075,0.34290843806104127,0.40228089361037345,1.0,0.0,0.03348729792147806,0.2901830762577483,0.5449516924122023,37765509500.0,0.014891179839633447,0.012600229095074456,0.08018327605956473,-0.06643757159221077,0.016036655211912942,0.13745704467353953,-0.06643757159221077,0.0057273768613974796,0.2313860252004582,-0.08934707903780069,0.042382588774341354,0.24169530355097366,-0.13631156930126
KOSDAQ,KOSDAQ_BULL_V4_AP06_SCOPE_BASELINE,post,BULL,2026-02-11,085910,네오티스,KOSDAQ,2026-02-23,2026-02-24,2026-03-04,0.021793388429752068,2179338.8429752067,TRAIL,0.3336058871627146,1.6703056768558953,0.3786883859876561,1.0,0.0,0.04323656578134651,0.33560018978333067,1.0963370434108581,5929268280.0,0.043683589138134596,0.024793388429752067,0.31641086186540734,-0.04073199527744982,0.06257378984651712,0.31641086186540734,-0.05548996458087367,0.28394332939787487,0.31641086186540734,-0.05548996458087367,,,
KOSDAQ,KOSDAQ_BULL_V4_AP06_SCOPE_BASELINE,post,BULL,2026-02-11,036170,에이치엠넥스,KOSDAQ,2026-02-23,2026-02-24,2026-03-16,1.279608695652174,127960869.56521739,TRAIL,0.3068043742405832,0.7891304347826087,0.41847638745260246,1.0,0.0,0.2755102040816326,0.371783928789172,4.72717202812319,15194335500.0,0.21521739130434783,0.2217391304347826,0.5,-0.013043478260869565,0.9304347826086956,1.0956521739130434,-0.013043478260869565,1.608695652173913,2.0956521739130434,-0.013043478260869565,,,
KOSDAQ,KOSDAQ_BULL_V4_AP06_SCOPE_BASELINE,post,BULL,2026-02-27,084110,휴온스글로벌,KOSDAQ,2026-03-09,2026-03-10,2026-04-02,-0.123,-12300000.0,STOP,0.2927215189873418,0.2716297786720322,0.21080528769397797,0.9782608695652174,0.021739130434782608,0.057947019867549666,0.1312737895016376,1.4559432476533702,5561856000.0,0.057663125948406675,0.09256449165402124,0.1638846737481032,-0.010622154779969651,0.0030349013657056147,0.1638846737481032,-0.05918057663125948,-0.212443095599393,0.1638846737481032,-0.22610015174506828,,,
KOSDAQ,KOSDAQ_BULL_V4_AP06_SCOPE_BASELINE,post,BULL,2026-04-14,138080,오이솔루션,KOSDAQ,2026-04-21,2026-04-22,2026-04-24,-0.063,-6300000.0,EARLY_FAIL_CLOSE,0.37401129943502825,1.9441117764471059,0.7069125135010029,0.9807692307692307,0.019230769230769232,0.0021691973969631237,0.11010992971706614,0.45241405620231573,24698751000.0,0.052980132450331126,-0.16114790286975716,0.12141280353200883,-0.19426048565121412,0.17660044150110377,0.2781456953642384,-0.19426048565121412,,,,,,
KOSDAQ,KOSDAQ_BULL_V4_AP06_SCOPE_BASELINE,post,BULL,2026-04-16,031330,에스에이엠티,KOSDAQ,2026-04-23,2026-04-24,2026-05-20,1.013949152542373,101394915.2542373,TRAIL,0.30526315789473685,0.6604244694132334,0.3147272517587361,0.967741935483871,0.03225806451612903,0.012893982808022923,0.1864406779661017,0.9689913715566417,5013754130.0,0.04519774011299435,0.043785310734463276,0.07344632768361582,-0.011299435028248588,0.2768361581920904,0.3403954802259887,-0.011299435028248588,,,,,,
KOSDAQ,KOSDAQ_BULL_V4_AP06_SCOPE_BASELINE,post,BULL,2026-04-22,356860,티엘비,KOSDAQ,2026-04-29,2026-04-30,2026-05-20,0.10170588235294117,10170588.235294117,MAX,0.34386391251518833,0.47491039426523296,0.25061733085134674,0.975,0.025,0.021660649819494584,0.0950599767831807,0.629018149273332,18998922000.0,0.029411764705882353,0.1811764705882353,0.2635294117647059,-0.012941176470588235,0.16470588235294117,0.3129411764705882,-0.012941176470588235,,,,,,
KOSDAQ,KOSDAQ_BULL_V5_RET60_MAX_100,pre,BULL,2012-06-14,078340,컴투스,KOSDAQ,2012-06-21,2012-06-22,2012-08-03,-0.016953488372093022,-1695348.8372093022,MAX,0.3333333333333333,0.9182692307692307,0.5358460304731355,1.0,0.0,0.0654911838790932,0.20788121073672186,0.996438789757331,24082659000.0,0.046511627906976744,-0.046511627906976744,0.06976744186046512,-0.06046511627906977,0.08372093023255814,0.10697674418604651,-0.06395348837209303,0.0034883720930232558,0.10813953488372093,-0.10697674418604651,0.4116279069767442,0.6441860465116279,-0.10697674418604651
KOSDAQ,KOSDAQ_BULL_V5_RET60_MAX_100,pre,BULL,2012-08-14,038290,마크로젠,KOSDAQ,2012-08-22,2012-08-23,2012-10-08,0.15869544740973313,15869544.740973312,MAX,0.2540834845735027,0.3775,0.17067988668555248,1.0,0.0,0.059422750424448216,0.22919334186939821,2.2254058130853167,10992009600.0,0.05023547880690738,0.054945054945054944,0.14285714285714285,-0.02511773940345369,0.02197802197802198,0.14285714285714285,-0.02511773940345369,0.0,0.14285714285714285,-0.07535321821036106,-0.012558869701726845,0.22762951334379905,-0.07535321821036106
KOSDAQ,KOSDAQ_BULL_V5_RET60_MAX_100,pre,BULL,2012-08-23,048260,오스템임플란트,KOSDAQ,2012-08-30,2012-08-31,2012-09-17,-0.123,-12300000.0,STOP,0.25210084033613445,0.8378378378378378,0.40585774058577395,0.9444444444444444,0.05555555555555555,0.020161290322580645,0.2154696132596685,1.417798428339595,24448655000.0,0.029411764705882353,0.00196078431372549,0.10392156862745099,-0.047058823529411764,-0.07058823529411765,0.10392156862745099,-0.07450980392156863,0.07647058823529412,0.10392156862745099,-0.12352941176470589,0.09803921568627451,0.3254901960784314,-0.12352941176470589
KOSDAQ,KOSDAQ_BULL_V5_RET60_MAX_100,pre,BULL,2012-09-10,102940,코오롱생명과학,KOSDAQ,2012-09-17,2012-09-18,2012-10-29,-0.027906600249066,-2790660.0249066,TRAIL,0.28403141361256545,0.7850467289719626,0.2873692340096889,0.9545454545454546,0.045454545454545456,0.020356234096692113,0.07090399252236614,1.0110576187889877,5382141800.0,0.0062266500622665,0.20797011207970112,0.21793275217932753,-0.0136986301369863,0.1793275217932752,0.2266500622665006,-0.0136986301369863,0.047322540473225407,0.24906600249066002,-0.014943960149439602,-0.047322540473225407,0.24906600249066002,-0.15566625155666253
KOSDAQ,KOSDAQ_BULL_V5_RET60_MAX_100,pre,BULL,2012-09-13,046140,SBS콘텐츠허브,KOSDAQ,2012-09-20,2012-09-21,2012-09-25,-0.063,-6300000.0,EARLY_FAIL_CLOSE,0.2795031055900621,0.40611353711790393,0.3027646662171274,1.0,0.0,0.015060240963855422,0.15827461763189551,1.0223786602372917,3635454900.0,0.011764705882352941,-0.0029411764705882353,0.026470588235294117,-0.07058823529411765,0.0,0.029411764705882353,-0.07058823529411765,-0.011764705882352941,0.07647058823529412,-0.10294117647058823,-0.25,0.07647058823529412,-0.25588235294117645
KOSDAQ,KOSDAQ_BULL_V5_RET60_MAX_100,pre,BULL,2012-09-18,096630,에스코넥,KOSDAQ,2012-09-25,2012-09-26,2012-10-12,0.23910526315789474,23910526.315789472,TRAIL,0.3342857142857143,0.5283842794759825,0.40646976090014064,1.0,0.0,0.18849840255591055,0.2631578947368421,2.3300104710369705,58727578620.0,0.021052631578947368,0.5,0.5210526315789473,-0.05263157894736842,0.24210526315789474,0.5684210526315789,-0.05263157894736842,0.06578947368421052,0.5684210526315789,-0.05263157894736842,-0.4394736842105263,0.5684210526315789,-0.5589473684210526
KOSDAQ,KOSDAQ_BULL_V5_RET60_MAX_100,pre,BULL,2012-09-26,123330,제닉,KOSDAQ,2012-10-05,2012-10-08,2012-10-16,-0.123,-12300000.0,STOP,0.323943661971831,0.25048923679060664,0.2551356129180102,0.9333333333333333,0.06666666666666667,0.04032258064516129,0.08112638283607107,0.9738086806160352,11413146000.0,0.026153846153846153,-0.04923076923076923,0.033846153846153845,-0.05076923076923077,-0.07692307692307693,0.033846153846153845,-0.19384615384615383,-0.04923076923076923,0.033846153846153845,-0.19384615384615383,-0.45692307692307693,0.033846153846153845,-0.46923076923076923
KOSDAQ,KOSDAQ_BULL_V5_RET60_MAX_100,pre,BULL,2012-10-08,026040,로만손,KOSDAQ,2012-10-15,2012-10-16,2012-10-18,-0.063,-6300000.0,EARLY_FAIL_CLOSE,0.257843137254902,0.5156017830609212,0.366986821532276,1.0,0.0,0.12195121951219512,0.4243690973834959,4.183544531700991,28137951600.0,0.00749063670411985,-0.1348314606741573,0.13108614232209737,-0.20599250936329588,-0.20599250936329588,0.13108614232209737,-0.25842696629213485,-0.18726591760299627,0.13108614232209737,-0.25842696629213485,-0.1760299625468165,0.13108614232209737,-0.3153558052434457
KOSDAQ,KOSDAQ_BULL_V5_RET60_MAX_100,pre,BULL,2013-02-22,048830,엔피케이,KOSDAQ,2013-03-04,2013-03-05,2013-03-07,-0.063,-6300000.0,EARLY_FAIL_CLOSE,0.39855072463768115,0.7380352644836272,0.6356524831101102,1.0,0.0,0.050790067720090294,0.572767970267759,1.7537271201055136,13881149485.0,0.014656144306651634,-0.17925591882750846,0.12063134160090191,-0.19503945885005636,-0.13979706877113868,0.12063134160090191,-0.25140924464487036,-0.2919954904171364,0.12063134160090191,-0.3055242390078918,-0.3134160090191657,0.12063134160090191,-0.4047350620067644
KOSDAQ,KOSDAQ_BULL_V5_RET60_MAX_100,pre,BULL,2013-02-28,025880,케이씨피드,KOSDAQ,2013-03-08,2013-03-11,2013-03-14,-0.063,-6300000.0,EARLY_FAIL_CLOSE,0.29640287769784174,0.6992665036674817,0.2575012816260065,1.0,0.0,0.06683804627249357,0.15125875580830847,0.9510103040211788,5352595300.0,0.125,-0.09669811320754718,0.16745283018867924,-0.14386792452830188,-0.125,0.16745283018867924,-0.15683962264150944,-0.29245283018867924,0.16745283018867924,-0.29952830188679247,-0.3443396226415094,0.16745283018867924,-0.3490566037735849
KOSDAQ,KOSDAQ_BULL_V5_RET60_MAX_100,pre,BULL,2013-03-06,038950,파인디지털,KOSDAQ,2013-03-13,2013-03-14,2013-04-25,0.016801980198019803,1680198.0198019804,MAX,0.2723535457348407,0.47424242424242424,0.20944686140459912,0.9361702127659575,0.06382978723404255,0.036458333333333336,0.04030529562444456,1.362110499335876,5267132000.0,0.0594059405940594,0.024752475247524754,0.0891089108910891,-0.009900990099009901,0.0297029702970297,0.0891089108910891,-0.009900990099009901,-0.01485148514851485,0.0891089108910891,-0.0891089108910891,-0.22574257425742575,0.12871287128712872,-0.2712871287128713
KOSDAQ,KOSDAQ_BULL_V5_RET60_MAX_100,pre,BULL,2013-03-07,049180,코리아본뱅크,KOSDAQ,2013-03-14,2013-03-15,2013-03-20,-0.063,-6300000.0,EARLY_FAIL_CLOSE,0.30185185185185187,0.44,0.35121045936985223,0.9333333333333333,0.06666666666666667,0.01282051282051282,0.181337852656764,0.834643004953899,6847377930.0,0.021367521367521368,-0.07264957264957266,0.042735042735042736,-0.10256410256410256,-0.09829059829059829,0.042735042735042736,-0.15128205128205127,3.9572649572649574,3.9572649572649574,-0.21794871794871795,2.8632478632478633,5.042735042735043,-0.21794871794871795
KOSDAQ,KOSDAQ_BULL_V5_RET60_MAX_100,pre,BULL,2013-03-27,060590,씨티씨바이오,KOSDAQ,2013-04-03,2013-04-04,2013-05-14,-0.123,-12300000.0,STOP,0.34923076923076923,0.4840182648401826,0.27376053301979225,0.9512195121951219,0.04878048780487805,0.060092449922958396,0.16937197246536925,1.128824829524203,28228640000.0,0.008823529411764706,-0.03529411764705882,0.07205882352941176,-0.11470588235294117,0.06764705882352941,0.07205882352941176,-0.11470588235294117,0.0058823529411764705,0.08529411764705883,-0.11470588235294117,-0.24705882352941178,0.08529411764705883,-0.375
KOSDAQ,KOSDAQ_BULL_V5_RET60_MAX_100,pre,BULL,2013-04-26,950110,SBI액시즈,KOSDAQ,2013-05-06,2013-05-07,2013-06-04,-0.069006600660066,-6900660.0660066,TRAIL,0.3941368078175896,0.584516129032258,0.4735705285894282,0.9714285714285714,0.02857142857142857,0.039655172413793106,0.2654774396642183,1.2395212926298886,5344606080.0,0.04950495049504951,0.16666666666666666,0.22442244224422442,-0.026402640264026403,0.0594059405940594,0.22442244224422442,-0.041254125412541254,-0.12376237623762376,0.22442244224422442,-0.1353135313531353,-0.3341584158415842,0.22442244224422442,-0.34075907590759075
KOSDAQ,KOSDAQ_BULL_V5_RET60_MAX_100,pre,BULL,2013-08-19,001840,이화공영,KOSDAQ,2013-08-27,2013-08-28,2013-10-21,0.4114385026737968,41143850.26737968,TRAIL,0.27666666666666667,0.4634146341463415,0.24502853190385604,1.0,0.0,0.049315068493150684,0.44897380119171476,0.9709528179471864,4815953070.0,0.06951871657754011,0.25133689839572193,0.3342245989304813,0.0,0.15508021390374332,0.3342245989304813,0.0,0.7112299465240641,0.786096256684492,0.0,0.13101604278074866,0.8288770053475936,0.0
KOSDAQ,KOSDAQ_BULL_V5_RET60_MAX_100,pre,BULL,2013-09-12,100120,뷰웍스,KOSDAQ,2013-09-24,2013-09-25,2013-12-20,0.14583720930232558,14583720.930232558,MAX,0.31625835189309576,0.3323442136498516,0.27081466106891844,0.9444444444444444,0.05555555555555555,0.007009345794392523,0.04144013531472756,0.7324461598606866,4536081050.0,0.07674418604651163,0.12325581395348838,0.12325581395348838,0.0,0.1697674418604651,0.2,0.0,0.24186046511627907,0.2534883720930233,0.0,0.14883720930232558,0.3116279069767442,0.0
KOSDAQ,KOSDAQ_BULL_V5_RET60_MAX_100,pre,BULL,2013-10-29,096630,에스코넥,KOSDAQ,2013-11-05,2013-11-06,2013-11-14,-0.123,-12300000.0,STOP,0.2844574780058651,0.5088495575221239,0.2663241938478677,1.0,0.0,0.024615384615384615,0.05146826649826334,0.43894526432646935,4252491585.0,0.00872093023255814,-0.08430232558139535,0.055232558139534885,-0.09302325581395349,-0.17151162790697674,0.055232558139534885,-0.19767441860465115,-0.17732558139534885,0.055232558139534885,-0.21511627906976744,-0.19186046511627908,0.055232558139534885,-0.24127906976744187
KOSDAQ,KOSDAQ_BULL_V5_RET60_MAX_100,pre,BULL,2014-11-28,086390,유니테스트,KOSDAQ,2014-12-05,2014-12-08,2015-03-10,0.37961851015801357,37961851.015801355,MAX,0.3088235294117647,0.9973297730307076,0.4727308525300256,0.9577464788732394,0.04225352112676056,0.07730061349693251,0.16383881230116648,1.4348492453179156,8613092200.0,0.019187358916478554,-0.040632054176072234,0.055304740406320545,-0.08465011286681716,0.0654627539503386,0.12866817155756208,-0.08465011286681716,0.17945823927765236,0.21896162528216703,-0.08465011286681716,0.38261851015801357,0.48419864559819414,-0.08465011286681716
KOSDAQ,KOSDAQ_BULL_V5_RET60_MAX_100,pre,BULL,2014-12-08,900110,이스트아시아홀딩스,KOSDAQ,2014-12-15,2014-12-16,2014-12-18,-0.063,-6300000.0,EARLY_FAIL_CLOSE,0.3907103825136612,0.24489795918367346,0.28323496756851524,1.0,0.0,0.06231884057971015,0.873961395883932,3.1279683223695316,24269171875.0,0.037037037037037035,-0.2857142857142857,0.10978835978835978,-0.32936507936507936,-0.47883597883597884,0.10978835978835978,-0.49867724867724866,-0.5462962962962963,0.10978835978835978,-0.5952380952380952,-0.35714285714285715,0.10978835978835978,-0.6058201058201058
KOSDAQ,KOSDAQ_BULL_V5_RET60_MAX_100,pre,BULL,2014-12-09,900070,글로벌에스엠,KOSDAQ,2014-12-16,2014-12-18,2014-12-19,-0.063,-6300000.0,EARLY_FAIL_CLOSE,0.27601809954751133,0.33454106280193235,0.23918284955983773,1.0,0.0,0.07878787878787878,0.5957685239141153,4.323797702579669,15977694740.0,0.07590759075907591,-0.25412541254125415,0.29042904290429045,-0.25412541254125415,-0.26732673267326734,0.29042904290429045,-0.32673267326732675,-0.23432343234323433,0.29042904290429045,-0.32673267326732675,-0.2079207920792079,0.29042904290429045,-0.32673267326732675
KOSDAQ,KOSDAQ_BULL_V5_RET60_MAX_100,pre,BULL,2015-01-09,015710,코콤,KOSDAQ,2015-01-16,2015-01-19,2015-01-21,-0.063,-6300000.0,EARLY_FAIL_CLOSE,0.3962882096069869,0.9203354297693921,0.5202898951619594,1.0,0.0,0.043859649122807015,0.266563780533234,1.607075658913542,42732269300.0,0.008333333333333333,-0.029166666666666667,0.05416666666666667,-0.14166666666666666,-0.05,0.0875,-0.14166666666666666,0.43333333333333335,0.8916666666666667,-0.14166666666666666,0.2375,0.8916666666666667,-0.14166666666666666
KOSDAQ,KOSDAQ_BULL_V5_RET60_MAX_100,pre,BULL,2015-01-26,036490,OCI머티리얼즈,KOSDAQ,2015-02-02,2015-02-03,2015-05-04,0.4947307110438729,49473071.10438729,MAX,0.2696969696969697,0.34146341463414637,0.20390356610829058,1.0,0.0,0.006230529595015576,0.029564108693919833,0.6618144770863871,4313923400.0,0.024205748865355523,0.07866868381240545,0.09228441754916793,-0.009077155824508321,0.2178517397881997,0.22692889561270801,-0.009077155824508321,0.24508320726172467,0.2950075642965204,-0.009077155824508321,0.4977307110438729,0.7912254160363086,-0.009077155824508321
KOSDAQ,KOSDAQ_BULL_V5_RET60_MAX_100,pre,BULL,2015-01-28,093920,서원인텍,KOSDAQ,2015-02-04,2015-02-05,2015-03-24,0.05236332179930796,5236332.179930796,MAX,0.2631578947368421,0.4600409836065574,0.30821959728257553,1.0,0.0,0.04316546762589928,0.1262135922330097,0.8741686391782812,6253879000.0,0.010380622837370242,0.06920415224913495,0.12110726643598616,-0.01730103806228374,0.08650519031141868,0.14878892733564014,-0.01730103806228374,0.11418685121107267,0.14878892733564014,-0.01730103806228374,-0.04152249134948097,0.14878892733564014,-0.09342560553633218
KOSDAQ,KOSDAQ_BULL_V5_RET60_MAX_100,pre,BULL,2015-01-29,069110,코스온,KOSDAQ,2015-02-05,2015-02-06,2015-04-14,0.6400517711171662,64005177.11171661,TRAIL,0.37317784256559766,0.4351464435146444,0.40512344330347383,0.9444444444444444,0.05555555555555555,0.08235294117647059,0.1717879318579844,1.8701808760669076,22032252000.0,0.010899182561307902,0.01907356948228883,0.05994550408719346,-0.0653950953678474,0.027247956403269755,0.07629427792915532,-0.0653950953678474,-0.04087193460490463,0.07629427792915532,-0.10626702997275204,0.659400544959128,1.1716621253405994,-0.10626702997275204
KOSDAQ,KOSDAQ_BULL_V5_RET60_MAX_100,pre,BULL,2015-02-17,127120,디엔에이링크,KOSDAQ,2015-02-27,2015-03-02,2015-03-19,-0.123,-12300000.0,STOP,0.31958762886597936,0.36619718309859156,0.2803167794093384,0.9583333333333334,0.041666666666666664,0.04381443298969072,0.13716130843745614,1.0620567938027752,3663042750.0,0.07579462102689487,0.039119804400977995,0.09535452322738386,-0.07823960880195599,-0.034229828850855744,0.09535452322738386,-0.07823960880195599,-0.1784841075794621,0.09535452322738386,-0.1784841075794621,-0.15158924205378974,0.20537897310513448,-0.21515892420537897
KOSDAQ,KOSDAQ_BULL_V5_RET60_MAX_100,pre,BULL,2015-03-30,046940,우원개발,KOSDAQ,2015-04-06,2015-04-07,2015-04-14,0.11454385964912281,11454385.96491228,TRAIL,0.35691318327974275,0.7873563218390804,0.45106730432753994,1.0,0.0,0.057692307692307696,0.8814675446848542,2.963100022916121,17523005500.0,0.09649122807017543,0.010526315789473684,0.4,-0.0912280701754386,0.0,0.4,-0.0912280701754386,-0.11228070175438597,0.4,-0.22280701754385965,-0.2631578947368421,0.4,-0.3201754385964912
KOSDAQ,KOSDAQ_BULL_V5_RET60_MAX_100,pre,BULL,2015-04-03,065170,엔알디,KOSDAQ,2015-04-10,2015-04-13,2015-04-15,-0.063,-6300000.0,EARLY_FAIL_CLOSE,0.3880952380952381,0.7427385892116183,0.5320080248039395,0.9861111111111112,0.013888888888888888,0.1488469601677149,0.4474379292128896,0.9050061837843459,6713594580.0,0.08996539792387544,-0.07093425605536333,0.1972318339100346,-0.10899653979238755,-0.05709342560553633,0.1972318339100346,-0.2041522491349481,-0.06055363321799308,0.1972318339100346,-0.24567474048442905,-0.0657439446366782,0.1972318339100346,-0.25259515570934254
KOSDAQ,KOSDAQ_BULL_V5_RET60_MAX_100,pre,BULL,2015-04-06,014190,원익큐브,KOSDAQ,2015-04-13,2015-04-14,2015-04-24,0.008363636363636365,836363.6363636365,TRAIL,0.36103151862464183,0.3397312859884837,0.1553422163370024,1.0,0.0,0.104,0.2254865684896026,1.9274107042213355,18019499040.0,0.015909090909090907,0.0875,0.275,-0.06363636363636363,0.0125,0.275,-0.06363636363636363,-0.06363636363636363,0.275,-0.1806818181818182,-0.23068181818181818,0.275,-0.2840909090909091
KOSDAQ,KOSDAQ_BULL_V5_RET60_MAX_100,pre,BULL,2015-04-27,067630,에너지솔루션,KOSDAQ,2015-05-06,2015-05-07,2015-05-14,-0.123,-12300000.0,STOP,0.34172661870503596,0.3333333333333333,0.3494599733020508,0.9857142857142858,0.014285714285714285,0.13018867924528302,0.14674069110749496,1.8684456301879806,3856901100.0,0.05175292153589316,-0.07846410684474124,0.12520868113522537,-0.16193656093489148,-0.10517529215358931,0.12520868113522537,-0.16193656093489148,0.41736227045075125,0.4240400667779633,-0.16193656093489148,0.24373956594323873,1.0467445742904842,-0.16193656093489148
KOSDAQ,KOSDAQ_BULL_V5_RET60_MAX_100,pre,BULL,2015-09-11,114120,크루셜텍,KOSDAQ,2015-09-18,2015-09-21,2015-10-14,-0.123,-12300000.0,STOP,0.25075528700906347,0.5539906103286385,0.15438270169727975,1.0,0.0,0.009202453987730062,0.04827146726143062,0.517621406173246,7299325600.0,0.036585365853658534,-0.03048780487804878,0.042682926829268296,-0.04878048780487805,-0.04878048780487805,0.042682926829268296,-0.054878048780487805,-0.10975609756097561,0.042682926829268296,-0.14939024390243902,-0.04573170731707317,0.042682926829268296,-0.21341463414634146
KOSDAQ,KOSDAQ_BULL_V5_RET60_MAX_100,pre,BULL,2015-11-25,078150,HB테크놀러지,KOSDAQ,2015-12-11,2015-12-14,2016-02-16,0.26998050139275764,26998050.139275763,TRAIL,0.30606060606060603,0.36929460580912865,0.23279995018990093,1.0,0.0,0.0136986301369863,0.21112929623567922,0.8283074059090375,5523665250.0,0.008356545961002786,0.04735376044568245,0.08356545961002786,-0.03899721448467967,0.14763231197771587,0.1671309192200557,-0.03899721448467967,0.4735376044568245,0.5738161559888579,-0.03899721448467967,0.3871866295264624,0.6100278551532033,-0.03899721448467967
KOSDAQ,KOSDAQ_BULL_V5_RET60_MAX_100,pre,BULL,2016-03-16,160550,NEW,KOSDAQ,2016-03-23,2016-03-24,2016-04-06,-0.123,-12300000.0,STOP,0.3722397476340694,0.4541284403669725,0.40257211963895945,0.9333333333333333,0.06666666666666667,0.02258064516129032,0.13416815742397137,0.8004140338951629,22336327200.0,0.01892744479495268,-0.03785488958990536,0.07886435331230283,-0.04100946372239748,-0.1608832807570978,0.07886435331230283,-0.17034700315457413,-0.22082018927444794,0.07886435331230283,-0.2586750788643533,-0.23659305993690852,0.07886435331230283,-0.29337539432176657
KOSDAQ,KOSDAQ_BULL_V5_RET60_MAX_100,pre,BULL,2016-07-22,191420,테고사이언스,KOSDAQ,2016-07-29,2016-08-01,2016-08-05,-0.06857377049180328,-6857377.049180329,TRAIL,0.37955465587044535,0.7963636363636364,0.45604598039938105,1.0,0.0,0.1343804537521815,0.40890863769372493,1.854261599743457,19882460000.0,0.06408345752608048,-0.09090909090909091,0.3442622950819672,-0.11922503725782414,-0.12816691505216096,0.3442622950819672,-0.15052160953800298,-0.20417287630402384,0.3442622950819672,-0.22950819672131148,-0.3360655737704918,0.3442622950819672,-0.3591654247391952
KOSDAQ,KOSDAQ_BULL_V5_RET60_MAX_100,pre,BULL,2017-05-11,049950,미래컴퍼니,KOSDAQ,2017-05-18,2017-05-19,2017-06-19,0.32969961977186313,32969961.97718631,TRAIL,0.2517985611510791,0.9776422764227642,0.24663677130044842,0.9672131147540983,0.03278688524590164,0.05,0.1690046760187041,1.2699019063634893,6509737500.0,0.06653992395437262,0.16920152091254753,0.21102661596958175,-0.02091254752851711,0.23193916349809887,0.2509505703422053,-0.02091254752851711,0.33269961977186313,0.6825095057034221,-0.02091254752851711,0.3973384030418251,0.6825095057034221,-0.02091254752851711
KOSDAQ,KOSDAQ_BULL_V5_RET60_MAX_100,pre,BULL,2017-06-08,036000,예림당,KOSDAQ,2017-06-15,2017-06-16,2017-07-03,0.13360062565172054,13360062.565172054,TRAIL,0.3070776255707763,0.539543057996485,0.31587512204891965,0.9302325581395349,0.06976744186046512,0.09101251422070535,0.17632628028212205,1.591394951968729,5697562850.0,0.027111574556830033,0.23566214807090718,0.251303441084463,-0.027111574556830033,0.23566214807090718,0.42857142857142855,-0.027111574556830033,0.10531803962460896,0.42857142857142855,-0.027111574556830033,-0.0667361835245047,0.42857142857142855,-0.1032325338894682
KOSDAQ,KOSDAQ_BULL_V5_RET60_MAX_100,pre,BULL,2017-06-22,048530,인트론바이오,KOSDAQ,2017-06-29,2017-06-30,2017-07-14,-0.123,-12300000.0,STOP,0.27874015748031494,0.5450121654501217,0.2477484853446865,0.9459459459459459,0.05405405405405406,0.0830860534124629,0.23781263247138618,2.1556442507483022,27118478000.0,0.06685236768802229,-0.04874651810584958,0.116991643454039,-0.05988857938718663,-0.11281337047353761,0.116991643454039,-0.13370473537604458,-0.08913649025069638,0.116991643454039,-0.13370473537604458,-0.18523676880222842,0.116991643454039,-0.19220055710306408
KOSDAQ,KOSDAQ_BULL_V5_RET60_MAX_100,pre,BULL,2017-06-27,121850,코이즈,KOSDAQ,2017-07-04,2017-07-05,2017-07-18,0.029085561497326207,2908556.149732621,TRAIL,0.3563218390804598,0.5236427320490368,0.4125669751583049,0.9230769230769231,0.07692307692307693,0.07347876004592423,0.2988817114676669,1.7310251873193987,3646883350.0,0.023529411764705882,0.23529411764705882,0.2887700534759358,-0.0074866310160427805,-0.2,0.3422459893048128,-0.21390374331550802,-0.3893048128342246,0.3422459893048128,-0.4117647058823529,-0.3764705882352941,0.3422459893048128,-0.5010695187165776
KOSDAQ,KOSDAQ_BULL_V5_RET60_MAX_100,pre,BULL,2017-09-11,066970,엘앤에프,KOSDAQ,2017-09-18,2017-09-19,2017-09-20,-0.063,-6300000.0,EARLY_FAIL_CLOSE,0.348780487804878,0.8937644341801386,0.47845423402848725,1.0,0.0,0.008036739380022962,0.16152930281783304,0.6275440894008042,12959587300.0,0.032036613272311214,-0.18306636155606407,0.04576659038901602,-0.18764302059496568,-0.14073226544622425,0.04576659038901602,-0.2482837528604119,-0.23684210526315788,0.04576659038901602,-0.2757437070938215,-0.10297482837528604,0.10411899313501144,-0.2951945080091533
KOSDAQ,KOSDAQ_BULL_V5_RET60_MAX_100,pre,BULL,2017-11-07,095610,테스,KOSDAQ,2017-11-14,2017-11-15,2017-12-21,-0.123,-12300000.0,STOP,0.2587131367292225,0.27521367521367524,0.17372492460993832,1.0,0.0,0.06274007682458387,0.17066290550070523,1.1595778871127442,13528377500.0,0.04390243902439024,0.026829268292682926,0.06585365853658537,-0.025609756097560974,-0.0024390243902439024,0.06585365853658537,-0.03902439024390244,-0.06341463414634146,0.06585365853658537,-0.11707317073170732,-0.16463414634146342,0.06585365853658537,-0.21707317073170732
KOSDAQ,KOSDAQ_BULL_V5_RET60_MAX_100,pre,BULL,2018-01-10,112040,위메이드,KOSDAQ,2018-01-17,2018-01-18,2018-03-06,0.060316582914572855,6031658.291457285,MAX,0.34067085953878407,0.5411954765751211,0.19633825189148527,0.9565217391304348,0.043478260869565216,0.02265705458290422,0.026197488761432335,0.506581484123978,5906562600.0,0.035175879396984924,0.017085427135678392,0.0814070351758794,-0.009045226130653266,0.15175879396984926,0.15577889447236182,-0.009045226130653266,0.033165829145728645,0.1678391959798995,-0.06633165829145729,0.18391959798994975,0.19195979899497487,-0.09849246231155778
KOSDAQ,KOSDAQ_BULL_V5_RET60_MAX_100,pre,BULL,2018-01-15,141080,레고켐바이오,KOSDAQ,2018-01-22,2018-01-23,2018-02-06,-0.123,-12300000.0,STOP,0.27313769751693,0.5119453924914675,0.24371242074725694,0.9743589743589743,0.02564102564102564,0.022413793103448276,0.35419045444165337,0.7961956430008816,16084650600.0,0.008333333333333333,0.125,0.16,-0.041666666666666664,-0.08333333333333333,0.16,-0.15833333333333333,0.12,0.16,-0.15833333333333333,0.0033333333333333335,0.21666666666666667,-0.15833333333333333
KOSDAQ,KOSDAQ_BULL_V5_RET60_MAX_100,pre,BULL,2018-01-16,086890,이수앱지스,KOSDAQ,2018-01-23,2018-01-24,2018-02-07,-0.05205660377358491,-5205660.3773584915,TRAIL,0.3703056768558952,0.6937869822485208,0.38846783483902264,0.9444444444444444,0.05555555555555555,0.04819277108433735,0.23031960026397663,0.901930574724586,8065852650.0,0.05660377358490566,0.05660377358490566,0.20754716981132076,-0.011320754716981131,-0.04905660377358491,0.20754716981132076,-0.1018867924528302,0.01509433962264151,0.20754716981132076,-0.1018867924528302,-0.09056603773584905,0.20754716981132076,-0.1660377358490566
KOSDAQ,KOSDAQ_BULL_V5_RET60_MAX_100,pre,BULL,2018-01-18,086890,이수앱지스,KOSDAQ,2018-01-25,2018-01-26,2018-01-31,-0.063,-6300000.0,EARLY_FAIL_CLOSE,0.37165991902834006,0.8029197080291971,0.46980065456709313,0.9487179487179487,0.05128205128205128,0.10320284697508897,0.3765541740674956,1.525089811904849,18082145000.0,0.022950819672131147,-0.07540983606557378,0.04918032786885246,-0.14754098360655737,-0.12786885245901639,0.04918032786885246,-0.21967213114754097,-0.15081967213114755,0.04918032786885246,-0.21967213114754097,-0.22950819672131148,0.04918032786885246,-0.2754098360655738
KOSDAQ,KOSDAQ_BULL_V5_RET60_MAX_100,pre,BULL,2018-01-23,014190,원익큐브,KOSDAQ,2018-01-30,2018-01-31,2018-02-28,0.11314173228346457,11314173.228346456,TRAIL,0.3008474576271186,0.3074792243767313,0.16246613578523927,1.0,0.0,0.03877551020408163,0.11843550867941112,0.5474320613738736,3674585525.0,0.14960629921259844,0.1377952755905512,0.27755905511811024,-0.027559055118110236,0.1732283464566929,0.31496062992125984,-0.027559055118110236,0.15551181102362205,0.4448818897637795,-0.027559055118110236,0.07283464566929133,0.4448818897637795,-0.027559055118110236
KOSDAQ,KOSDAQ_BULL_V5_RET60_MAX_100,pre,BULL,2018-02-01,030790,동양네트웍스,KOSDAQ,2018-02-08,2018-02-09,2018-03-26,0.22616666666666665,22616666.666666664,TRAIL,0.3382352941176471,0.29936305732484075,0.2442185514612453,0.9574468085106383,0.0425531914893617,0.08260869565217391,0.2997520553308104,0.7499983990158411,7552877160.0,0.035416666666666666,0.12291666666666666,0.15625,-0.06041666666666667,0.19166666666666668,0.2708333333333333,-0.06041666666666667,0.3958333333333333,0.5375,-0.06041666666666667,0.60625,0.93125,-0.06041666666666667
KOSDAQ,KOSDAQ_BULL_V5_RET60_MAX_100,pre,BULL,2018-06-12,042000,카페24,KOSDAQ,2018-06-20,2018-06-21,2018-06-26,-0.063,-6300000.0,EARLY_FAIL_CLOSE,0.2866779089376054,0.7951564076690212,0.28524984948826015,1.0,0.0,0.07820895522388059,0.07656999791362404,0.6728780041766077,22380493800.0,0.021666666666666667,-0.042222222222222223,0.04388888888888889,-0.11388888888888889,-0.034444444444444444,0.04388888888888889,-0.11388888888888889,0.04055555555555555,0.13666666666666666,-0.11388888888888889,-0.1238888888888889,0.13666666666666666,-0.22944444444444445
KOSDAQ,KOSDAQ_BULL_V5_RET60_MAX_100,pre,BULL,2018-06-12,091580,상신이디피,KOSDAQ,2018-06-20,2018-06-21,2018-08-02,0.004326007326007326,432600.7326007326,MAX,0.2785714285714286,0.21739130434782608,0.17581187010078395,0.95,0.05,0.04198473282442748,0.11088504577822991,0.8904832461754015,4222750350.0,0.018315018315018316,-0.003663003663003663,0.07326007326007326,-0.05128205128205128,-0.02564102564102564,0.08058608058608059,-0.06593406593406594,0.10622710622710622,0.20146520146520147,-0.07326007326007326,0.28205128205128205,0.34065934065934067,-0.1282051282051282
KOSDAQ,KOSDAQ_BULL_V5_RET60_MAX_100,pre,BULL,2018-09-14,003670,포스코켐텍,KOSDAQ,2018-09-21,2018-09-27,2018-10-11,-0.123,-12300000.0,STOP,0.3321060382916053,0.6014150943396226,0.32354374451772205,1.0,0.0,0.022857142857142857,0.10981942183988219,0.6545101984444157,32684182800.0,0.06406685236768803,-0.0988857938718663,0.13231197771587744,-0.11420612813370473,-0.06128133704735376,0.13231197771587744,-0.13788300835654596,-0.08635097493036212,0.13231197771587744,-0.13788300835654596,-0.10306406685236769,0.13231197771587744,-0.21030640668523676
KOSDAQ,KOSDAQ_BULL_V5_RET60_MAX_100,pre,BULL,2019-01-23,048470,대동스틸,KOSDAQ,2019-01-30,2019-01-31,2019-02-20,-0.123,-12300000.0,STOP,0.346031746031746,0.39226519337016574,0.1809363137916491,1.0,0.0,0.06302521008403361,0.06079664570230608,0.9620493701574154,5185007300.0,0.007905138339920948,-0.023715415019762844,0.07509881422924901,-0.03162055335968379,-0.06324110671936758,0.07509881422924901,-0.07114624505928854,-0.33359683794466405,0.07509881422924901,-0.3683794466403162,-0.38102766798418974,0.07509881422924901,-0.39446640316205533
KOSDAQ,KOSDAQ_BULL_V5_RET60_MAX_100,pre,BULL,2019-02-14,032820,우리기술,KOSDAQ,2019-02-21,2019-02-22,2019-02-28,-0.123,-12300000.0,STOP,0.26936026936026936,0.3623853211009174,0.20153732047737838,1.0,0.0,0.03367003367003367,0.09642857142857143,0.9335408665490416,6017988990.0,0.012861736334405145,-0.1639871382636656,0.08360128617363344,-0.24115755627009647,-0.2315112540192926,0.08360128617363344,-0.24115755627009647,-0.06752411575562701,0.08360128617363344,-0.24115755627009647,-0.18971061093247588,0.08360128617363344,-0.2797427652733119
KOSDAQ,KOSDAQ_BULL_V5_RET60_MAX_100,pre,BULL,2019-04-04,029960,코엔텍,KOSDAQ,2019-04-11,2019-04-12,2019-05-28,0.024149321266968327,2414932.126696833,MAX,0.26239669421487605,0.37110481586402266,0.2053793790469865,1.0,0.0,0.0,0.13348170384555666,0.570096111133125,4789256250.0,0.027149321266968326,0.004524886877828055,0.05429864253393665,-0.004524886877828055,-0.01809954751131222,0.08597285067873303,-0.04524886877828054,0.13574660633484162,0.17194570135746606,-0.04524886877828054,0.0,0.2081447963800905,-0.04524886877828054
KOSDAQ,KOSDAQ_BULL_V5_RET60_MAX_100,pre,BULL,2019-04-11,043370,평화정공,KOSDAQ,2019-04-18,2019-04-19,2019-04-26,-0.123,-12300000.0,STOP,0.2542056074766355,0.6212121212121212,0.28133482356698075,0.9523809523809523,0.047619047619047616,0.07906976744186046,0.1859728044167263,4.720439399359763,5028089600.0,0.017241379310344827,-0.11637931034482758,0.04310344827586207,-0.1413793103448276,-0.17413793103448275,0.04310344827586207,-0.1810344827586207,-0.27586206896551724,0.04310344827586207,-0.28706896551724137,-0.23017241379310344,0.04310344827586207,-0.3146551724137931
KOSDAQ,KOSDAQ_BULL_V5_RET60_MAX_100,pre,BULL,2019-06-13,179900,유티아이,KOSDAQ,2019-06-20,2019-06-21,2019-06-24,-0.063,-6300000.0,EARLY_FAIL_CLOSE,0.2774725274725275,0.6697247706422018,0.07985166872682316,1.0,0.0,0.021791767554479417,0.14054054054054055,1.5044217263361457,5567804700.0,0.054373522458628844,-0.1016548463356974,0.06619385342789598,-0.12529550827423167,-0.14893617021276595,0.06619385342789598,-0.2127659574468085,0.2222222222222222,0.33569739952718675,-0.2127659574468085,-0.0070921985815602835,0.33569739952718675,-0.2198581560283688
KOSDAQ,KOSDAQ_BULL_V5_RET60_MAX_100,pre,BULL,2019-11-12,131760,파인텍,KOSDAQ,2019-11-19,2019-11-20,2019-11-29,0.08790909090909091,8790909.090909092,TRAIL,0.2535211267605634,0.3209302325581395,0.25998225377107365,1.0,0.0,0.04106280193236715,0.61847540368006,0.7301970106902816,7453306705.0,0.20813397129186603,0.11722488038277512,0.38995215311004783,0.0,0.05263157894736842,0.38995215311004783,0.0,0.045454545454545456,0.38995215311004783,-0.12200956937799043,0.023923444976076555,0.38995215311004783,-0.12200956937799043
KOSDAQ,KOSDAQ_BULL_V5_RET60_MAX_100,pre,BULL,2019-12-18,293780,압타바이오,KOSDAQ,2019-12-26,2019-12-27,2020-01-15,-0.123,-12300000.0,STOP,0.3708838821490468,0.7379518072289156,0.5030608257717187,1.0,0.0,0.06357388316151202,0.28743760399334445,0.947243699166583,61678645600.0,0.03685897435897436,-0.003205128205128205,0.1233974358974359,-0.03365384615384615,-0.09294871794871795,0.1233974358974359,-0.09615384615384616,-0.22275641025641027,0.1233974358974359,-0.23397435897435898,-0.4935897435897436,0.1233974358974359,-0.6089743589743589
KOSDAQ,KOSDAQ_BULL_V5_RET60_MAX_100,pre,BULL,2020-01-09,089890,코세스,KOSDAQ,2020-01-16,2020-01-17,2020-01-30,-0.123,-12300000.0,STOP,0.31808278867102396,0.22237017310252996,0.22161107168204394,0.9560439560439561,0.04395604395604396,0.08599779492833518,0.15353085841433423,2.011864085058936,5475821850.0,0.015,-0.09,0.06,-0.109,-0.153,0.06,-0.21,-0.207,0.06,-0.219,-0.417,0.06,-0.674
KOSDAQ,KOSDAQ_BULL_V5_RET60_MAX_100,pre,BULL,2020-01-09,036200,유니셈,KOSDAQ,2020-01-16,2020-01-17,2020-02-28,-0.123,-12300000.0,STOP,0.2689655172413793,0.2622415669205658,0.20300751879699247,1.0,0.0,0.07993197278911565,0.1567538027142727,2.6814840654721848,16825404500.0,0.012345679012345678,-0.004629629629629629,0.06172839506172839,-0.06481481481481481,-0.026234567901234566,0.06172839506172839,-0.11265432098765432,-0.0015432098765432098,0.09876543209876543,-0.11265432098765432,-0.279320987654321,0.09876543209876543,-0.5146604938271605
KOSDAQ,KOSDAQ_BULL_V5_RET60_MAX_100,pre,BULL,2020-04-17,053030,바이넥스,KOSDAQ,2020-04-24,2020-04-27,2020-06-11,0.1568360655737705,15683606.55737705,MAX,0.3323809523809524,0.35834411384217335,0.24059706195108513,0.9714285714285714,0.02857142857142857,0.15165876777251186,0.1397748592870544,5.070003454526004,199440172350.0,0.00819672131147541,-0.04918032786885246,0.06147540983606557,-0.05327868852459016,0.00819672131147541,0.07377049180327869,-0.06147540983606557,0.02459016393442623,0.22540983606557377,-0.06147540983606557,0.5327868852459017,0.6270491803278688,-0.06147540983606557
KOSDAQ,KOSDAQ_BULL_V5_RET60_MAX_100,pre,BULL,2020-05-06,068760,셀트리온제약,KOSDAQ,2020-05-13,2020-05-14,2020-08-06,0.455133971291866,45513397.1291866,MAX,0.2600276625172891,0.6678200692041523,0.33777407715792396,1.0,0.0,0.08974358974358974,0.16033035287693673,2.5931381578428288,403678685000.0,0.01076555023923445,0.028708133971291867,0.09808612440191387,-0.03708133971291866,0.03229665071770335,0.09808612440191387,-0.03708133971291866,0.5992822966507177,0.7045454545454546,-0.03708133971291866,0.458133971291866,0.7284688995215312,-0.03708133971291866
KOSDAQ,KOSDAQ_BULL_V5_RET60_MAX_100,pre,BULL,2020-05-19,095700,제넥신,KOSDAQ,2020-05-26,2020-05-27,2020-08-20,0.7153288409703504,71532884.09703505,MAX,0.29250720461095103,0.24372759856630824,0.14202652112502234,0.9333333333333333,0.06666666666666667,0.019204389574759947,0.0594610009981463,0.5365288515307008,29730922100.0,0.02021563342318059,0.005390835579514825,0.10242587601078167,-0.03908355795148248,0.0673854447439353,0.10242587601078167,-0.03908355795148248,0.330188679245283,0.49595687331536387,-0.03908355795148248,0.7183288409703504,0.9474393530997305,-0.03908355795148248
KOSDAQ,KOSDAQ_BULL_V5_RET60_MAX_100,pre,BULL,2020-05-22,065370,위세아이텍,KOSDAQ,2020-05-29,2020-06-01,2020-06-15,-0.123,-12300000.0,STOP,0.31010452961672474,0.3411214953271028,0.38656274156145315,0.9354838709677419,0.06451612903225806,0.05067567567567568,0.10518834399431415,3.5979323605885525,6113124850.0,0.07371794871794872,0.022435897435897436,0.08974358974358974,-0.009615384615384616,-0.11217948717948718,0.08974358974358974,-0.13141025641025642,-0.0673076923076923,0.08974358974358974,-0.13782051282051283,0.3942307692307692,0.7115384615384616,-0.13782051282051283
KOSDAQ,KOSDAQ_BULL_V5_RET60_MAX_100,pre,BULL,2020-05-25,214450,파마리서치프로덕트,KOSDAQ,2020-06-01,2020-06-02,2020-07-14,-0.012041591320072334,-1204159.1320072333,MAX,0.29852125693160814,0.2170978627671541,0.29671427144711865,0.9347826086956522,0.06521739130434782,0.06095238095238095,0.11394430278486076,1.7039841537934426,16524017700.0,0.027124773960216998,0.007233273056057866,0.07956600361663653,-0.02531645569620253,0.0379746835443038,0.12115732368896925,-0.0325497287522604,-0.018083182640144666,0.12115732368896925,-0.034358047016274866,0.2766726943942134,0.4050632911392405,-0.05244122965641953
KOSDAQ,KOSDAQ_BULL_V5_RET60_MAX_100,pre,BULL,2020-05-28,230360,에코마케팅,KOSDAQ,2020-06-04,2020-06-05,2020-07-17,0.061558629776021084,6155862.977602108,MAX,0.27717391304347827,0.42359767891682787,0.2987089374466959,0.9886363636363636,0.011363636363636364,0.07972027972027972,0.05949358402525218,3.0286988572662414,26178404200.0,0.01844532279314888,-0.015810276679841896,0.08959156785243742,-0.06455862977602109,-0.019762845849802372,0.08959156785243742,-0.06455862977602109,0.07905138339920949,0.09354413702239789,-0.07114624505928854,-0.22397891963109354,0.549407114624506,-0.2872200263504611
KOSDAQ,KOSDAQ_BULL_V5_RET60_MAX_100,pre,BULL,2020-06-02,115480,씨유메디칼,KOSDAQ,2020-06-09,2020-06-10,2020-06-15,-0.063,-6300000.0,EARLY_FAIL_CLOSE,0.25405405405405407,0.3089622641509434,0.14764267990074442,1.0,0.0,0.01078582434514638,0.19316114950891233,2.3517770213316127,28101363920.0,0.045871559633027525,-0.13608562691131498,0.07951070336391437,-0.16666666666666666,-0.03058103975535168,0.07951070336391437,-0.16666666666666666,-0.10703363914373089,0.07951070336391437,-0.16666666666666666,0.06574923547400612,0.31345565749235477,-0.23547400611620795
KOSDAQ,KOSDAQ_BULL_V5_RET60_MAX_100,pre,BULL,2020-06-04,216050,인크로스,KOSDAQ,2020-06-11,2020-06-12,2020-09-07,0.7836666666666666,78366666.66666666,MAX,0.30491803278688523,0.2681912681912682,0.4169570267131243,0.9629629629629629,0.037037037037037035,0.035175879396984924,0.12292177705096756,0.4787475729535826,3485303700.0,0.006666666666666667,0.016666666666666666,0.09333333333333334,-0.06,0.08,0.12833333333333333,-0.06,0.06666666666666667,0.2,-0.06,0.7866666666666666,0.96,-0.06
KOSDAQ,KOSDAQ_BULL_V5_RET60_MAX_100,pre,BULL,2020-06-12,121600,나노신소재,KOSDAQ,2020-06-19,2020-06-22,2020-08-18,0.9920738916256158,99207389.16256158,TRAIL,0.27384615384615385,0.5330188679245284,0.24540159411404047,0.9310344827586207,0.06896551724137931,0.02743142144638404,0.20432622040339082,1.7607404309553345,12319953600.0,0.034482758620689655,-0.034482758620689655,0.1206896551724138,-0.04433497536945813,0.05172413793103448,0.1206896551724138,-0.0665024630541872,0.31527093596059114,0.4433497536945813,-0.0665024630541872,1.0,1.5714285714285714,-0.0665024630541872
KOSDAQ,KOSDAQ_BULL_V5_RET60_MAX_100,pre,BULL,2020-07-24,045300,성우테크론,KOSDAQ,2020-07-31,2020-08-03,2020-08-06,0.07392307692307692,7392307.692307692,TRAIL,0.2639821029082774,0.3586626139817629,0.18188828908229587,0.9523809523809523,0.047619047619047616,0.12371134020618557,0.2566290062255015,3.019322700873989,4606885000.0,0.06227106227106227,0.24358974358974358,0.3553113553113553,-0.0018315018315018315,0.30036630036630035,0.5201465201465202,-0.0018315018315018315,0.29120879120879123,0.6190476190476191,-0.0018315018315018315,-0.12454212454212454,0.6190476190476191,-0.14835164835164835
KOSDAQ,KOSDAQ_BULL_V5_RET60_MAX_100,pre,BULL,2020-07-27,036480,대성미생물,KOSDAQ,2020-08-03,2020-08-04,2020-08-21,-0.123,-12300000.0,STOP,0.37047353760445684,0.31985294117647056,0.15769106739761368,1.0,0.0,0.037463976945244955,0.02069747660901616,1.3188803872179344,5000832000.0,0.011111111111111112,0.022222222222222223,0.07222222222222222,-0.016666666666666666,-0.04722222222222222,0.07222222222222222,-0.075,-0.016666666666666666,0.07222222222222222,-0.12222222222222222,-0.1361111111111111,0.07222222222222222,-0.18333333333333332
KOSDAQ,KOSDAQ_BULL_V5_RET60_MAX_100,pre,BULL,2020-08-11,021080,에이티넘인베스트,KOSDAQ,2020-08-19,2020-08-20,2020-09-10,-0.07238775510204082,-7238775.510204081,TRAIL,0.3199152542372881,0.40476190476190477,0.35541303723556994,1.0,0.0,0.03225806451612903,0.17230431066064233,0.6108911579109043,4134261600.0,0.04897959183673469,0.03469387755102041,0.12653061224489795,-0.04693877551020408,0.11632653061224489,0.2163265306122449,-0.04693877551020408,-0.1326530612244898,0.2163265306122449,-0.1469387755102041,0.12653061224489795,0.2938775510204082,-0.22857142857142856
KOSDAQ,KOSDAQ_BULL_V5_RET60_MAX_100,pre,BULL,2020-09-04,074600,원익QnC,KOSDAQ,2020-09-11,2020-09-14,2020-10-15,-0.123,-12300000.0,STOP,0.28869047619047616,0.21299638989169675,0.1661267931513189,0.9333333333333333,0.06666666666666667,0.01488095238095238,0.09822866344605476,0.42287229495935946,7992204550.0,0.011661807580174927,0.023323615160349854,0.06997084548104957,-0.03206997084548105,-0.03498542274052478,0.06997084548104957,-0.07580174927113703,-0.11078717201166181,0.06997084548104957,-0.13119533527696792,0.08454810495626822,0.13702623906705538,-0.1924198250728863
KOSDAQ,KOSDAQ_BULL_V5_RET60_MAX_100,pre,BULL,2020-09-11,278280,천보,KOSDAQ,2020-09-18,2020-09-21,2020-09-23,-0.063,-6300000.0,EARLY_FAIL_CLOSE,0.33725490196078434,0.5887850467289719,0.28535424250910113,1.0,0.0,0.0595446584938704,0.13903793655276286,1.6014499032079288,106177318500.0,0.026595744680851064,-0.14680851063829786,0.12925531914893618,-0.21968085106382979,-0.10053191489361703,0.12925531914893618,-0.21968085106382979,-0.24202127659574468,0.12925531914893618,-0.25585106382978723,-0.017553191489361703,0.12925531914893618,-0.3069148936170213
KOSDAQ,KOSDAQ_BULL_V5_RET60_MAX_100,pre,BULL,2020-09-11,074600,원익QnC,KOSDAQ,2020-09-18,2020-09-21,2020-09-24,-0.063,-6300000.0,EARLY_FAIL_CLOSE,0.2844574780058651,0.32170542635658916,0.15527950310559002,1.0,0.0,0.011764705882352941,0.05683563748079877,0.4043673014332484,7152654400.0,0.014450867052023121,-0.04335260115606936,0.046242774566473986,-0.0838150289017341,-0.04046242774566474,0.046242774566473986,-0.0838150289017341,-0.13005780346820808,0.046242774566473986,-0.15606936416184972,0.2138728323699422,0.2630057803468208,-0.1994219653179191
KOSDAQ,KOSDAQ_BULL_V5_RET60_MAX_100,pre,BULL,2020-10-13,104620,노랑풍선,KOSDAQ,2020-10-20,2020-10-21,2020-12-23,0.07504878048780488,7504878.048780488,TRAIL,0.3620689655172414,0.5797665369649806,0.35138133806723626,1.0,0.0,0.04859335038363171,0.1759644342463789,0.805137021627755,4800239000.0,0.02926829268292683,-0.014634146341463415,0.1073170731707317,-0.0951219512195122,-0.004878048780487805,0.1073170731707317,-0.0951219512195122,0.2097560975609756,0.37073170731707317,-0.0951219512195122,0.14634146341463414,0.37073170731707317,-0.0951219512195122
KOSDAQ,KOSDAQ_BULL_V5_RET60_MAX_100,pre,BULL,2020-11-11,030790,비케이탑스,KOSDAQ,2020-11-18,2020-11-19,2020-11-30,0.8584457831325302,85844578.31325302,TRAIL,0.30042918454935624,0.34942084942084944,0.24622996122245822,1.0,0.0,0.10246433203631647,0.27906101873448197,3.8594916197608904,9899066000.0,0.2289156626506024,1.1204819277108433,1.427710843373494,0.0,1.1927710843373494,1.427710843373494,0.0,1.036144578313253,1.427710843373494,0.0,0.8433734939759037,1.427710843373494,0.0
KOSDAQ,KOSDAQ_BULL_V5_RET60_MAX_100,pre,BULL,2020-12-02,066970,엘앤에프,KOSDAQ,2020-12-09,2020-12-10,2021-02-23,0.3135735567970205,31357355.679702047,TRAIL,0.27849264705882354,0.2830188679245283,0.2995958670940257,0.9629629629629629,0.037037037037037035,0.035916824196597356,0.1473436273226904,0.8790139344136912,49125405200.0,0.01303538175046555,0.33519553072625696,0.4376163873370577,-0.0335195530726257,0.29608938547486036,0.4376163873370577,-0.0335195530726257,0.3817504655493482,0.5512104283054003,-0.0335195530726257,0.33519553072625696,0.6703910614525139,-0.0335195530726257
KOSDAQ,KOSDAQ_BULL_V5_RET60_MAX_100,pre,BULL,2020-12-23,244460,올리패스,KOSDAQ,2021-01-04,2021-01-05,2021-01-11,-0.123,-12300000.0,STOP,0.3072033898305085,0.36023054755043227,0.22938010071192907,1.0,0.0,0.0035650623885918,0.16914131450524347,0.5593360023250258,7980243500.0,0.03790613718411552,-0.1371841155234657,0.03790613718411552,-0.16967509025270758,-0.15703971119133575,0.03790613718411552,-0.20938628158844766,0.07942238267148015,0.20397111913357402,-0.20938628158844766,-0.6747292418772564,0.30324909747292417,-0.6808664259927798
KOSDAQ,KOSDAQ_BULL_V5_RET60_MAX_100,pre,BULL,2021-01-04,044060,조광ILI,KOSDAQ,2021-01-11,2021-01-12,2021-01-13,-0.063,-6300000.0,EARLY_FAIL_CLOSE,0.3757894736842105,0.49842271293375395,0.11725273432906033,1.0,0.0,0.21875,0.3968481375358166,5.316743266755313,59357543700.0,0.03139013452914798,-0.14349775784753363,0.08968609865470852,-0.16143497757847533,-0.10762331838565023,0.08968609865470852,-0.16143497757847533,-0.12914798206278028,0.08968609865470852,-0.19551569506726457,-0.17668161434977578,0.08968609865470852,-0.21345291479820627
KOSDAQ,KOSDAQ_BULL_V5_RET60_MAX_100,pre,BULL,2021-01-13,160980,싸이맥스,KOSDAQ,2021-01-20,2021-01-21,2021-03-05,-0.123,-12300000.0,STOP,0.26329113924050634,0.3715277777777778,0.1976350497751277,0.9444444444444444,0.05555555555555555,0.06310679611650485,0.09527381845461365,2.5658198906947955,19069227900.0,0.02288329519450801,-0.032036613272311214,0.09153318077803203,-0.04805491990846682,0.0,0.09153318077803203,-0.11212814645308924,-0.011441647597254004,0.09153318077803203,-0.11212814645308924,0.2036613272311213,0.2128146453089245,-0.1853546910755149
KOSDAQ,KOSDAQ_BULL_V5_RET60_MAX_100,pre,BULL,2021-01-20,214260,라파스,KOSDAQ,2021-01-27,2021-01-28,2021-03-16,0.015145161290322583,1514516.1290322582,MAX,0.3122448979591837,0.2564102564102564,0.06263779954458386,0.9375,0.0625,0.0199203187250996,0.038434235878714126,0.4374428990743738,3906432000.0,0.07258064516129033,0.09475806451612903,0.30443548387096775,-0.038306451612903226,0.11088709677419355,0.30443548387096775,-0.038306451612903226,-0.008064516129032258,0.30443548387096775,-0.038306451612903226,0.40524193548387094,0.42338709677419356,-0.038306451612903226
KOSDAQ,KOSDAQ_BULL_V5_RET60_MAX_100,pre,BULL,2021-03-26,246690,TS인베스트먼트,KOSDAQ,2021-04-02,2021-04-05,2021-04-12,-0.123,-12300000.0,STOP,0.3610503282275711,0.3480825958702065,0.18737279695145712,1.0,0.0,0.2638623326959847,0.446310376894043,2.8219380557492384,182615468110.0,0.03235294117647059,-0.13088235294117648,0.43823529411764706,-0.17647058823529413,-0.31691176470588234,0.43823529411764706,-0.3205882352941177,-0.43014705882352944,0.43823529411764706,-0.4345588235294118,-0.36911764705882355,0.43823529411764706,-0.4713235294117647
KOSDAQ,KOSDAQ_BULL_V5_RET60_MAX_100,pre,BULL,2021-04-12,084370,유진테크,KOSDAQ,2021-04-19,2021-04-20,2021-05-04,-0.123,-12300000.0,STOP,0.2593320235756385,0.39261285909712723,0.23286841733443667,0.9259259259259259,0.07407407407407407,0.020872865275142316,0.1244056638277862,1.1302398476672686,17831794800.0,0.007547169811320755,-0.03962264150943396,0.007547169811320755,-0.05660377358490566,-0.09622641509433963,0.007547169811320755,-0.12735849056603774,-0.07452830188679245,0.007547169811320755,-0.17641509433962263,-0.17075471698113207,0.007547169811320755,-0.20849056603773586
KOSDAQ,KOSDAQ_BULL_V5_RET60_MAX_100,pre,BULL,2021-06-11,010470,오리콤,KOSDAQ,2021-06-18,2021-06-21,2021-06-23,-0.063,-6300000.0,EARLY_FAIL_CLOSE,0.36885245901639346,0.3382084095063985,0.16378282413418485,1.0,0.0,0.24263839811542992,0.46081417889781223,7.461934614656637,82726991550.0,0.036585365853658534,-0.12601626016260162,0.10569105691056911,-0.15853658536585366,-0.13414634146341464,0.10569105691056911,-0.15853658536585366,-0.2552845528455285,0.10569105691056911,-0.2601626016260163,-0.3747967479674797,0.10569105691056911,-0.4065040650406504
KOSDAQ,KOSDAQ_BULL_V5_RET60_MAX_100,pre,BULL,2021-11-25,083450,GST,KOSDAQ,2021-12-02,2021-12-03,2022-01-17,-0.00019101123595505632,-19101.123595505633,MAX,0.31341107871720114,0.20350877192982456,0.18275862068965518,0.9661016949152542,0.03389830508474576,0.0781010719754977,0.06666666666666667,1.4501113688791814,19913379200.0,0.023876404494382022,0.012640449438202247,0.08146067415730338,-0.023876404494382022,-0.0056179775280898875,0.08146067415730338,-0.026685393258426966,0.05196629213483146,0.08146067415730338,-0.028089887640449437,-0.07584269662921349,0.08146067415730338,-0.11235955056179775
KOSDAQ,KOSDAQ_BULL_V5_RET60_MAX_100,train,BULL,2022-07-20,388050,지투파워,KOSDAQ,2022-07-27,2022-07-28,2022-08-09,-0.123,-12300000.0,STOP,0.3557312252964427,0.5089463220675944,0.35673002442948215,1.0,0.0,0.29045643153526973,0.30407435879516387,0.7255281637616654,47648310000.0,0.05566218809980806,-0.0854126679462572,0.12859884836852206,-0.09404990403071017,-0.7024952015355086,0.12859884836852206,-0.7706333973128598,-0.7687140115163148,0.12859884836852206,-0.7907869481765835,-0.8374280230326295,0.12859884836852206,-0.8986564299424185
KOSDAQ,KOSDAQ_BULL_V5_RET60_MAX_100,train,BULL,2022-11-09,032190,다우데이타,KOSDAQ,2022-11-16,2022-11-17,2023-02-14,1.1680526315789475,116805263.15789475,MAX,0.2542857142857143,0.5151515151515151,0.27706154220384327,0.972972972972973,0.02702702702702703,0.07042253521126761,0.3667016334482242,2.600328083475593,11733404400.0,0.07675438596491228,0.02412280701754386,0.09649122807017543,-0.07675438596491228,0.32456140350877194,0.35964912280701755,-0.07675438596491228,0.24342105263157895,0.4298245614035088,-0.07675438596491228,1.1710526315789473,1.412280701754386,-0.07675438596491228
KOSDAQ,KOSDAQ_BULL_V5_RET60_MAX_100,train,BULL,2023-01-20,093640,다믈멀티미디어,KOSDAQ,2023-01-31,2023-02-01,2023-02-24,-0.123,-12300000.0,STOP,0.37758346581875996,0.3673913043478261,0.3188886947405206,1.0,0.0,0.12894736842105264,0.458377597416394,8.754684693423291,97341472800.0,0.032,0.1,0.211,-0.095,0.003,0.211,-0.095,0.027,0.211,-0.123,-0.21,0.28,-0.242
KOSDAQ,KOSDAQ_BULL_V5_RET60_MAX_100,train,BULL,2023-02-01,314140,알피바이오,KOSDAQ,2023-02-08,2023-02-09,2023-03-10,-0.123,-12300000.0,STOP,0.3225806451612903,0.24541484716157205,0.08874354210673661,0.9363636363636364,0.06363636363636363,0.06215846994535519,0.08729853511869384,1.3612661404053639,8430961200.0,0.04871794871794872,-0.016025641025641024,0.11602564102564103,-0.046794871794871795,0.032692307692307694,0.11602564102564103,-0.07051282051282051,-0.11474358974358974,0.11602564102564103,-0.1282051282051282,-0.21474358974358973,0.11602564102564103,-0.22179487179487178
KOSDAQ,KOSDAQ_BULL_V5_RET60_MAX_100,train,BULL,2023-02-14,247540,에코프로비엠,KOSDAQ,2023-02-21,2023-02-22,2023-04-26,0.521198617221873,52119861.7221873,TRAIL,0.3238434163701068,0.26805054151624547,0.332237621884729,0.9464285714285714,0.05357142857142857,0.09164969450101833,0.28598848368522073,2.0949944049366356,742290909600.0,0.008799497171590195,0.003771213073538655,0.07605279698302954,-0.05342551854179761,0.2884978001257071,0.3639220615964802,-0.05342551854179761,0.47705845380263984,0.6499057196731616,-0.05342551854179761,0.4864864864864865,0.983029541169076,-0.05342551854179761
KOSDAQ,KOSDAQ_BULL_V5_RET60_MAX_100,train,BULL,2023-03-24,042600,새로닉스,KOSDAQ,2023-03-31,2023-04-03,2023-04-12,0.18554415274463007,18554415.274463005,TRAIL,0.3056,0.9470404984423676,0.4658056849807687,0.9848484848484849,0.015151515151515152,0.06744868035190615,0.2179004600585529,1.2440695858113904,21140028000.0,0.013126491646778043,0.5823389021479713,0.7637231503579952,-0.03937947494033413,0.36754176610978523,0.7637231503579952,-0.03937947494033413,0.028639618138424822,0.7637231503579952,-0.03937947494033413,-0.0405727923627685,0.7637231503579952,-0.08233890214797136
KOSDAQ,KOSDAQ_BULL_V5_RET60_MAX_100,train,BULL,2023-03-29,064520,테크엘,KOSDAQ,2023-04-05,2023-04-06,2023-04-28,-0.123,-12300000.0,STOP,0.29380053908355797,0.30633802816901406,0.1874849963991358,1.0,0.0,0.056578947368421055,0.08550185873605948,3.1195310260310714,4451960480.0,0.07448107448107448,0.042735042735042736,0.1282051282051282,-0.01098901098901099,0.01098901098901099,0.1282051282051282,-0.11233211233211234,-0.15873015873015872,0.1282051282051282,-0.2490842490842491,-0.3492063492063492,0.1282051282051282,-0.3833943833943834
KOSDAQ,KOSDAQ_BULL_V5_RET60_MAX_100,train,BULL,2023-04-04,140410,메지온,KOSDAQ,2023-04-11,2023-04-12,2023-05-26,0.44557142857142856,44557142.85714286,MAX,0.380265435660704,0.3434108527131783,0.1480242456361167,0.9555555555555556,0.044444444444444446,0.041666666666666664,0.026754283032152076,0.5149634770630658,4830840000.0,0.05657142857142857,0.2,0.23714285714285716,-0.012,0.28285714285714286,0.30857142857142855,-0.012,0.4257142857142857,0.6771428571428572,-0.012,1.2228571428571429,1.7971428571428572,-0.012
KOSDAQ,KOSDAQ_BULL_V5_RET60_MAX_100,train,BULL,2023-05-19,322510,제이엘케이,KOSDAQ,2023-05-26,2023-05-30,2023-06-13,0.027303030303030305,2730303.0303030303,TRAIL,0.3476005188067445,0.6945054945054945,0.32696527688137345,0.9411764705882353,0.058823529411764705,0.03958333333333333,0.44157157301747796,1.6817377978881982,6464095900.0,0.12626262626262627,0.25757575757575757,0.295959595959596,-0.020202020202020204,0.050505050505050504,0.295959595959596,-0.020202020202020204,0.6595959595959596,0.9191919191919192,-0.020202020202020204,1.9595959595959596,2.9444444444444446,-0.020202020202020204
KOSDAQ,KOSDAQ_BULL_V5_RET60_MAX_100,train,BULL,2023-05-22,035900,JYP Ent.,KOSDAQ,2023-05-30,2023-05-31,2023-07-13,0.09691673605328892,9691673.605328891,MAX,0.32690622261174407,0.5013157894736842,0.36295765394493223,0.967391304347826,0.03260869565217391,0.06818181818181818,0.1669770328988206,1.2286606200786057,102832277600.0,0.01582014987510408,0.06827643630308076,0.08492922564529559,-0.014154870940882597,0.14071606994171523,0.15487094088259784,-0.014154870940882597,0.03996669442131557,0.17069109075770192,-0.014154870940882597,-0.0791007493755204,0.2206494587843464,-0.09658617818484597
KOSDAQ,KOSDAQ_BULL_V5_RET60_MAX_100,train,BULL,2023-05-23,336570,원텍,KOSDAQ,2023-05-31,2023-06-01,2023-08-28,0.6644816625916871,66448166.25916871,MAX,0.2851758793969849,0.4038800705467372,0.22732178650357193,0.9411764705882353,0.058823529411764705,0.033962264150943396,0.07080049501726048,0.3622361885016012,5228133720.0,0.0550122249388753,0.12836185819070906,0.1430317848410758,0.0,0.2628361858190709,0.3019559902200489,0.0,0.2713936430317848,0.36674816625916873,0.0,0.6674816625916871,0.7237163814180929,0.0
KOSDAQ,KOSDAQ_BULL_V5_RET60_MAX_100,train,BULL,2023-05-31,356860,티엘비,KOSDAQ,2023-06-08,2023-06-09,2023-07-21,0.12958426966292136,12958426.966292135,TRAIL,0.2800875273522976,0.34017595307917886,0.20705745628708783,1.0,0.0,0.04491725768321513,0.0547415644537775,0.5637182055254354,4973384000.0,0.020224719101123594,0.17303370786516853,0.21348314606741572,-0.029213483146067417,0.17303370786516853,0.21348314606741572,-0.029213483146067417,0.2247191011235955,0.4247191011235955,-0.029213483146067417,0.17752808988764046,0.4247191011235955,-0.029213483146067417
KOSDAQ,KOSDAQ_BULL_V5_RET60_MAX_100,train,BULL,2024-05-16,036620,감성코퍼레이션,KOSDAQ,2024-05-23,2024-05-24,2024-05-29,-0.063,-6300000.0,EARLY_FAIL_CLOSE,0.2690288713910761,0.42429906542056073,0.15562520536865257,0.9484536082474226,0.05154639175257732,0.0855421686746988,0.23483862125676694,3.562911996745721,47870440845.0,0.021111111111111112,-0.04,0.042222222222222223,-0.08666666666666667,-0.08222222222222222,0.042222222222222223,-0.15555555555555556,-0.13111111111111112,0.042222222222222223,-0.15555555555555556,-0.23666666666666666,0.042222222222222223,-0.3511111111111111
KOSDAQ,KOSDAQ_BULL_V5_RET60_MAX_100,train,BULL,2025-01-09,065680,우주일렉트로,KOSDAQ,2025-01-16,2025-01-17,2025-04-18,0.4915511157239232,49155111.572392315,MAX,0.3684765419082762,0.26214238190286093,0.3192391946868806,0.9398907103825137,0.060109289617486336,0.098005698005698,0.15361590038314177,4.2515818397237135,8937503080.0,0.017125064867669952,0.1209133367929424,0.14686040477426052,-0.0020757654385054488,0.167618059159315,0.17540217955371043,-0.0020757654385054488,0.2869745718733783,0.41670991177996886,-0.0020757654385054488,0.4945511157239232,0.551634665282823,-0.0020757654385054488
KOSDAQ,KOSDAQ_BULL_V5_RET60_MAX_100,train,BULL,2025-01-09,460930,현대힘스,KOSDAQ,2025-01-16,2025-01-17,2025-03-07,-0.1037502679528403,-10375026.79528403,MAX,0.2610192837465565,0.353215284249767,0.13589840541351025,1.0,0.0,0.0021208907741251328,0.28113879003558717,0.43393692021840324,23733939600.0,0.008038585209003215,0.051982851018220796,0.1977491961414791,-0.008038585209003215,-0.005894962486602358,0.1977491961414791,-0.03536977491961415,-0.011254019292604502,0.1977491961414791,-0.03536977491961415,-0.05680600214362272,0.1977491961414791,-0.33815648445873525
KOSDAQ,KOSDAQ_BULL_V5_RET60_MAX_100,train,BULL,2025-02-27,288330,브릿지바이오테라퓨틱스,KOSDAQ,2025-03-07,2025-03-10,2025-04-15,0.2708336713995943,27083367.13995943,TRAIL,0.363,0.4749262536873156,0.22336629625853804,0.96875,0.03125,0.01616161616161616,0.06325635470062886,0.4919958972298994,4199149630.0,0.016227180527383367,0.332657200811359,0.3894523326572008,-0.05172413793103448,0.5172413793103449,0.539553752535497,-0.05172413793103448,0.5537525354969574,0.7586206896551724,-0.05172413793103448,-0.8482758620689655,0.8823529411764706,-0.8584178498985802
KOSDAQ,KOSDAQ_BULL_V5_RET60_MAX_100,train,BULL,2025-05-09,082270,젬백스,KOSDAQ,2025-05-16,2025-05-19,2025-07-02,0.6749431664411367,67494316.64411367,MAX,0.30303030303030304,0.6844547563805105,0.057101948698036815,0.9285714285714286,0.07142857142857142,0.0260989010989011,0.05553200508690123,0.4313835794718022,4682830950.0,0.014884979702300407,0.2530446549391069,0.3112313937753721,-0.056833558863328824,0.38836265223274696,0.39648173207036536,-0.056833558863328824,0.8565629228687416,0.9675236806495264,-0.056833558863328824,0.41271989174560214,0.9675236806495264,-0.056833558863328824
KOSDAQ,KOSDAQ_BULL_V5_RET60_MAX_100,train,BULL,2025-06-16,458870,씨어스테크놀로지,KOSDAQ,2025-06-23,2025-06-24,2025-09-17,1.5487241379310346,154872413.79310346,MAX,0.2785542168674699,0.45614035087719296,0.39042449827453346,1.0,0.0,0.06103286384976526,0.1650985951797912,1.7602052952389222,4306407400.0,0.02586206896551724,0.09913793103448276,0.11206896551724138,-0.04956896551724138,0.2543103448275862,0.27155172413793105,-0.04956896551724138,0.4892241379310345,0.4892241379310345,-0.04956896551724138,1.5517241379310345,1.8663793103448276,-0.04956896551724138
KOSDAQ,KOSDAQ_BULL_V5_RET60_MAX_100,train,BULL,2025-06-18,200230,텔콘RF제약,KOSDAQ,2025-06-25,2025-06-26,2025-06-27,0.014222820236813778,1422282.0236813778,TRAIL,0.3721881390593047,0.3564493758668516,0.32586199105246516,1.0,0.0,0.20606060606060606,0.8238057051208615,15.052435485658581,42269884520.0,0.11302475780409042,-0.3078579117330463,0.4316469321851453,-0.3433799784714747,-0.3961248654467169,0.4316469321851453,-0.4510226049515608,-0.3907427341227126,0.4316469321851453,-0.4510226049515608,-0.8621097954790097,0.4316469321851453,-0.8797631862217438
KOSDAQ,KOSDAQ_BULL_V5_RET60_MAX_100,post,BULL,2025-09-08,045970,코아시아,KOSDAQ,2025-09-15,2025-09-16,2025-09-26,-0.123,-12300000.0,STOP,0.28559322033898304,0.5629139072847682,0.31799396850217804,1.0,0.0,0.0736196319018405,0.20804210889636723,2.0618865536856323,10483886000.0,0.0125,-0.06388888888888888,0.059722222222222225,-0.06666666666666667,-0.12638888888888888,0.059722222222222225,-0.14305555555555555,0.016666666666666666,0.09027777777777778,-0.14305555555555555,-0.3194444444444444,0.09027777777777778,-0.3194444444444444
KOSDAQ,KOSDAQ_BULL_V5_RET60_MAX_100,post,BULL,2025-09-09,064290,인텍플러스,KOSDAQ,2025-09-16,2025-09-17,2025-09-26,-0.012702850212249848,-1270285.0212249847,TRAIL,0.3781094527363184,0.6398601398601399,0.4287648512337949,0.9875,0.0125,0.017901234567901235,0.2574348025011438,0.656323458147317,6703399370.0,0.04608853850818678,0.08126137052759248,0.28865979381443296,-0.015160703456640388,0.11582777440873257,0.28865979381443296,-0.025469981807155852,-0.05033353547604609,0.28865979381443296,-0.07459066100667071,-0.2031534263189812,0.28865979381443296,-0.33535476046088536
KOSDAQ,KOSDAQ_BULL_V5_RET60_MAX_100,post,BULL,2025-09-22,199800,툴젠,KOSDAQ,2025-09-29,2025-09-30,2025-10-17,0.06557142857142857,6557142.857142857,TRAIL,0.3391959798994975,0.3400673400673401,0.2703479093520587,1.0,0.0,0.050865800865800864,0.27561744613767736,4.982957250309435,11434107600.0,0.011428571428571429,0.26666666666666666,0.37142857142857144,-0.07523809523809524,0.06666666666666667,0.37142857142857144,-0.07523809523809524,0.07428571428571429,0.37142857142857144,-0.07523809523809524,0.18857142857142858,0.579047619047619,-0.11904761904761904
KOSDAQ,KOSDAQ_BULL_V5_RET60_MAX_100,post,BULL,2025-10-01,232140,와이씨,KOSDAQ,2025-10-15,2025-10-16,2025-11-05,-0.123,-12300000.0,STOP,0.2826388888888889,0.4342629482071713,0.25005425582707586,0.9789473684210527,0.021052631578947368,0.05509641873278237,0.1212764400204933,0.5902184519684885,14096805240.0,0.006578947368421052,-0.08552631578947369,0.02368421052631579,-0.1118421052631579,-0.05263157894736842,0.02368421052631579,-0.1118421052631579,-0.09539473684210527,0.02368421052631579,-0.17434210526315788,0.005263157894736842,0.14342105263157895,-0.20526315789473684
KOSDAQ,KOSDAQ_BULL_V5_RET60_MAX_100,post,BULL,2025-10-29,172670,에이엘티,KOSDAQ,2025-11-05,2025-11-06,2025-11-07,-0.063,-6300000.0,EARLY_FAIL_CLOSE,0.35094001790510293,0.6025824964131994,0.2286651878196785,0.9316770186335404,0.06832298136645963,0.03842794759825328,0.060423634336677814,0.7466400131602023,4406326990.0,0.01,-0.09166666666666666,0.03916666666666667,-0.11833333333333333,-0.10833333333333334,0.03916666666666667,-0.215,-0.13166666666666665,0.03916666666666667,-0.215,0.2875,0.31666666666666665,-0.215
KOSDAQ,KOSDAQ_BULL_V5_RET60_MAX_100,post,BULL,2025-11-05,115180,큐리언트,KOSDAQ,2025-11-12,2025-11-13,2025-12-26,0.13272854291417166,13272854.291417167,MAX,0.36498800959232613,0.9781783681214421,0.3979059346749953,0.9298245614035088,0.07017543859649122,0.10738255033557047,0.19556553872907761,1.1947052388389914,9908811000.0,0.10778443113772455,0.0658682634730539,0.19560878243512975,-0.03592814371257485,0.1217564870259481,0.19560878243512975,-0.1157684630738523,0.14171656686626746,0.3413173652694611,-0.1157684630738523,0.5349301397205589,0.5948103792415169,-0.1157684630738523
KOSDAQ,KOSDAQ_BULL_V5_RET60_MAX_100,post,BULL,2026-01-07,240810,원익IPS,KOSDAQ,2026-01-14,2026-01-15,2026-03-04,0.4040680628272251,40406806.28272251,TRAIL,0.33460076045627374,0.3915343915343915,0.2526460626587638,0.9393939393939394,0.06060606060606061,0.027559055118110236,0.14381710612811335,0.6326559199092395,39378322800.0,0.01832460732984293,0.0,0.05759162303664921,-0.058900523560209424,0.45287958115183247,0.5130890052356021,-0.058900523560209424,0.7460732984293194,0.7460732984293194,-0.058900523560209424,0.6047120418848168,0.8717277486910995,-0.058900523560209424
KOSDAQ,KOSDAQ_BULL_V5_RET60_MAX_100,post,BULL,2026-01-14,000250,삼천당제약,KOSDAQ,2026-01-21,2026-01-22,2026-03-04,1.2601578947368421,126015789.47368422,TRAIL,0.2504970178926441,0.22384428223844283,0.11348878394332945,0.98,0.02,0.048598130841121495,0.12537612838515547,1.2633090829612514,105545979000.0,0.11052631578947368,0.7017543859649122,0.7175438596491228,-0.012280701754385965,0.7421052631578947,1.0649122807017544,-0.012280701754385965,1.1508771929824562,1.3228070175438595,-0.012280701754385965,0.41403508771929826,3.3263157894736843,-0.012280701754385965
KOSDAQ,KOSDAQ_BULL_V5_RET60_MAX_100,post,BULL,2026-01-20,240810,원익IPS,KOSDAQ,2026-01-27,2026-01-28,2026-03-04,0.15043347639484977,15043347.639484977,TRAIL,0.35294117647058826,0.30313588850174217,0.1321897073662966,0.958904109589041,0.0410958904109589,0.07529411764705882,0.19360104472739145,1.4032989172184722,116791285600.0,0.12017167381974249,0.18240343347639484,0.296137339055794,-0.018776824034334765,0.10300429184549356,0.296137339055794,-0.018776824034334765,0.3251072961373391,0.5343347639484979,-0.018776824034334765,0.29935622317596566,0.5343347639484979,-0.018776824034334765
KOSDAQ,KOSDAQ_BULL_V5_RET60_MAX_100,post,BULL,2026-01-21,357780,솔브레인,KOSDAQ,2026-01-28,2026-01-29,2026-02-02,-0.050673098751418844,-5067309.875141884,TRAIL,0.2709867452135493,0.2413162705667276,0.25115164916159943,0.96,0.04,0.12704918032786885,0.3581364721376245,2.6002135358862266,71225962500.0,0.021566401816118047,-0.06696935300794551,0.20317820658342792,-0.11010215664018161,-0.09761634506242906,0.20317820658342792,-0.13166855845629966,-0.16912599318955732,0.20317820658342792,-0.16912599318955732,0.08740068104426787,0.20317820658342792,-0.18274687854710556
KOSDAQ,KOSDAQ_BULL_V5_RET60_MAX_100,post,BULL,2026-01-27,101490,에스앤에스텍,KOSDAQ,2026-02-03,2026-02-04,2026-03-04,-0.08776517754868271,-8776517.75486827,TRAIL,0.3663101604278075,0.34290843806104127,0.40228089361037345,1.0,0.0,0.03348729792147806,0.2901830762577483,0.5449516924122023,37765509500.0,0.014891179839633447,0.012600229095074456,0.08018327605956473,-0.06643757159221077,0.016036655211912942,0.13745704467353953,-0.06643757159221077,0.0057273768613974796,0.2313860252004582,-0.08934707903780069,0.042382588774341354,0.24169530355097366,-0.13631156930126
KOSDAQ,KOSDAQ_BULL_V5_RET60_MAX_100,post,BULL,2026-02-11,036170,에이치엠넥스,KOSDAQ,2026-02-23,2026-02-24,2026-03-16,1.279608695652174,127960869.56521739,TRAIL,0.3068043742405832,0.7891304347826087,0.41847638745260246,1.0,0.0,0.2755102040816326,0.371783928789172,4.72717202812319,15194335500.0,0.21521739130434783,0.2217391304347826,0.5,-0.013043478260869565,0.9304347826086956,1.0956521739130434,-0.013043478260869565,1.608695652173913,2.0956521739130434,-0.013043478260869565,,,
KOSDAQ,KOSDAQ_BULL_V5_RET60_MAX_100,post,BULL,2026-02-27,084110,휴온스글로벌,KOSDAQ,2026-03-09,2026-03-10,2026-04-02,-0.123,-12300000.0,STOP,0.2927215189873418,0.2716297786720322,0.21080528769397797,0.9782608695652174,0.021739130434782608,0.057947019867549666,0.1312737895016376,1.4559432476533702,5561856000.0,0.057663125948406675,0.09256449165402124,0.1638846737481032,-0.010622154779969651,0.0030349013657056147,0.1638846737481032,-0.05918057663125948,-0.212443095599393,0.1638846737481032,-0.22610015174506828,,,
KOSDAQ,KOSDAQ_BULL_V5_RET60_MAX_100,post,BULL,2026-04-16,031330,에스에이엠티,KOSDAQ,2026-04-23,2026-04-24,2026-05-20,1.013949152542373,101394915.2542373,TRAIL,0.30526315789473685,0.6604244694132334,0.3147272517587361,0.967741935483871,0.03225806451612903,0.012893982808022923,0.1864406779661017,0.9689913715566417,5013754130.0,0.04519774011299435,0.043785310734463276,0.07344632768361582,-0.011299435028248588,0.2768361581920904,0.3403954802259887,-0.011299435028248588,,,,,,
KOSDAQ,KOSDAQ_BULL_V5_RET60_MAX_100,post,BULL,2026-04-22,356860,티엘비,KOSDAQ,2026-04-29,2026-04-30,2026-05-20,0.10170588235294117,10170588.235294117,MAX,0.34386391251518833,0.47491039426523296,0.25061733085134674,0.975,0.025,0.021660649819494584,0.0950599767831807,0.629018149273332,18998922000.0,0.029411764705882353,0.1811764705882353,0.2635294117647059,-0.012941176470588235,0.16470588235294117,0.3129411764705882,-0.012941176470588235,,,,,,
KOSDAQ,KOSDAQ_BULL_V5_RET60_MAX_080,pre,BULL,2012-08-14,038290,마크로젠,KOSDAQ,2012-08-22,2012-08-23,2012-10-08,0.15869544740973313,15869544.740973312,MAX,0.2540834845735027,0.3775,0.17067988668555248,1.0,0.0,0.059422750424448216,0.22919334186939821,2.2254058130853167,10992009600.0,0.05023547880690738,0.054945054945054944,0.14285714285714285,-0.02511773940345369,0.02197802197802198,0.14285714285714285,-0.02511773940345369,0.0,0.14285714285714285,-0.07535321821036106,-0.012558869701726845,0.22762951334379905,-0.07535321821036106
KOSDAQ,KOSDAQ_BULL_V5_RET60_MAX_080,pre,BULL,2012-09-10,102940,코오롱생명과학,KOSDAQ,2012-09-17,2012-09-18,2012-10-29,-0.027906600249066,-2790660.0249066,TRAIL,0.28403141361256545,0.7850467289719626,0.2873692340096889,0.9545454545454546,0.045454545454545456,0.020356234096692113,0.07090399252236614,1.0110576187889877,5382141800.0,0.0062266500622665,0.20797011207970112,0.21793275217932753,-0.0136986301369863,0.1793275217932752,0.2266500622665006,-0.0136986301369863,0.047322540473225407,0.24906600249066002,-0.014943960149439602,-0.047322540473225407,0.24906600249066002,-0.15566625155666253
KOSDAQ,KOSDAQ_BULL_V5_RET60_MAX_080,pre,BULL,2012-09-13,046140,SBS콘텐츠허브,KOSDAQ,2012-09-20,2012-09-21,2012-09-25,-0.063,-6300000.0,EARLY_FAIL_CLOSE,0.2795031055900621,0.40611353711790393,0.3027646662171274,1.0,0.0,0.015060240963855422,0.15827461763189551,1.0223786602372917,3635454900.0,0.011764705882352941,-0.0029411764705882353,0.026470588235294117,-0.07058823529411765,0.0,0.029411764705882353,-0.07058823529411765,-0.011764705882352941,0.07647058823529412,-0.10294117647058823,-0.25,0.07647058823529412,-0.25588235294117645
KOSDAQ,KOSDAQ_BULL_V5_RET60_MAX_080,pre,BULL,2012-09-18,096630,에스코넥,KOSDAQ,2012-09-25,2012-09-26,2012-10-12,0.23910526315789474,23910526.315789472,TRAIL,0.3342857142857143,0.5283842794759825,0.40646976090014064,1.0,0.0,0.18849840255591055,0.2631578947368421,2.3300104710369705,58727578620.0,0.021052631578947368,0.5,0.5210526315789473,-0.05263157894736842,0.24210526315789474,0.5684210526315789,-0.05263157894736842,0.06578947368421052,0.5684210526315789,-0.05263157894736842,-0.4394736842105263,0.5684210526315789,-0.5589473684210526
KOSDAQ,KOSDAQ_BULL_V5_RET60_MAX_080,pre,BULL,2012-09-26,123330,제닉,KOSDAQ,2012-10-05,2012-10-08,2012-10-16,-0.123,-12300000.0,STOP,0.323943661971831,0.25048923679060664,0.2551356129180102,0.9333333333333333,0.06666666666666667,0.04032258064516129,0.08112638283607107,0.9738086806160352,11413146000.0,0.026153846153846153,-0.04923076923076923,0.033846153846153845,-0.05076923076923077,-0.07692307692307693,0.033846153846153845,-0.19384615384615383,-0.04923076923076923,0.033846153846153845,-0.19384615384615383,-0.45692307692307693,0.033846153846153845,-0.46923076923076923
KOSDAQ,KOSDAQ_BULL_V5_RET60_MAX_080,pre,BULL,2012-10-08,026040,로만손,KOSDAQ,2012-10-15,2012-10-16,2012-10-18,-0.063,-6300000.0,EARLY_FAIL_CLOSE,0.257843137254902,0.5156017830609212,0.366986821532276,1.0,0.0,0.12195121951219512,0.4243690973834959,4.183544531700991,28137951600.0,0.00749063670411985,-0.1348314606741573,0.13108614232209737,-0.20599250936329588,-0.20599250936329588,0.13108614232209737,-0.25842696629213485,-0.18726591760299627,0.13108614232209737,-0.25842696629213485,-0.1760299625468165,0.13108614232209737,-0.3153558052434457
KOSDAQ,KOSDAQ_BULL_V5_RET60_MAX_080,pre,BULL,2013-02-22,048830,엔피케이,KOSDAQ,2013-03-04,2013-03-05,2013-03-07,-0.063,-6300000.0,EARLY_FAIL_CLOSE,0.39855072463768115,0.7380352644836272,0.6356524831101102,1.0,0.0,0.050790067720090294,0.572767970267759,1.7537271201055136,13881149485.0,0.014656144306651634,-0.17925591882750846,0.12063134160090191,-0.19503945885005636,-0.13979706877113868,0.12063134160090191,-0.25140924464487036,-0.2919954904171364,0.12063134160090191,-0.3055242390078918,-0.3134160090191657,0.12063134160090191,-0.4047350620067644
KOSDAQ,KOSDAQ_BULL_V5_RET60_MAX_080,pre,BULL,2013-02-28,025880,케이씨피드,KOSDAQ,2013-03-08,2013-03-11,2013-03-14,-0.063,-6300000.0,EARLY_FAIL_CLOSE,0.29640287769784174,0.6992665036674817,0.2575012816260065,1.0,0.0,0.06683804627249357,0.15125875580830847,0.9510103040211788,5352595300.0,0.125,-0.09669811320754718,0.16745283018867924,-0.14386792452830188,-0.125,0.16745283018867924,-0.15683962264150944,-0.29245283018867924,0.16745283018867924,-0.29952830188679247,-0.3443396226415094,0.16745283018867924,-0.3490566037735849
KOSDAQ,KOSDAQ_BULL_V5_RET60_MAX_080,pre,BULL,2013-03-06,038950,파인디지털,KOSDAQ,2013-03-13,2013-03-14,2013-04-25,0.016801980198019803,1680198.0198019804,MAX,0.2723535457348407,0.47424242424242424,0.20944686140459912,0.9361702127659575,0.06382978723404255,0.036458333333333336,0.04030529562444456,1.362110499335876,5267132000.0,0.0594059405940594,0.024752475247524754,0.0891089108910891,-0.009900990099009901,0.0297029702970297,0.0891089108910891,-0.009900990099009901,-0.01485148514851485,0.0891089108910891,-0.0891089108910891,-0.22574257425742575,0.12871287128712872,-0.2712871287128713
KOSDAQ,KOSDAQ_BULL_V5_RET60_MAX_080,pre,BULL,2013-03-07,049180,코리아본뱅크,KOSDAQ,2013-03-14,2013-03-15,2013-03-20,-0.063,-6300000.0,EARLY_FAIL_CLOSE,0.30185185185185187,0.44,0.35121045936985223,0.9333333333333333,0.06666666666666667,0.01282051282051282,0.181337852656764,0.834643004953899,6847377930.0,0.021367521367521368,-0.07264957264957266,0.042735042735042736,-0.10256410256410256,-0.09829059829059829,0.042735042735042736,-0.15128205128205127,3.9572649572649574,3.9572649572649574,-0.21794871794871795,2.8632478632478633,5.042735042735043,-0.21794871794871795
KOSDAQ,KOSDAQ_BULL_V5_RET60_MAX_080,pre,BULL,2013-03-27,060590,씨티씨바이오,KOSDAQ,2013-04-03,2013-04-04,2013-05-14,-0.123,-12300000.0,STOP,0.34923076923076923,0.4840182648401826,0.27376053301979225,0.9512195121951219,0.04878048780487805,0.060092449922958396,0.16937197246536925,1.128824829524203,28228640000.0,0.008823529411764706,-0.03529411764705882,0.07205882352941176,-0.11470588235294117,0.06764705882352941,0.07205882352941176,-0.11470588235294117,0.0058823529411764705,0.08529411764705883,-0.11470588235294117,-0.24705882352941178,0.08529411764705883,-0.375
KOSDAQ,KOSDAQ_BULL_V5_RET60_MAX_080,pre,BULL,2013-04-26,950110,SBI액시즈,KOSDAQ,2013-05-06,2013-05-07,2013-06-04,-0.069006600660066,-6900660.0660066,TRAIL,0.3941368078175896,0.584516129032258,0.4735705285894282,0.9714285714285714,0.02857142857142857,0.039655172413793106,0.2654774396642183,1.2395212926298886,5344606080.0,0.04950495049504951,0.16666666666666666,0.22442244224422442,-0.026402640264026403,0.0594059405940594,0.22442244224422442,-0.041254125412541254,-0.12376237623762376,0.22442244224422442,-0.1353135313531353,-0.3341584158415842,0.22442244224422442,-0.34075907590759075
KOSDAQ,KOSDAQ_BULL_V5_RET60_MAX_080,pre,BULL,2013-08-19,001840,이화공영,KOSDAQ,2013-08-27,2013-08-28,2013-10-21,0.4114385026737968,41143850.26737968,TRAIL,0.27666666666666667,0.4634146341463415,0.24502853190385604,1.0,0.0,0.049315068493150684,0.44897380119171476,0.9709528179471864,4815953070.0,0.06951871657754011,0.25133689839572193,0.3342245989304813,0.0,0.15508021390374332,0.3342245989304813,0.0,0.7112299465240641,0.786096256684492,0.0,0.13101604278074866,0.8288770053475936,0.0
KOSDAQ,KOSDAQ_BULL_V5_RET60_MAX_080,pre,BULL,2013-09-12,100120,뷰웍스,KOSDAQ,2013-09-24,2013-09-25,2013-12-20,0.14583720930232558,14583720.930232558,MAX,0.31625835189309576,0.3323442136498516,0.27081466106891844,0.9444444444444444,0.05555555555555555,0.007009345794392523,0.04144013531472756,0.7324461598606866,4536081050.0,0.07674418604651163,0.12325581395348838,0.12325581395348838,0.0,0.1697674418604651,0.2,0.0,0.24186046511627907,0.2534883720930233,0.0,0.14883720930232558,0.3116279069767442,0.0
KOSDAQ,KOSDAQ_BULL_V5_RET60_MAX_080,pre,BULL,2013-10-29,096630,에스코넥,KOSDAQ,2013-11-05,2013-11-06,2013-11-14,-0.123,-12300000.0,STOP,0.2844574780058651,0.5088495575221239,0.2663241938478677,1.0,0.0,0.024615384615384615,0.05146826649826334,0.43894526432646935,4252491585.0,0.00872093023255814,-0.08430232558139535,0.055232558139534885,-0.09302325581395349,-0.17151162790697674,0.055232558139534885,-0.19767441860465115,-0.17732558139534885,0.055232558139534885,-0.21511627906976744,-0.19186046511627908,0.055232558139534885,-0.24127906976744187
KOSDAQ,KOSDAQ_BULL_V5_RET60_MAX_080,pre,BULL,2014-12-08,900110,이스트아시아홀딩스,KOSDAQ,2014-12-15,2014-12-16,2014-12-18,-0.063,-6300000.0,EARLY_FAIL_CLOSE,0.3907103825136612,0.24489795918367346,0.28323496756851524,1.0,0.0,0.06231884057971015,0.873961395883932,3.1279683223695316,24269171875.0,0.037037037037037035,-0.2857142857142857,0.10978835978835978,-0.32936507936507936,-0.47883597883597884,0.10978835978835978,-0.49867724867724866,-0.5462962962962963,0.10978835978835978,-0.5952380952380952,-0.35714285714285715,0.10978835978835978,-0.6058201058201058
KOSDAQ,KOSDAQ_BULL_V5_RET60_MAX_080,pre,BULL,2014-12-09,900070,글로벌에스엠,KOSDAQ,2014-12-16,2014-12-18,2014-12-19,-0.063,-6300000.0,EARLY_FAIL_CLOSE,0.27601809954751133,0.33454106280193235,0.23918284955983773,1.0,0.0,0.07878787878787878,0.5957685239141153,4.323797702579669,15977694740.0,0.07590759075907591,-0.25412541254125415,0.29042904290429045,-0.25412541254125415,-0.26732673267326734,0.29042904290429045,-0.32673267326732675,-0.23432343234323433,0.29042904290429045,-0.32673267326732675,-0.2079207920792079,0.29042904290429045,-0.32673267326732675
KOSDAQ,KOSDAQ_BULL_V5_RET60_MAX_080,pre,BULL,2015-01-26,036490,OCI머티리얼즈,KOSDAQ,2015-02-02,2015-02-03,2015-05-04,0.4947307110438729,49473071.10438729,MAX,0.2696969696969697,0.34146341463414637,0.20390356610829058,1.0,0.0,0.006230529595015576,0.029564108693919833,0.6618144770863871,4313923400.0,0.024205748865355523,0.07866868381240545,0.09228441754916793,-0.009077155824508321,0.2178517397881997,0.22692889561270801,-0.009077155824508321,0.24508320726172467,0.2950075642965204,-0.009077155824508321,0.4977307110438729,0.7912254160363086,-0.009077155824508321
KOSDAQ,KOSDAQ_BULL_V5_RET60_MAX_080,pre,BULL,2015-01-28,093920,서원인텍,KOSDAQ,2015-02-04,2015-02-05,2015-03-24,0.05236332179930796,5236332.179930796,MAX,0.2631578947368421,0.4600409836065574,0.30821959728257553,1.0,0.0,0.04316546762589928,0.1262135922330097,0.8741686391782812,6253879000.0,0.010380622837370242,0.06920415224913495,0.12110726643598616,-0.01730103806228374,0.08650519031141868,0.14878892733564014,-0.01730103806228374,0.11418685121107267,0.14878892733564014,-0.01730103806228374,-0.04152249134948097,0.14878892733564014,-0.09342560553633218
KOSDAQ,KOSDAQ_BULL_V5_RET60_MAX_080,pre,BULL,2015-01-29,069110,코스온,KOSDAQ,2015-02-05,2015-02-06,2015-04-14,0.6400517711171662,64005177.11171661,TRAIL,0.37317784256559766,0.4351464435146444,0.40512344330347383,0.9444444444444444,0.05555555555555555,0.08235294117647059,0.1717879318579844,1.8701808760669076,22032252000.0,0.010899182561307902,0.01907356948228883,0.05994550408719346,-0.0653950953678474,0.027247956403269755,0.07629427792915532,-0.0653950953678474,-0.04087193460490463,0.07629427792915532,-0.10626702997275204,0.659400544959128,1.1716621253405994,-0.10626702997275204
KOSDAQ,KOSDAQ_BULL_V5_RET60_MAX_080,pre,BULL,2015-02-17,127120,디엔에이링크,KOSDAQ,2015-02-27,2015-03-02,2015-03-19,-0.123,-12300000.0,STOP,0.31958762886597936,0.36619718309859156,0.2803167794093384,0.9583333333333334,0.041666666666666664,0.04381443298969072,0.13716130843745614,1.0620567938027752,3663042750.0,0.07579462102689487,0.039119804400977995,0.09535452322738386,-0.07823960880195599,-0.034229828850855744,0.09535452322738386,-0.07823960880195599,-0.1784841075794621,0.09535452322738386,-0.1784841075794621,-0.15158924205378974,0.20537897310513448,-0.21515892420537897
KOSDAQ,KOSDAQ_BULL_V5_RET60_MAX_080,pre,BULL,2015-03-30,046940,우원개발,KOSDAQ,2015-04-06,2015-04-07,2015-04-14,0.11454385964912281,11454385.96491228,TRAIL,0.35691318327974275,0.7873563218390804,0.45106730432753994,1.0,0.0,0.057692307692307696,0.8814675446848542,2.963100022916121,17523005500.0,0.09649122807017543,0.010526315789473684,0.4,-0.0912280701754386,0.0,0.4,-0.0912280701754386,-0.11228070175438597,0.4,-0.22280701754385965,-0.2631578947368421,0.4,-0.3201754385964912
KOSDAQ,KOSDAQ_BULL_V5_RET60_MAX_080,pre,BULL,2015-04-03,065170,엔알디,KOSDAQ,2015-04-10,2015-04-13,2015-04-15,-0.063,-6300000.0,EARLY_FAIL_CLOSE,0.3880952380952381,0.7427385892116183,0.5320080248039395,0.9861111111111112,0.013888888888888888,0.1488469601677149,0.4474379292128896,0.9050061837843459,6713594580.0,0.08996539792387544,-0.07093425605536333,0.1972318339100346,-0.10899653979238755,-0.05709342560553633,0.1972318339100346,-0.2041522491349481,-0.06055363321799308,0.1972318339100346,-0.24567474048442905,-0.0657439446366782,0.1972318339100346,-0.25259515570934254
KOSDAQ,KOSDAQ_BULL_V5_RET60_MAX_080,pre,BULL,2015-04-06,014190,원익큐브,KOSDAQ,2015-04-13,2015-04-14,2015-04-24,0.008363636363636365,836363.6363636365,TRAIL,0.36103151862464183,0.3397312859884837,0.1553422163370024,1.0,0.0,0.104,0.2254865684896026,1.9274107042213355,18019499040.0,0.015909090909090907,0.0875,0.275,-0.06363636363636363,0.0125,0.275,-0.06363636363636363,-0.06363636363636363,0.275,-0.1806818181818182,-0.23068181818181818,0.275,-0.2840909090909091
KOSDAQ,KOSDAQ_BULL_V5_RET60_MAX_080,pre,BULL,2015-04-27,067630,에너지솔루션,KOSDAQ,2015-05-06,2015-05-07,2015-05-14,-0.123,-12300000.0,STOP,0.34172661870503596,0.3333333333333333,0.3494599733020508,0.9857142857142858,0.014285714285714285,0.13018867924528302,0.14674069110749496,1.8684456301879806,3856901100.0,0.05175292153589316,-0.07846410684474124,0.12520868113522537,-0.16193656093489148,-0.10517529215358931,0.12520868113522537,-0.16193656093489148,0.41736227045075125,0.4240400667779633,-0.16193656093489148,0.24373956594323873,1.0467445742904842,-0.16193656093489148
KOSDAQ,KOSDAQ_BULL_V5_RET60_MAX_080,pre,BULL,2015-09-11,114120,크루셜텍,KOSDAQ,2015-09-18,2015-09-21,2015-10-14,-0.123,-12300000.0,STOP,0.25075528700906347,0.5539906103286385,0.15438270169727975,1.0,0.0,0.009202453987730062,0.04827146726143062,0.517621406173246,7299325600.0,0.036585365853658534,-0.03048780487804878,0.042682926829268296,-0.04878048780487805,-0.04878048780487805,0.042682926829268296,-0.054878048780487805,-0.10975609756097561,0.042682926829268296,-0.14939024390243902,-0.04573170731707317,0.042682926829268296,-0.21341463414634146
KOSDAQ,KOSDAQ_BULL_V5_RET60_MAX_080,pre,BULL,2015-11-25,078150,HB테크놀러지,KOSDAQ,2015-12-11,2015-12-14,2016-02-16,0.26998050139275764,26998050.139275763,TRAIL,0.30606060606060603,0.36929460580912865,0.23279995018990093,1.0,0.0,0.0136986301369863,0.21112929623567922,0.8283074059090375,5523665250.0,0.008356545961002786,0.04735376044568245,0.08356545961002786,-0.03899721448467967,0.14763231197771587,0.1671309192200557,-0.03899721448467967,0.4735376044568245,0.5738161559888579,-0.03899721448467967,0.3871866295264624,0.6100278551532033,-0.03899721448467967
KOSDAQ,KOSDAQ_BULL_V5_RET60_MAX_080,pre,BULL,2016-03-16,160550,NEW,KOSDAQ,2016-03-23,2016-03-24,2016-04-06,-0.123,-12300000.0,STOP,0.3722397476340694,0.4541284403669725,0.40257211963895945,0.9333333333333333,0.06666666666666667,0.02258064516129032,0.13416815742397137,0.8004140338951629,22336327200.0,0.01892744479495268,-0.03785488958990536,0.07886435331230283,-0.04100946372239748,-0.1608832807570978,0.07886435331230283,-0.17034700315457413,-0.22082018927444794,0.07886435331230283,-0.2586750788643533,-0.23659305993690852,0.07886435331230283,-0.29337539432176657
KOSDAQ,KOSDAQ_BULL_V5_RET60_MAX_080,pre,BULL,2016-07-22,191420,테고사이언스,KOSDAQ,2016-07-29,2016-08-01,2016-08-05,-0.06857377049180328,-6857377.049180329,TRAIL,0.37955465587044535,0.7963636363636364,0.45604598039938105,1.0,0.0,0.1343804537521815,0.40890863769372493,1.854261599743457,19882460000.0,0.06408345752608048,-0.09090909090909091,0.3442622950819672,-0.11922503725782414,-0.12816691505216096,0.3442622950819672,-0.15052160953800298,-0.20417287630402384,0.3442622950819672,-0.22950819672131148,-0.3360655737704918,0.3442622950819672,-0.3591654247391952
KOSDAQ,KOSDAQ_BULL_V5_RET60_MAX_080,pre,BULL,2017-06-08,036000,예림당,KOSDAQ,2017-06-15,2017-06-16,2017-07-03,0.13360062565172054,13360062.565172054,TRAIL,0.3070776255707763,0.539543057996485,0.31587512204891965,0.9302325581395349,0.06976744186046512,0.09101251422070535,0.17632628028212205,1.591394951968729,5697562850.0,0.027111574556830033,0.23566214807090718,0.251303441084463,-0.027111574556830033,0.23566214807090718,0.42857142857142855,-0.027111574556830033,0.10531803962460896,0.42857142857142855,-0.027111574556830033,-0.0667361835245047,0.42857142857142855,-0.1032325338894682
KOSDAQ,KOSDAQ_BULL_V5_RET60_MAX_080,pre,BULL,2017-06-22,048530,인트론바이오,KOSDAQ,2017-06-29,2017-06-30,2017-07-14,-0.123,-12300000.0,STOP,0.27874015748031494,0.5450121654501217,0.2477484853446865,0.9459459459459459,0.05405405405405406,0.0830860534124629,0.23781263247138618,2.1556442507483022,27118478000.0,0.06685236768802229,-0.04874651810584958,0.116991643454039,-0.05988857938718663,-0.11281337047353761,0.116991643454039,-0.13370473537604458,-0.08913649025069638,0.116991643454039,-0.13370473537604458,-0.18523676880222842,0.116991643454039,-0.19220055710306408
KOSDAQ,KOSDAQ_BULL_V5_RET60_MAX_080,pre,BULL,2017-06-27,121850,코이즈,KOSDAQ,2017-07-04,2017-07-05,2017-07-18,0.029085561497326207,2908556.149732621,TRAIL,0.3563218390804598,0.5236427320490368,0.4125669751583049,0.9230769230769231,0.07692307692307693,0.07347876004592423,0.2988817114676669,1.7310251873193987,3646883350.0,0.023529411764705882,0.23529411764705882,0.2887700534759358,-0.0074866310160427805,-0.2,0.3422459893048128,-0.21390374331550802,-0.3893048128342246,0.3422459893048128,-0.4117647058823529,-0.3764705882352941,0.3422459893048128,-0.5010695187165776
KOSDAQ,KOSDAQ_BULL_V5_RET60_MAX_080,pre,BULL,2017-11-07,095610,테스,KOSDAQ,2017-11-14,2017-11-15,2017-12-21,-0.123,-12300000.0,STOP,0.2587131367292225,0.27521367521367524,0.17372492460993832,1.0,0.0,0.06274007682458387,0.17066290550070523,1.1595778871127442,13528377500.0,0.04390243902439024,0.026829268292682926,0.06585365853658537,-0.025609756097560974,-0.0024390243902439024,0.06585365853658537,-0.03902439024390244,-0.06341463414634146,0.06585365853658537,-0.11707317073170732,-0.16463414634146342,0.06585365853658537,-0.21707317073170732
KOSDAQ,KOSDAQ_BULL_V5_RET60_MAX_080,pre,BULL,2018-01-10,112040,위메이드,KOSDAQ,2018-01-17,2018-01-18,2018-03-06,0.060316582914572855,6031658.291457285,MAX,0.34067085953878407,0.5411954765751211,0.19633825189148527,0.9565217391304348,0.043478260869565216,0.02265705458290422,0.026197488761432335,0.506581484123978,5906562600.0,0.035175879396984924,0.017085427135678392,0.0814070351758794,-0.009045226130653266,0.15175879396984926,0.15577889447236182,-0.009045226130653266,0.033165829145728645,0.1678391959798995,-0.06633165829145729,0.18391959798994975,0.19195979899497487,-0.09849246231155778
KOSDAQ,KOSDAQ_BULL_V5_RET60_MAX_080,pre,BULL,2018-01-15,141080,레고켐바이오,KOSDAQ,2018-01-22,2018-01-23,2018-02-06,-0.123,-12300000.0,STOP,0.27313769751693,0.5119453924914675,0.24371242074725694,0.9743589743589743,0.02564102564102564,0.022413793103448276,0.35419045444165337,0.7961956430008816,16084650600.0,0.008333333333333333,0.125,0.16,-0.041666666666666664,-0.08333333333333333,0.16,-0.15833333333333333,0.12,0.16,-0.15833333333333333,0.0033333333333333335,0.21666666666666667,-0.15833333333333333
KOSDAQ,KOSDAQ_BULL_V5_RET60_MAX_080,pre,BULL,2018-01-16,086890,이수앱지스,KOSDAQ,2018-01-23,2018-01-24,2018-02-07,-0.05205660377358491,-5205660.3773584915,TRAIL,0.3703056768558952,0.6937869822485208,0.38846783483902264,0.9444444444444444,0.05555555555555555,0.04819277108433735,0.23031960026397663,0.901930574724586,8065852650.0,0.05660377358490566,0.05660377358490566,0.20754716981132076,-0.011320754716981131,-0.04905660377358491,0.20754716981132076,-0.1018867924528302,0.01509433962264151,0.20754716981132076,-0.1018867924528302,-0.09056603773584905,0.20754716981132076,-0.1660377358490566
KOSDAQ,KOSDAQ_BULL_V5_RET60_MAX_080,pre,BULL,2018-01-23,014190,원익큐브,KOSDAQ,2018-01-30,2018-01-31,2018-02-28,0.11314173228346457,11314173.228346456,TRAIL,0.3008474576271186,0.3074792243767313,0.16246613578523927,1.0,0.0,0.03877551020408163,0.11843550867941112,0.5474320613738736,3674585525.0,0.14960629921259844,0.1377952755905512,0.27755905511811024,-0.027559055118110236,0.1732283464566929,0.31496062992125984,-0.027559055118110236,0.15551181102362205,0.4448818897637795,-0.027559055118110236,0.07283464566929133,0.4448818897637795,-0.027559055118110236
KOSDAQ,KOSDAQ_BULL_V5_RET60_MAX_080,pre,BULL,2018-02-01,030790,동양네트웍스,KOSDAQ,2018-02-08,2018-02-09,2018-03-26,0.22616666666666665,22616666.666666664,TRAIL,0.3382352941176471,0.29936305732484075,0.2442185514612453,0.9574468085106383,0.0425531914893617,0.08260869565217391,0.2997520553308104,0.7499983990158411,7552877160.0,0.035416666666666666,0.12291666666666666,0.15625,-0.06041666666666667,0.19166666666666668,0.2708333333333333,-0.06041666666666667,0.3958333333333333,0.5375,-0.06041666666666667,0.60625,0.93125,-0.06041666666666667
KOSDAQ,KOSDAQ_BULL_V5_RET60_MAX_080,pre,BULL,2018-06-12,042000,카페24,KOSDAQ,2018-06-20,2018-06-21,2018-06-26,-0.063,-6300000.0,EARLY_FAIL_CLOSE,0.2866779089376054,0.7951564076690212,0.28524984948826015,1.0,0.0,0.07820895522388059,0.07656999791362404,0.6728780041766077,22380493800.0,0.021666666666666667,-0.042222222222222223,0.04388888888888889,-0.11388888888888889,-0.034444444444444444,0.04388888888888889,-0.11388888888888889,0.04055555555555555,0.13666666666666666,-0.11388888888888889,-0.1238888888888889,0.13666666666666666,-0.22944444444444445
KOSDAQ,KOSDAQ_BULL_V5_RET60_MAX_080,pre,BULL,2018-06-12,091580,상신이디피,KOSDAQ,2018-06-20,2018-06-21,2018-08-02,0.004326007326007326,432600.7326007326,MAX,0.2785714285714286,0.21739130434782608,0.17581187010078395,0.95,0.05,0.04198473282442748,0.11088504577822991,0.8904832461754015,4222750350.0,0.018315018315018316,-0.003663003663003663,0.07326007326007326,-0.05128205128205128,-0.02564102564102564,0.08058608058608059,-0.06593406593406594,0.10622710622710622,0.20146520146520147,-0.07326007326007326,0.28205128205128205,0.34065934065934067,-0.1282051282051282
KOSDAQ,KOSDAQ_BULL_V5_RET60_MAX_080,pre,BULL,2018-09-14,003670,포스코켐텍,KOSDAQ,2018-09-21,2018-09-27,2018-10-11,-0.123,-12300000.0,STOP,0.3321060382916053,0.6014150943396226,0.32354374451772205,1.0,0.0,0.022857142857142857,0.10981942183988219,0.6545101984444157,32684182800.0,0.06406685236768803,-0.0988857938718663,0.13231197771587744,-0.11420612813370473,-0.06128133704735376,0.13231197771587744,-0.13788300835654596,-0.08635097493036212,0.13231197771587744,-0.13788300835654596,-0.10306406685236769,0.13231197771587744,-0.21030640668523676
KOSDAQ,KOSDAQ_BULL_V5_RET60_MAX_080,pre,BULL,2019-01-23,048470,대동스틸,KOSDAQ,2019-01-30,2019-01-31,2019-02-20,-0.123,-12300000.0,STOP,0.346031746031746,0.39226519337016574,0.1809363137916491,1.0,0.0,0.06302521008403361,0.06079664570230608,0.9620493701574154,5185007300.0,0.007905138339920948,-0.023715415019762844,0.07509881422924901,-0.03162055335968379,-0.06324110671936758,0.07509881422924901,-0.07114624505928854,-0.33359683794466405,0.07509881422924901,-0.3683794466403162,-0.38102766798418974,0.07509881422924901,-0.39446640316205533
KOSDAQ,KOSDAQ_BULL_V5_RET60_MAX_080,pre,BULL,2019-02-14,032820,우리기술,KOSDAQ,2019-02-21,2019-02-22,2019-02-28,-0.123,-12300000.0,STOP,0.26936026936026936,0.3623853211009174,0.20153732047737838,1.0,0.0,0.03367003367003367,0.09642857142857143,0.9335408665490416,6017988990.0,0.012861736334405145,-0.1639871382636656,0.08360128617363344,-0.24115755627009647,-0.2315112540192926,0.08360128617363344,-0.24115755627009647,-0.06752411575562701,0.08360128617363344,-0.24115755627009647,-0.18971061093247588,0.08360128617363344,-0.2797427652733119
KOSDAQ,KOSDAQ_BULL_V5_RET60_MAX_080,pre,BULL,2019-04-04,029960,코엔텍,KOSDAQ,2019-04-11,2019-04-12,2019-05-28,0.024149321266968327,2414932.126696833,MAX,0.26239669421487605,0.37110481586402266,0.2053793790469865,1.0,0.0,0.0,0.13348170384555666,0.570096111133125,4789256250.0,0.027149321266968326,0.004524886877828055,0.05429864253393665,-0.004524886877828055,-0.01809954751131222,0.08597285067873303,-0.04524886877828054,0.13574660633484162,0.17194570135746606,-0.04524886877828054,0.0,0.2081447963800905,-0.04524886877828054
KOSDAQ,KOSDAQ_BULL_V5_RET60_MAX_080,pre,BULL,2019-04-11,043370,평화정공,KOSDAQ,2019-04-18,2019-04-19,2019-04-26,-0.123,-12300000.0,STOP,0.2542056074766355,0.6212121212121212,0.28133482356698075,0.9523809523809523,0.047619047619047616,0.07906976744186046,0.1859728044167263,4.720439399359763,5028089600.0,0.017241379310344827,-0.11637931034482758,0.04310344827586207,-0.1413793103448276,-0.17413793103448275,0.04310344827586207,-0.1810344827586207,-0.27586206896551724,0.04310344827586207,-0.28706896551724137,-0.23017241379310344,0.04310344827586207,-0.3146551724137931
KOSDAQ,KOSDAQ_BULL_V5_RET60_MAX_080,pre,BULL,2019-06-13,179900,유티아이,KOSDAQ,2019-06-20,2019-06-21,2019-06-24,-0.063,-6300000.0,EARLY_FAIL_CLOSE,0.2774725274725275,0.6697247706422018,0.07985166872682316,1.0,0.0,0.021791767554479417,0.14054054054054055,1.5044217263361457,5567804700.0,0.054373522458628844,-0.1016548463356974,0.06619385342789598,-0.12529550827423167,-0.14893617021276595,0.06619385342789598,-0.2127659574468085,0.2222222222222222,0.33569739952718675,-0.2127659574468085,-0.0070921985815602835,0.33569739952718675,-0.2198581560283688
KOSDAQ,KOSDAQ_BULL_V5_RET60_MAX_080,pre,BULL,2019-11-12,131760,파인텍,KOSDAQ,2019-11-19,2019-11-20,2019-11-29,0.08790909090909091,8790909.090909092,TRAIL,0.2535211267605634,0.3209302325581395,0.25998225377107365,1.0,0.0,0.04106280193236715,0.61847540368006,0.7301970106902816,7453306705.0,0.20813397129186603,0.11722488038277512,0.38995215311004783,0.0,0.05263157894736842,0.38995215311004783,0.0,0.045454545454545456,0.38995215311004783,-0.12200956937799043,0.023923444976076555,0.38995215311004783,-0.12200956937799043
KOSDAQ,KOSDAQ_BULL_V5_RET60_MAX_080,pre,BULL,2019-12-18,293780,압타바이오,KOSDAQ,2019-12-26,2019-12-27,2020-01-15,-0.123,-12300000.0,STOP,0.3708838821490468,0.7379518072289156,0.5030608257717187,1.0,0.0,0.06357388316151202,0.28743760399334445,0.947243699166583,61678645600.0,0.03685897435897436,-0.003205128205128205,0.1233974358974359,-0.03365384615384615,-0.09294871794871795,0.1233974358974359,-0.09615384615384616,-0.22275641025641027,0.1233974358974359,-0.23397435897435898,-0.4935897435897436,0.1233974358974359,-0.6089743589743589
KOSDAQ,KOSDAQ_BULL_V5_RET60_MAX_080,pre,BULL,2020-01-09,089890,코세스,KOSDAQ,2020-01-16,2020-01-17,2020-01-30,-0.123,-12300000.0,STOP,0.31808278867102396,0.22237017310252996,0.22161107168204394,0.9560439560439561,0.04395604395604396,0.08599779492833518,0.15353085841433423,2.011864085058936,5475821850.0,0.015,-0.09,0.06,-0.109,-0.153,0.06,-0.21,-0.207,0.06,-0.219,-0.417,0.06,-0.674
KOSDAQ,KOSDAQ_BULL_V5_RET60_MAX_080,pre,BULL,2020-01-09,036200,유니셈,KOSDAQ,2020-01-16,2020-01-17,2020-02-28,-0.123,-12300000.0,STOP,0.2689655172413793,0.2622415669205658,0.20300751879699247,1.0,0.0,0.07993197278911565,0.1567538027142727,2.6814840654721848,16825404500.0,0.012345679012345678,-0.004629629629629629,0.06172839506172839,-0.06481481481481481,-0.026234567901234566,0.06172839506172839,-0.11265432098765432,-0.0015432098765432098,0.09876543209876543,-0.11265432098765432,-0.279320987654321,0.09876543209876543,-0.5146604938271605
KOSDAQ,KOSDAQ_BULL_V5_RET60_MAX_080,pre,BULL,2020-04-17,053030,바이넥스,KOSDAQ,2020-04-24,2020-04-27,2020-06-11,0.1568360655737705,15683606.55737705,MAX,0.3323809523809524,0.35834411384217335,0.24059706195108513,0.9714285714285714,0.02857142857142857,0.15165876777251186,0.1397748592870544,5.070003454526004,199440172350.0,0.00819672131147541,-0.04918032786885246,0.06147540983606557,-0.05327868852459016,0.00819672131147541,0.07377049180327869,-0.06147540983606557,0.02459016393442623,0.22540983606557377,-0.06147540983606557,0.5327868852459017,0.6270491803278688,-0.06147540983606557
KOSDAQ,KOSDAQ_BULL_V5_RET60_MAX_080,pre,BULL,2020-05-06,068760,셀트리온제약,KOSDAQ,2020-05-13,2020-05-14,2020-08-06,0.455133971291866,45513397.1291866,MAX,0.2600276625172891,0.6678200692041523,0.33777407715792396,1.0,0.0,0.08974358974358974,0.16033035287693673,2.5931381578428288,403678685000.0,0.01076555023923445,0.028708133971291867,0.09808612440191387,-0.03708133971291866,0.03229665071770335,0.09808612440191387,-0.03708133971291866,0.5992822966507177,0.7045454545454546,-0.03708133971291866,0.458133971291866,0.7284688995215312,-0.03708133971291866
KOSDAQ,KOSDAQ_BULL_V5_RET60_MAX_080,pre,BULL,2020-05-19,095700,제넥신,KOSDAQ,2020-05-26,2020-05-27,2020-08-20,0.7153288409703504,71532884.09703505,MAX,0.29250720461095103,0.24372759856630824,0.14202652112502234,0.9333333333333333,0.06666666666666667,0.019204389574759947,0.0594610009981463,0.5365288515307008,29730922100.0,0.02021563342318059,0.005390835579514825,0.10242587601078167,-0.03908355795148248,0.0673854447439353,0.10242587601078167,-0.03908355795148248,0.330188679245283,0.49595687331536387,-0.03908355795148248,0.7183288409703504,0.9474393530997305,-0.03908355795148248
KOSDAQ,KOSDAQ_BULL_V5_RET60_MAX_080,pre,BULL,2020-05-22,065370,위세아이텍,KOSDAQ,2020-05-29,2020-06-01,2020-06-15,-0.123,-12300000.0,STOP,0.31010452961672474,0.3411214953271028,0.38656274156145315,0.9354838709677419,0.06451612903225806,0.05067567567567568,0.10518834399431415,3.5979323605885525,6113124850.0,0.07371794871794872,0.022435897435897436,0.08974358974358974,-0.009615384615384616,-0.11217948717948718,0.08974358974358974,-0.13141025641025642,-0.0673076923076923,0.08974358974358974,-0.13782051282051283,0.3942307692307692,0.7115384615384616,-0.13782051282051283
KOSDAQ,KOSDAQ_BULL_V5_RET60_MAX_080,pre,BULL,2020-05-25,214450,파마리서치프로덕트,KOSDAQ,2020-06-01,2020-06-02,2020-07-14,-0.012041591320072334,-1204159.1320072333,MAX,0.29852125693160814,0.2170978627671541,0.29671427144711865,0.9347826086956522,0.06521739130434782,0.06095238095238095,0.11394430278486076,1.7039841537934426,16524017700.0,0.027124773960216998,0.007233273056057866,0.07956600361663653,-0.02531645569620253,0.0379746835443038,0.12115732368896925,-0.0325497287522604,-0.018083182640144666,0.12115732368896925,-0.034358047016274866,0.2766726943942134,0.4050632911392405,-0.05244122965641953
KOSDAQ,KOSDAQ_BULL_V5_RET60_MAX_080,pre,BULL,2020-05-28,230360,에코마케팅,KOSDAQ,2020-06-04,2020-06-05,2020-07-17,0.061558629776021084,6155862.977602108,MAX,0.27717391304347827,0.42359767891682787,0.2987089374466959,0.9886363636363636,0.011363636363636364,0.07972027972027972,0.05949358402525218,3.0286988572662414,26178404200.0,0.01844532279314888,-0.015810276679841896,0.08959156785243742,-0.06455862977602109,-0.019762845849802372,0.08959156785243742,-0.06455862977602109,0.07905138339920949,0.09354413702239789,-0.07114624505928854,-0.22397891963109354,0.549407114624506,-0.2872200263504611
KOSDAQ,KOSDAQ_BULL_V5_RET60_MAX_080,pre,BULL,2020-06-02,115480,씨유메디칼,KOSDAQ,2020-06-09,2020-06-10,2020-06-15,-0.063,-6300000.0,EARLY_FAIL_CLOSE,0.25405405405405407,0.3089622641509434,0.14764267990074442,1.0,0.0,0.01078582434514638,0.19316114950891233,2.3517770213316127,28101363920.0,0.045871559633027525,-0.13608562691131498,0.07951070336391437,-0.16666666666666666,-0.03058103975535168,0.07951070336391437,-0.16666666666666666,-0.10703363914373089,0.07951070336391437,-0.16666666666666666,0.06574923547400612,0.31345565749235477,-0.23547400611620795
KOSDAQ,KOSDAQ_BULL_V5_RET60_MAX_080,pre,BULL,2020-06-04,216050,인크로스,KOSDAQ,2020-06-11,2020-06-12,2020-09-07,0.7836666666666666,78366666.66666666,MAX,0.30491803278688523,0.2681912681912682,0.4169570267131243,0.9629629629629629,0.037037037037037035,0.035175879396984924,0.12292177705096756,0.4787475729535826,3485303700.0,0.006666666666666667,0.016666666666666666,0.09333333333333334,-0.06,0.08,0.12833333333333333,-0.06,0.06666666666666667,0.2,-0.06,0.7866666666666666,0.96,-0.06
KOSDAQ,KOSDAQ_BULL_V5_RET60_MAX_080,pre,BULL,2020-06-12,121600,나노신소재,KOSDAQ,2020-06-19,2020-06-22,2020-08-18,0.9920738916256158,99207389.16256158,TRAIL,0.27384615384615385,0.5330188679245284,0.24540159411404047,0.9310344827586207,0.06896551724137931,0.02743142144638404,0.20432622040339082,1.7607404309553345,12319953600.0,0.034482758620689655,-0.034482758620689655,0.1206896551724138,-0.04433497536945813,0.05172413793103448,0.1206896551724138,-0.0665024630541872,0.31527093596059114,0.4433497536945813,-0.0665024630541872,1.0,1.5714285714285714,-0.0665024630541872
KOSDAQ,KOSDAQ_BULL_V5_RET60_MAX_080,pre,BULL,2020-07-24,045300,성우테크론,KOSDAQ,2020-07-31,2020-08-03,2020-08-06,0.07392307692307692,7392307.692307692,TRAIL,0.2639821029082774,0.3586626139817629,0.18188828908229587,0.9523809523809523,0.047619047619047616,0.12371134020618557,0.2566290062255015,3.019322700873989,4606885000.0,0.06227106227106227,0.24358974358974358,0.3553113553113553,-0.0018315018315018315,0.30036630036630035,0.5201465201465202,-0.0018315018315018315,0.29120879120879123,0.6190476190476191,-0.0018315018315018315,-0.12454212454212454,0.6190476190476191,-0.14835164835164835
KOSDAQ,KOSDAQ_BULL_V5_RET60_MAX_080,pre,BULL,2020-07-27,036480,대성미생물,KOSDAQ,2020-08-03,2020-08-04,2020-08-21,-0.123,-12300000.0,STOP,0.37047353760445684,0.31985294117647056,0.15769106739761368,1.0,0.0,0.037463976945244955,0.02069747660901616,1.3188803872179344,5000832000.0,0.011111111111111112,0.022222222222222223,0.07222222222222222,-0.016666666666666666,-0.04722222222222222,0.07222222222222222,-0.075,-0.016666666666666666,0.07222222222222222,-0.12222222222222222,-0.1361111111111111,0.07222222222222222,-0.18333333333333332
KOSDAQ,KOSDAQ_BULL_V5_RET60_MAX_080,pre,BULL,2020-08-11,021080,에이티넘인베스트,KOSDAQ,2020-08-19,2020-08-20,2020-09-10,-0.07238775510204082,-7238775.510204081,TRAIL,0.3199152542372881,0.40476190476190477,0.35541303723556994,1.0,0.0,0.03225806451612903,0.17230431066064233,0.6108911579109043,4134261600.0,0.04897959183673469,0.03469387755102041,0.12653061224489795,-0.04693877551020408,0.11632653061224489,0.2163265306122449,-0.04693877551020408,-0.1326530612244898,0.2163265306122449,-0.1469387755102041,0.12653061224489795,0.2938775510204082,-0.22857142857142856
KOSDAQ,KOSDAQ_BULL_V5_RET60_MAX_080,pre,BULL,2020-09-04,074600,원익QnC,KOSDAQ,2020-09-11,2020-09-14,2020-10-15,-0.123,-12300000.0,STOP,0.28869047619047616,0.21299638989169675,0.1661267931513189,0.9333333333333333,0.06666666666666667,0.01488095238095238,0.09822866344605476,0.42287229495935946,7992204550.0,0.011661807580174927,0.023323615160349854,0.06997084548104957,-0.03206997084548105,-0.03498542274052478,0.06997084548104957,-0.07580174927113703,-0.11078717201166181,0.06997084548104957,-0.13119533527696792,0.08454810495626822,0.13702623906705538,-0.1924198250728863
KOSDAQ,KOSDAQ_BULL_V5_RET60_MAX_080,pre,BULL,2020-09-11,278280,천보,KOSDAQ,2020-09-18,2020-09-21,2020-09-23,-0.063,-6300000.0,EARLY_FAIL_CLOSE,0.33725490196078434,0.5887850467289719,0.28535424250910113,1.0,0.0,0.0595446584938704,0.13903793655276286,1.6014499032079288,106177318500.0,0.026595744680851064,-0.14680851063829786,0.12925531914893618,-0.21968085106382979,-0.10053191489361703,0.12925531914893618,-0.21968085106382979,-0.24202127659574468,0.12925531914893618,-0.25585106382978723,-0.017553191489361703,0.12925531914893618,-0.3069148936170213
KOSDAQ,KOSDAQ_BULL_V5_RET60_MAX_080,pre,BULL,2020-09-11,074600,원익QnC,KOSDAQ,2020-09-18,2020-09-21,2020-09-24,-0.063,-6300000.0,EARLY_FAIL_CLOSE,0.2844574780058651,0.32170542635658916,0.15527950310559002,1.0,0.0,0.011764705882352941,0.05683563748079877,0.4043673014332484,7152654400.0,0.014450867052023121,-0.04335260115606936,0.046242774566473986,-0.0838150289017341,-0.04046242774566474,0.046242774566473986,-0.0838150289017341,-0.13005780346820808,0.046242774566473986,-0.15606936416184972,0.2138728323699422,0.2630057803468208,-0.1994219653179191
KOSDAQ,KOSDAQ_BULL_V5_RET60_MAX_080,pre,BULL,2020-10-13,104620,노랑풍선,KOSDAQ,2020-10-20,2020-10-21,2020-12-23,0.07504878048780488,7504878.048780488,TRAIL,0.3620689655172414,0.5797665369649806,0.35138133806723626,1.0,0.0,0.04859335038363171,0.1759644342463789,0.805137021627755,4800239000.0,0.02926829268292683,-0.014634146341463415,0.1073170731707317,-0.0951219512195122,-0.004878048780487805,0.1073170731707317,-0.0951219512195122,0.2097560975609756,0.37073170731707317,-0.0951219512195122,0.14634146341463414,0.37073170731707317,-0.0951219512195122
KOSDAQ,KOSDAQ_BULL_V5_RET60_MAX_080,pre,BULL,2020-11-11,030790,비케이탑스,KOSDAQ,2020-11-18,2020-11-19,2020-11-30,0.8584457831325302,85844578.31325302,TRAIL,0.30042918454935624,0.34942084942084944,0.24622996122245822,1.0,0.0,0.10246433203631647,0.27906101873448197,3.8594916197608904,9899066000.0,0.2289156626506024,1.1204819277108433,1.427710843373494,0.0,1.1927710843373494,1.427710843373494,0.0,1.036144578313253,1.427710843373494,0.0,0.8433734939759037,1.427710843373494,0.0
KOSDAQ,KOSDAQ_BULL_V5_RET60_MAX_080,pre,BULL,2020-12-02,066970,엘앤에프,KOSDAQ,2020-12-09,2020-12-10,2021-02-23,0.3135735567970205,31357355.679702047,TRAIL,0.27849264705882354,0.2830188679245283,0.2995958670940257,0.9629629629629629,0.037037037037037035,0.035916824196597356,0.1473436273226904,0.8790139344136912,49125405200.0,0.01303538175046555,0.33519553072625696,0.4376163873370577,-0.0335195530726257,0.29608938547486036,0.4376163873370577,-0.0335195530726257,0.3817504655493482,0.5512104283054003,-0.0335195530726257,0.33519553072625696,0.6703910614525139,-0.0335195530726257
KOSDAQ,KOSDAQ_BULL_V5_RET60_MAX_080,pre,BULL,2020-12-23,244460,올리패스,KOSDAQ,2021-01-04,2021-01-05,2021-01-11,-0.123,-12300000.0,STOP,0.3072033898305085,0.36023054755043227,0.22938010071192907,1.0,0.0,0.0035650623885918,0.16914131450524347,0.5593360023250258,7980243500.0,0.03790613718411552,-0.1371841155234657,0.03790613718411552,-0.16967509025270758,-0.15703971119133575,0.03790613718411552,-0.20938628158844766,0.07942238267148015,0.20397111913357402,-0.20938628158844766,-0.6747292418772564,0.30324909747292417,-0.6808664259927798
KOSDAQ,KOSDAQ_BULL_V5_RET60_MAX_080,pre,BULL,2021-01-04,044060,조광ILI,KOSDAQ,2021-01-11,2021-01-12,2021-01-13,-0.063,-6300000.0,EARLY_FAIL_CLOSE,0.3757894736842105,0.49842271293375395,0.11725273432906033,1.0,0.0,0.21875,0.3968481375358166,5.316743266755313,59357543700.0,0.03139013452914798,-0.14349775784753363,0.08968609865470852,-0.16143497757847533,-0.10762331838565023,0.08968609865470852,-0.16143497757847533,-0.12914798206278028,0.08968609865470852,-0.19551569506726457,-0.17668161434977578,0.08968609865470852,-0.21345291479820627
KOSDAQ,KOSDAQ_BULL_V5_RET60_MAX_080,pre,BULL,2021-01-13,160980,싸이맥스,KOSDAQ,2021-01-20,2021-01-21,2021-03-05,-0.123,-12300000.0,STOP,0.26329113924050634,0.3715277777777778,0.1976350497751277,0.9444444444444444,0.05555555555555555,0.06310679611650485,0.09527381845461365,2.5658198906947955,19069227900.0,0.02288329519450801,-0.032036613272311214,0.09153318077803203,-0.04805491990846682,0.0,0.09153318077803203,-0.11212814645308924,-0.011441647597254004,0.09153318077803203,-0.11212814645308924,0.2036613272311213,0.2128146453089245,-0.1853546910755149
KOSDAQ,KOSDAQ_BULL_V5_RET60_MAX_080,pre,BULL,2021-01-20,214260,라파스,KOSDAQ,2021-01-27,2021-01-28,2021-03-16,0.015145161290322583,1514516.1290322582,MAX,0.3122448979591837,0.2564102564102564,0.06263779954458386,0.9375,0.0625,0.0199203187250996,0.038434235878714126,0.4374428990743738,3906432000.0,0.07258064516129033,0.09475806451612903,0.30443548387096775,-0.038306451612903226,0.11088709677419355,0.30443548387096775,-0.038306451612903226,-0.008064516129032258,0.30443548387096775,-0.038306451612903226,0.40524193548387094,0.42338709677419356,-0.038306451612903226
KOSDAQ,KOSDAQ_BULL_V5_RET60_MAX_080,pre,BULL,2021-03-26,246690,TS인베스트먼트,KOSDAQ,2021-04-02,2021-04-05,2021-04-12,-0.123,-12300000.0,STOP,0.3610503282275711,0.3480825958702065,0.18737279695145712,1.0,0.0,0.2638623326959847,0.446310376894043,2.8219380557492384,182615468110.0,0.03235294117647059,-0.13088235294117648,0.43823529411764706,-0.17647058823529413,-0.31691176470588234,0.43823529411764706,-0.3205882352941177,-0.43014705882352944,0.43823529411764706,-0.4345588235294118,-0.36911764705882355,0.43823529411764706,-0.4713235294117647
KOSDAQ,KOSDAQ_BULL_V5_RET60_MAX_080,pre,BULL,2021-04-12,084370,유진테크,KOSDAQ,2021-04-19,2021-04-20,2021-05-04,-0.123,-12300000.0,STOP,0.2593320235756385,0.39261285909712723,0.23286841733443667,0.9259259259259259,0.07407407407407407,0.020872865275142316,0.1244056638277862,1.1302398476672686,17831794800.0,0.007547169811320755,-0.03962264150943396,0.007547169811320755,-0.05660377358490566,-0.09622641509433963,0.007547169811320755,-0.12735849056603774,-0.07452830188679245,0.007547169811320755,-0.17641509433962263,-0.17075471698113207,0.007547169811320755,-0.20849056603773586
KOSDAQ,KOSDAQ_BULL_V5_RET60_MAX_080,pre,BULL,2021-06-11,010470,오리콤,KOSDAQ,2021-06-18,2021-06-21,2021-06-23,-0.063,-6300000.0,EARLY_FAIL_CLOSE,0.36885245901639346,0.3382084095063985,0.16378282413418485,1.0,0.0,0.24263839811542992,0.46081417889781223,7.461934614656637,82726991550.0,0.036585365853658534,-0.12601626016260162,0.10569105691056911,-0.15853658536585366,-0.13414634146341464,0.10569105691056911,-0.15853658536585366,-0.2552845528455285,0.10569105691056911,-0.2601626016260163,-0.3747967479674797,0.10569105691056911,-0.4065040650406504
KOSDAQ,KOSDAQ_BULL_V5_RET60_MAX_080,pre,BULL,2021-11-25,083450,GST,KOSDAQ,2021-12-02,2021-12-03,2022-01-17,-0.00019101123595505632,-19101.123595505633,MAX,0.31341107871720114,0.20350877192982456,0.18275862068965518,0.9661016949152542,0.03389830508474576,0.0781010719754977,0.06666666666666667,1.4501113688791814,19913379200.0,0.023876404494382022,0.012640449438202247,0.08146067415730338,-0.023876404494382022,-0.0056179775280898875,0.08146067415730338,-0.026685393258426966,0.05196629213483146,0.08146067415730338,-0.028089887640449437,-0.07584269662921349,0.08146067415730338,-0.11235955056179775
KOSDAQ,KOSDAQ_BULL_V5_RET60_MAX_080,train,BULL,2022-07-20,388050,지투파워,KOSDAQ,2022-07-27,2022-07-28,2022-08-09,-0.123,-12300000.0,STOP,0.3557312252964427,0.5089463220675944,0.35673002442948215,1.0,0.0,0.29045643153526973,0.30407435879516387,0.7255281637616654,47648310000.0,0.05566218809980806,-0.0854126679462572,0.12859884836852206,-0.09404990403071017,-0.7024952015355086,0.12859884836852206,-0.7706333973128598,-0.7687140115163148,0.12859884836852206,-0.7907869481765835,-0.8374280230326295,0.12859884836852206,-0.8986564299424185
KOSDAQ,KOSDAQ_BULL_V5_RET60_MAX_080,train,BULL,2022-11-09,032190,다우데이타,KOSDAQ,2022-11-16,2022-11-17,2023-02-14,1.1680526315789475,116805263.15789475,MAX,0.2542857142857143,0.5151515151515151,0.27706154220384327,0.972972972972973,0.02702702702702703,0.07042253521126761,0.3667016334482242,2.600328083475593,11733404400.0,0.07675438596491228,0.02412280701754386,0.09649122807017543,-0.07675438596491228,0.32456140350877194,0.35964912280701755,-0.07675438596491228,0.24342105263157895,0.4298245614035088,-0.07675438596491228,1.1710526315789473,1.412280701754386,-0.07675438596491228
KOSDAQ,KOSDAQ_BULL_V5_RET60_MAX_080,train,BULL,2023-01-20,093640,다믈멀티미디어,KOSDAQ,2023-01-31,2023-02-01,2023-02-24,-0.123,-12300000.0,STOP,0.37758346581875996,0.3673913043478261,0.3188886947405206,1.0,0.0,0.12894736842105264,0.458377597416394,8.754684693423291,97341472800.0,0.032,0.1,0.211,-0.095,0.003,0.211,-0.095,0.027,0.211,-0.123,-0.21,0.28,-0.242
KOSDAQ,KOSDAQ_BULL_V5_RET60_MAX_080,train,BULL,2023-02-01,314140,알피바이오,KOSDAQ,2023-02-08,2023-02-09,2023-03-10,-0.123,-12300000.0,STOP,0.3225806451612903,0.24541484716157205,0.08874354210673661,0.9363636363636364,0.06363636363636363,0.06215846994535519,0.08729853511869384,1.3612661404053639,8430961200.0,0.04871794871794872,-0.016025641025641024,0.11602564102564103,-0.046794871794871795,0.032692307692307694,0.11602564102564103,-0.07051282051282051,-0.11474358974358974,0.11602564102564103,-0.1282051282051282,-0.21474358974358973,0.11602564102564103,-0.22179487179487178
KOSDAQ,KOSDAQ_BULL_V5_RET60_MAX_080,train,BULL,2023-02-14,247540,에코프로비엠,KOSDAQ,2023-02-21,2023-02-22,2023-04-26,0.521198617221873,52119861.7221873,TRAIL,0.3238434163701068,0.26805054151624547,0.332237621884729,0.9464285714285714,0.05357142857142857,0.09164969450101833,0.28598848368522073,2.0949944049366356,742290909600.0,0.008799497171590195,0.003771213073538655,0.07605279698302954,-0.05342551854179761,0.2884978001257071,0.3639220615964802,-0.05342551854179761,0.47705845380263984,0.6499057196731616,-0.05342551854179761,0.4864864864864865,0.983029541169076,-0.05342551854179761
KOSDAQ,KOSDAQ_BULL_V5_RET60_MAX_080,train,BULL,2023-03-29,064520,테크엘,KOSDAQ,2023-04-05,2023-04-06,2023-04-28,-0.123,-12300000.0,STOP,0.29380053908355797,0.30633802816901406,0.1874849963991358,1.0,0.0,0.056578947368421055,0.08550185873605948,3.1195310260310714,4451960480.0,0.07448107448107448,0.042735042735042736,0.1282051282051282,-0.01098901098901099,0.01098901098901099,0.1282051282051282,-0.11233211233211234,-0.15873015873015872,0.1282051282051282,-0.2490842490842491,-0.3492063492063492,0.1282051282051282,-0.3833943833943834
KOSDAQ,KOSDAQ_BULL_V5_RET60_MAX_080,train,BULL,2023-04-04,140410,메지온,KOSDAQ,2023-04-11,2023-04-12,2023-05-26,0.44557142857142856,44557142.85714286,MAX,0.380265435660704,0.3434108527131783,0.1480242456361167,0.9555555555555556,0.044444444444444446,0.041666666666666664,0.026754283032152076,0.5149634770630658,4830840000.0,0.05657142857142857,0.2,0.23714285714285716,-0.012,0.28285714285714286,0.30857142857142855,-0.012,0.4257142857142857,0.6771428571428572,-0.012,1.2228571428571429,1.7971428571428572,-0.012
KOSDAQ,KOSDAQ_BULL_V5_RET60_MAX_080,train,BULL,2023-05-19,322510,제이엘케이,KOSDAQ,2023-05-26,2023-05-30,2023-06-13,0.027303030303030305,2730303.0303030303,TRAIL,0.3476005188067445,0.6945054945054945,0.32696527688137345,0.9411764705882353,0.058823529411764705,0.03958333333333333,0.44157157301747796,1.6817377978881982,6464095900.0,0.12626262626262627,0.25757575757575757,0.295959595959596,-0.020202020202020204,0.050505050505050504,0.295959595959596,-0.020202020202020204,0.6595959595959596,0.9191919191919192,-0.020202020202020204,1.9595959595959596,2.9444444444444446,-0.020202020202020204
KOSDAQ,KOSDAQ_BULL_V5_RET60_MAX_080,train,BULL,2023-05-22,035900,JYP Ent.,KOSDAQ,2023-05-30,2023-05-31,2023-07-13,0.09691673605328892,9691673.605328891,MAX,0.32690622261174407,0.5013157894736842,0.36295765394493223,0.967391304347826,0.03260869565217391,0.06818181818181818,0.1669770328988206,1.2286606200786057,102832277600.0,0.01582014987510408,0.06827643630308076,0.08492922564529559,-0.014154870940882597,0.14071606994171523,0.15487094088259784,-0.014154870940882597,0.03996669442131557,0.17069109075770192,-0.014154870940882597,-0.0791007493755204,0.2206494587843464,-0.09658617818484597
KOSDAQ,KOSDAQ_BULL_V5_RET60_MAX_080,train,BULL,2023-05-23,336570,원텍,KOSDAQ,2023-05-31,2023-06-01,2023-08-28,0.6644816625916871,66448166.25916871,MAX,0.2851758793969849,0.4038800705467372,0.22732178650357193,0.9411764705882353,0.058823529411764705,0.033962264150943396,0.07080049501726048,0.3622361885016012,5228133720.0,0.0550122249388753,0.12836185819070906,0.1430317848410758,0.0,0.2628361858190709,0.3019559902200489,0.0,0.2713936430317848,0.36674816625916873,0.0,0.6674816625916871,0.7237163814180929,0.0
KOSDAQ,KOSDAQ_BULL_V5_RET60_MAX_080,train,BULL,2023-05-31,356860,티엘비,KOSDAQ,2023-06-08,2023-06-09,2023-07-21,0.12958426966292136,12958426.966292135,TRAIL,0.2800875273522976,0.34017595307917886,0.20705745628708783,1.0,0.0,0.04491725768321513,0.0547415644537775,0.5637182055254354,4973384000.0,0.020224719101123594,0.17303370786516853,0.21348314606741572,-0.029213483146067417,0.17303370786516853,0.21348314606741572,-0.029213483146067417,0.2247191011235955,0.4247191011235955,-0.029213483146067417,0.17752808988764046,0.4247191011235955,-0.029213483146067417
KOSDAQ,KOSDAQ_BULL_V5_RET60_MAX_080,train,BULL,2024-05-16,036620,감성코퍼레이션,KOSDAQ,2024-05-23,2024-05-24,2024-05-29,-0.063,-6300000.0,EARLY_FAIL_CLOSE,0.2690288713910761,0.42429906542056073,0.15562520536865257,0.9484536082474226,0.05154639175257732,0.0855421686746988,0.23483862125676694,3.562911996745721,47870440845.0,0.021111111111111112,-0.04,0.042222222222222223,-0.08666666666666667,-0.08222222222222222,0.042222222222222223,-0.15555555555555556,-0.13111111111111112,0.042222222222222223,-0.15555555555555556,-0.23666666666666666,0.042222222222222223,-0.3511111111111111
KOSDAQ,KOSDAQ_BULL_V5_RET60_MAX_080,train,BULL,2025-01-09,065680,우주일렉트로,KOSDAQ,2025-01-16,2025-01-17,2025-04-18,0.4915511157239232,49155111.572392315,MAX,0.3684765419082762,0.26214238190286093,0.3192391946868806,0.9398907103825137,0.060109289617486336,0.098005698005698,0.15361590038314177,4.2515818397237135,8937503080.0,0.017125064867669952,0.1209133367929424,0.14686040477426052,-0.0020757654385054488,0.167618059159315,0.17540217955371043,-0.0020757654385054488,0.2869745718733783,0.41670991177996886,-0.0020757654385054488,0.4945511157239232,0.551634665282823,-0.0020757654385054488
KOSDAQ,KOSDAQ_BULL_V5_RET60_MAX_080,train,BULL,2025-01-09,460930,현대힘스,KOSDAQ,2025-01-16,2025-01-17,2025-03-07,-0.1037502679528403,-10375026.79528403,MAX,0.2610192837465565,0.353215284249767,0.13589840541351025,1.0,0.0,0.0021208907741251328,0.28113879003558717,0.43393692021840324,23733939600.0,0.008038585209003215,0.051982851018220796,0.1977491961414791,-0.008038585209003215,-0.005894962486602358,0.1977491961414791,-0.03536977491961415,-0.011254019292604502,0.1977491961414791,-0.03536977491961415,-0.05680600214362272,0.1977491961414791,-0.33815648445873525
KOSDAQ,KOSDAQ_BULL_V5_RET60_MAX_080,train,BULL,2025-02-27,288330,브릿지바이오테라퓨틱스,KOSDAQ,2025-03-07,2025-03-10,2025-04-15,0.2708336713995943,27083367.13995943,TRAIL,0.363,0.4749262536873156,0.22336629625853804,0.96875,0.03125,0.01616161616161616,0.06325635470062886,0.4919958972298994,4199149630.0,0.016227180527383367,0.332657200811359,0.3894523326572008,-0.05172413793103448,0.5172413793103449,0.539553752535497,-0.05172413793103448,0.5537525354969574,0.7586206896551724,-0.05172413793103448,-0.8482758620689655,0.8823529411764706,-0.8584178498985802
KOSDAQ,KOSDAQ_BULL_V5_RET60_MAX_080,train,BULL,2025-05-09,082270,젬백스,KOSDAQ,2025-05-16,2025-05-19,2025-07-02,0.6749431664411367,67494316.64411367,MAX,0.30303030303030304,0.6844547563805105,0.057101948698036815,0.9285714285714286,0.07142857142857142,0.0260989010989011,0.05553200508690123,0.4313835794718022,4682830950.0,0.014884979702300407,0.2530446549391069,0.3112313937753721,-0.056833558863328824,0.38836265223274696,0.39648173207036536,-0.056833558863328824,0.8565629228687416,0.9675236806495264,-0.056833558863328824,0.41271989174560214,0.9675236806495264,-0.056833558863328824
KOSDAQ,KOSDAQ_BULL_V5_RET60_MAX_080,train,BULL,2025-06-16,458870,씨어스테크놀로지,KOSDAQ,2025-06-23,2025-06-24,2025-09-17,1.5487241379310346,154872413.79310346,MAX,0.2785542168674699,0.45614035087719296,0.39042449827453346,1.0,0.0,0.06103286384976526,0.1650985951797912,1.7602052952389222,4306407400.0,0.02586206896551724,0.09913793103448276,0.11206896551724138,-0.04956896551724138,0.2543103448275862,0.27155172413793105,-0.04956896551724138,0.4892241379310345,0.4892241379310345,-0.04956896551724138,1.5517241379310345,1.8663793103448276,-0.04956896551724138
KOSDAQ,KOSDAQ_BULL_V5_RET60_MAX_080,train,BULL,2025-06-18,200230,텔콘RF제약,KOSDAQ,2025-06-25,2025-06-26,2025-06-27,0.014222820236813778,1422282.0236813778,TRAIL,0.3721881390593047,0.3564493758668516,0.32586199105246516,1.0,0.0,0.20606060606060606,0.8238057051208615,15.052435485658581,42269884520.0,0.11302475780409042,-0.3078579117330463,0.4316469321851453,-0.3433799784714747,-0.3961248654467169,0.4316469321851453,-0.4510226049515608,-0.3907427341227126,0.4316469321851453,-0.4510226049515608,-0.8621097954790097,0.4316469321851453,-0.8797631862217438
KOSDAQ,KOSDAQ_BULL_V5_RET60_MAX_080,post,BULL,2025-09-08,045970,코아시아,KOSDAQ,2025-09-15,2025-09-16,2025-09-26,-0.123,-12300000.0,STOP,0.28559322033898304,0.5629139072847682,0.31799396850217804,1.0,0.0,0.0736196319018405,0.20804210889636723,2.0618865536856323,10483886000.0,0.0125,-0.06388888888888888,0.059722222222222225,-0.06666666666666667,-0.12638888888888888,0.059722222222222225,-0.14305555555555555,0.016666666666666666,0.09027777777777778,-0.14305555555555555,-0.3194444444444444,0.09027777777777778,-0.3194444444444444
KOSDAQ,KOSDAQ_BULL_V5_RET60_MAX_080,post,BULL,2025-09-09,064290,인텍플러스,KOSDAQ,2025-09-16,2025-09-17,2025-09-26,-0.012702850212249848,-1270285.0212249847,TRAIL,0.3781094527363184,0.6398601398601399,0.4287648512337949,0.9875,0.0125,0.017901234567901235,0.2574348025011438,0.656323458147317,6703399370.0,0.04608853850818678,0.08126137052759248,0.28865979381443296,-0.015160703456640388,0.11582777440873257,0.28865979381443296,-0.025469981807155852,-0.05033353547604609,0.28865979381443296,-0.07459066100667071,-0.2031534263189812,0.28865979381443296,-0.33535476046088536
KOSDAQ,KOSDAQ_BULL_V5_RET60_MAX_080,post,BULL,2025-09-22,199800,툴젠,KOSDAQ,2025-09-29,2025-09-30,2025-10-17,0.06557142857142857,6557142.857142857,TRAIL,0.3391959798994975,0.3400673400673401,0.2703479093520587,1.0,0.0,0.050865800865800864,0.27561744613767736,4.982957250309435,11434107600.0,0.011428571428571429,0.26666666666666666,0.37142857142857144,-0.07523809523809524,0.06666666666666667,0.37142857142857144,-0.07523809523809524,0.07428571428571429,0.37142857142857144,-0.07523809523809524,0.18857142857142858,0.579047619047619,-0.11904761904761904
KOSDAQ,KOSDAQ_BULL_V5_RET60_MAX_080,post,BULL,2025-10-01,232140,와이씨,KOSDAQ,2025-10-15,2025-10-16,2025-11-05,-0.123,-12300000.0,STOP,0.2826388888888889,0.4342629482071713,0.25005425582707586,0.9789473684210527,0.021052631578947368,0.05509641873278237,0.1212764400204933,0.5902184519684885,14096805240.0,0.006578947368421052,-0.08552631578947369,0.02368421052631579,-0.1118421052631579,-0.05263157894736842,0.02368421052631579,-0.1118421052631579,-0.09539473684210527,0.02368421052631579,-0.17434210526315788,0.005263157894736842,0.14342105263157895,-0.20526315789473684
KOSDAQ,KOSDAQ_BULL_V5_RET60_MAX_080,post,BULL,2025-10-29,172670,에이엘티,KOSDAQ,2025-11-05,2025-11-06,2025-11-07,-0.063,-6300000.0,EARLY_FAIL_CLOSE,0.35094001790510293,0.6025824964131994,0.2286651878196785,0.9316770186335404,0.06832298136645963,0.03842794759825328,0.060423634336677814,0.7466400131602023,4406326990.0,0.01,-0.09166666666666666,0.03916666666666667,-0.11833333333333333,-0.10833333333333334,0.03916666666666667,-0.215,-0.13166666666666665,0.03916666666666667,-0.215,0.2875,0.31666666666666665,-0.215
KOSDAQ,KOSDAQ_BULL_V5_RET60_MAX_080,post,BULL,2026-01-07,240810,원익IPS,KOSDAQ,2026-01-14,2026-01-15,2026-03-04,0.4040680628272251,40406806.28272251,TRAIL,0.33460076045627374,0.3915343915343915,0.2526460626587638,0.9393939393939394,0.06060606060606061,0.027559055118110236,0.14381710612811335,0.6326559199092395,39378322800.0,0.01832460732984293,0.0,0.05759162303664921,-0.058900523560209424,0.45287958115183247,0.5130890052356021,-0.058900523560209424,0.7460732984293194,0.7460732984293194,-0.058900523560209424,0.6047120418848168,0.8717277486910995,-0.058900523560209424
KOSDAQ,KOSDAQ_BULL_V5_RET60_MAX_080,post,BULL,2026-01-14,000250,삼천당제약,KOSDAQ,2026-01-21,2026-01-22,2026-03-04,1.2601578947368421,126015789.47368422,TRAIL,0.2504970178926441,0.22384428223844283,0.11348878394332945,0.98,0.02,0.048598130841121495,0.12537612838515547,1.2633090829612514,105545979000.0,0.11052631578947368,0.7017543859649122,0.7175438596491228,-0.012280701754385965,0.7421052631578947,1.0649122807017544,-0.012280701754385965,1.1508771929824562,1.3228070175438595,-0.012280701754385965,0.41403508771929826,3.3263157894736843,-0.012280701754385965
KOSDAQ,KOSDAQ_BULL_V5_RET60_MAX_080,post,BULL,2026-01-20,240810,원익IPS,KOSDAQ,2026-01-27,2026-01-28,2026-03-04,0.15043347639484977,15043347.639484977,TRAIL,0.35294117647058826,0.30313588850174217,0.1321897073662966,0.958904109589041,0.0410958904109589,0.07529411764705882,0.19360104472739145,1.4032989172184722,116791285600.0,0.12017167381974249,0.18240343347639484,0.296137339055794,-0.018776824034334765,0.10300429184549356,0.296137339055794,-0.018776824034334765,0.3251072961373391,0.5343347639484979,-0.018776824034334765,0.29935622317596566,0.5343347639484979,-0.018776824034334765
KOSDAQ,KOSDAQ_BULL_V5_RET60_MAX_080,post,BULL,2026-01-21,357780,솔브레인,KOSDAQ,2026-01-28,2026-01-29,2026-02-02,-0.050673098751418844,-5067309.875141884,TRAIL,0.2709867452135493,0.2413162705667276,0.25115164916159943,0.96,0.04,0.12704918032786885,0.3581364721376245,2.6002135358862266,71225962500.0,0.021566401816118047,-0.06696935300794551,0.20317820658342792,-0.11010215664018161,-0.09761634506242906,0.20317820658342792,-0.13166855845629966,-0.16912599318955732,0.20317820658342792,-0.16912599318955732,0.08740068104426787,0.20317820658342792,-0.18274687854710556
KOSDAQ,KOSDAQ_BULL_V5_RET60_MAX_080,post,BULL,2026-01-27,101490,에스앤에스텍,KOSDAQ,2026-02-03,2026-02-04,2026-03-04,-0.08776517754868271,-8776517.75486827,TRAIL,0.3663101604278075,0.34290843806104127,0.40228089361037345,1.0,0.0,0.03348729792147806,0.2901830762577483,0.5449516924122023,37765509500.0,0.014891179839633447,0.012600229095074456,0.08018327605956473,-0.06643757159221077,0.016036655211912942,0.13745704467353953,-0.06643757159221077,0.0057273768613974796,0.2313860252004582,-0.08934707903780069,0.042382588774341354,0.24169530355097366,-0.13631156930126
KOSDAQ,KOSDAQ_BULL_V5_RET60_MAX_080,post,BULL,2026-02-11,036170,에이치엠넥스,KOSDAQ,2026-02-23,2026-02-24,2026-03-16,1.279608695652174,127960869.56521739,TRAIL,0.3068043742405832,0.7891304347826087,0.41847638745260246,1.0,0.0,0.2755102040816326,0.371783928789172,4.72717202812319,15194335500.0,0.21521739130434783,0.2217391304347826,0.5,-0.013043478260869565,0.9304347826086956,1.0956521739130434,-0.013043478260869565,1.608695652173913,2.0956521739130434,-0.013043478260869565,,,
KOSDAQ,KOSDAQ_BULL_V5_RET60_MAX_080,post,BULL,2026-02-27,084110,휴온스글로벌,KOSDAQ,2026-03-09,2026-03-10,2026-04-02,-0.123,-12300000.0,STOP,0.2927215189873418,0.2716297786720322,0.21080528769397797,0.9782608695652174,0.021739130434782608,0.057947019867549666,0.1312737895016376,1.4559432476533702,5561856000.0,0.057663125948406675,0.09256449165402124,0.1638846737481032,-0.010622154779969651,0.0030349013657056147,0.1638846737481032,-0.05918057663125948,-0.212443095599393,0.1638846737481032,-0.22610015174506828,,,
KOSDAQ,KOSDAQ_BULL_V5_RET60_MAX_080,post,BULL,2026-04-16,031330,에스에이엠티,KOSDAQ,2026-04-23,2026-04-24,2026-05-20,1.013949152542373,101394915.2542373,TRAIL,0.30526315789473685,0.6604244694132334,0.3147272517587361,0.967741935483871,0.03225806451612903,0.012893982808022923,0.1864406779661017,0.9689913715566417,5013754130.0,0.04519774011299435,0.043785310734463276,0.07344632768361582,-0.011299435028248588,0.2768361581920904,0.3403954802259887,-0.011299435028248588,,,,,,
KOSDAQ,KOSDAQ_BULL_V5_RET60_MAX_080,post,BULL,2026-04-22,356860,티엘비,KOSDAQ,2026-04-29,2026-04-30,2026-05-20,0.10170588235294117,10170588.235294117,MAX,0.34386391251518833,0.47491039426523296,0.25061733085134674,0.975,0.025,0.021660649819494584,0.0950599767831807,0.629018149273332,18998922000.0,0.029411764705882353,0.1811764705882353,0.2635294117647059,-0.012941176470588235,0.16470588235294117,0.3129411764705882,-0.012941176470588235,,,,,,
KOSDAQ,KOSDAQ_BULL_V5_RET60_MAX_100_MA055,pre,BULL,2012-06-14,078340,컴투스,KOSDAQ,2012-06-21,2012-06-22,2012-08-03,-0.016953488372093022,-1695348.8372093022,MAX,0.3333333333333333,0.9182692307692307,0.5358460304731355,1.0,0.0,0.0654911838790932,0.20788121073672186,0.996438789757331,24082659000.0,0.046511627906976744,-0.046511627906976744,0.06976744186046512,-0.06046511627906977,0.08372093023255814,0.10697674418604651,-0.06395348837209303,0.0034883720930232558,0.10813953488372093,-0.10697674418604651,0.4116279069767442,0.6441860465116279,-0.10697674418604651
KOSDAQ,KOSDAQ_BULL_V5_RET60_MAX_100_MA055,pre,BULL,2012-08-14,038290,마크로젠,KOSDAQ,2012-08-22,2012-08-23,2012-10-08,0.15869544740973313,15869544.740973312,MAX,0.2540834845735027,0.3775,0.17067988668555248,1.0,0.0,0.059422750424448216,0.22919334186939821,2.2254058130853167,10992009600.0,0.05023547880690738,0.054945054945054944,0.14285714285714285,-0.02511773940345369,0.02197802197802198,0.14285714285714285,-0.02511773940345369,0.0,0.14285714285714285,-0.07535321821036106,-0.012558869701726845,0.22762951334379905,-0.07535321821036106
KOSDAQ,KOSDAQ_BULL_V5_RET60_MAX_100_MA055,pre,BULL,2012-08-23,048260,오스템임플란트,KOSDAQ,2012-08-30,2012-08-31,2012-09-17,-0.123,-12300000.0,STOP,0.25210084033613445,0.8378378378378378,0.40585774058577395,0.9444444444444444,0.05555555555555555,0.020161290322580645,0.2154696132596685,1.417798428339595,24448655000.0,0.029411764705882353,0.00196078431372549,0.10392156862745099,-0.047058823529411764,-0.07058823529411765,0.10392156862745099,-0.07450980392156863,0.07647058823529412,0.10392156862745099,-0.12352941176470589,0.09803921568627451,0.3254901960784314,-0.12352941176470589
KOSDAQ,KOSDAQ_BULL_V5_RET60_MAX_100_MA055,pre,BULL,2012-09-10,102940,코오롱생명과학,KOSDAQ,2012-09-17,2012-09-18,2012-10-29,-0.027906600249066,-2790660.0249066,TRAIL,0.28403141361256545,0.7850467289719626,0.2873692340096889,0.9545454545454546,0.045454545454545456,0.020356234096692113,0.07090399252236614,1.0110576187889877,5382141800.0,0.0062266500622665,0.20797011207970112,0.21793275217932753,-0.0136986301369863,0.1793275217932752,0.2266500622665006,-0.0136986301369863,0.047322540473225407,0.24906600249066002,-0.014943960149439602,-0.047322540473225407,0.24906600249066002,-0.15566625155666253
KOSDAQ,KOSDAQ_BULL_V5_RET60_MAX_100_MA055,pre,BULL,2012-09-13,046140,SBS콘텐츠허브,KOSDAQ,2012-09-20,2012-09-21,2012-09-25,-0.063,-6300000.0,EARLY_FAIL_CLOSE,0.2795031055900621,0.40611353711790393,0.3027646662171274,1.0,0.0,0.015060240963855422,0.15827461763189551,1.0223786602372917,3635454900.0,0.011764705882352941,-0.0029411764705882353,0.026470588235294117,-0.07058823529411765,0.0,0.029411764705882353,-0.07058823529411765,-0.011764705882352941,0.07647058823529412,-0.10294117647058823,-0.25,0.07647058823529412,-0.25588235294117645
KOSDAQ,KOSDAQ_BULL_V5_RET60_MAX_100_MA055,pre,BULL,2012-09-18,096630,에스코넥,KOSDAQ,2012-09-25,2012-09-26,2012-10-12,0.23910526315789474,23910526.315789472,TRAIL,0.3342857142857143,0.5283842794759825,0.40646976090014064,1.0,0.0,0.18849840255591055,0.2631578947368421,2.3300104710369705,58727578620.0,0.021052631578947368,0.5,0.5210526315789473,-0.05263157894736842,0.24210526315789474,0.5684210526315789,-0.05263157894736842,0.06578947368421052,0.5684210526315789,-0.05263157894736842,-0.4394736842105263,0.5684210526315789,-0.5589473684210526
KOSDAQ,KOSDAQ_BULL_V5_RET60_MAX_100_MA055,pre,BULL,2012-09-26,123330,제닉,KOSDAQ,2012-10-05,2012-10-08,2012-10-16,-0.123,-12300000.0,STOP,0.323943661971831,0.25048923679060664,0.2551356129180102,0.9333333333333333,0.06666666666666667,0.04032258064516129,0.08112638283607107,0.9738086806160352,11413146000.0,0.026153846153846153,-0.04923076923076923,0.033846153846153845,-0.05076923076923077,-0.07692307692307693,0.033846153846153845,-0.19384615384615383,-0.04923076923076923,0.033846153846153845,-0.19384615384615383,-0.45692307692307693,0.033846153846153845,-0.46923076923076923
KOSDAQ,KOSDAQ_BULL_V5_RET60_MAX_100_MA055,pre,BULL,2012-10-08,026040,로만손,KOSDAQ,2012-10-15,2012-10-16,2012-10-18,-0.063,-6300000.0,EARLY_FAIL_CLOSE,0.257843137254902,0.5156017830609212,0.366986821532276,1.0,0.0,0.12195121951219512,0.4243690973834959,4.183544531700991,28137951600.0,0.00749063670411985,-0.1348314606741573,0.13108614232209737,-0.20599250936329588,-0.20599250936329588,0.13108614232209737,-0.25842696629213485,-0.18726591760299627,0.13108614232209737,-0.25842696629213485,-0.1760299625468165,0.13108614232209737,-0.3153558052434457
KOSDAQ,KOSDAQ_BULL_V5_RET60_MAX_100_MA055,pre,BULL,2013-02-28,025880,케이씨피드,KOSDAQ,2013-03-08,2013-03-11,2013-03-14,-0.063,-6300000.0,EARLY_FAIL_CLOSE,0.29640287769784174,0.6992665036674817,0.2575012816260065,1.0,0.0,0.06683804627249357,0.15125875580830847,0.9510103040211788,5352595300.0,0.125,-0.09669811320754718,0.16745283018867924,-0.14386792452830188,-0.125,0.16745283018867924,-0.15683962264150944,-0.29245283018867924,0.16745283018867924,-0.29952830188679247,-0.3443396226415094,0.16745283018867924,-0.3490566037735849
KOSDAQ,KOSDAQ_BULL_V5_RET60_MAX_100_MA055,pre,BULL,2013-03-06,038950,파인디지털,KOSDAQ,2013-03-13,2013-03-14,2013-04-25,0.016801980198019803,1680198.0198019804,MAX,0.2723535457348407,0.47424242424242424,0.20944686140459912,0.9361702127659575,0.06382978723404255,0.036458333333333336,0.04030529562444456,1.362110499335876,5267132000.0,0.0594059405940594,0.024752475247524754,0.0891089108910891,-0.009900990099009901,0.0297029702970297,0.0891089108910891,-0.009900990099009901,-0.01485148514851485,0.0891089108910891,-0.0891089108910891,-0.22574257425742575,0.12871287128712872,-0.2712871287128713
KOSDAQ,KOSDAQ_BULL_V5_RET60_MAX_100_MA055,pre,BULL,2013-03-07,049180,코리아본뱅크,KOSDAQ,2013-03-14,2013-03-15,2013-03-20,-0.063,-6300000.0,EARLY_FAIL_CLOSE,0.30185185185185187,0.44,0.35121045936985223,0.9333333333333333,0.06666666666666667,0.01282051282051282,0.181337852656764,0.834643004953899,6847377930.0,0.021367521367521368,-0.07264957264957266,0.042735042735042736,-0.10256410256410256,-0.09829059829059829,0.042735042735042736,-0.15128205128205127,3.9572649572649574,3.9572649572649574,-0.21794871794871795,2.8632478632478633,5.042735042735043,-0.21794871794871795
KOSDAQ,KOSDAQ_BULL_V5_RET60_MAX_100_MA055,pre,BULL,2013-03-27,060590,씨티씨바이오,KOSDAQ,2013-04-03,2013-04-04,2013-05-14,-0.123,-12300000.0,STOP,0.34923076923076923,0.4840182648401826,0.27376053301979225,0.9512195121951219,0.04878048780487805,0.060092449922958396,0.16937197246536925,1.128824829524203,28228640000.0,0.008823529411764706,-0.03529411764705882,0.07205882352941176,-0.11470588235294117,0.06764705882352941,0.07205882352941176,-0.11470588235294117,0.0058823529411764705,0.08529411764705883,-0.11470588235294117,-0.24705882352941178,0.08529411764705883,-0.375
KOSDAQ,KOSDAQ_BULL_V5_RET60_MAX_100_MA055,pre,BULL,2013-04-26,950110,SBI액시즈,KOSDAQ,2013-05-06,2013-05-07,2013-06-04,-0.069006600660066,-6900660.0660066,TRAIL,0.3941368078175896,0.584516129032258,0.4735705285894282,0.9714285714285714,0.02857142857142857,0.039655172413793106,0.2654774396642183,1.2395212926298886,5344606080.0,0.04950495049504951,0.16666666666666666,0.22442244224422442,-0.026402640264026403,0.0594059405940594,0.22442244224422442,-0.041254125412541254,-0.12376237623762376,0.22442244224422442,-0.1353135313531353,-0.3341584158415842,0.22442244224422442,-0.34075907590759075
KOSDAQ,KOSDAQ_BULL_V5_RET60_MAX_100_MA055,pre,BULL,2013-08-19,001840,이화공영,KOSDAQ,2013-08-27,2013-08-28,2013-10-21,0.4114385026737968,41143850.26737968,TRAIL,0.27666666666666667,0.4634146341463415,0.24502853190385604,1.0,0.0,0.049315068493150684,0.44897380119171476,0.9709528179471864,4815953070.0,0.06951871657754011,0.25133689839572193,0.3342245989304813,0.0,0.15508021390374332,0.3342245989304813,0.0,0.7112299465240641,0.786096256684492,0.0,0.13101604278074866,0.8288770053475936,0.0
KOSDAQ,KOSDAQ_BULL_V5_RET60_MAX_100_MA055,pre,BULL,2013-09-12,100120,뷰웍스,KOSDAQ,2013-09-24,2013-09-25,2013-12-20,0.14583720930232558,14583720.930232558,MAX,0.31625835189309576,0.3323442136498516,0.27081466106891844,0.9444444444444444,0.05555555555555555,0.007009345794392523,0.04144013531472756,0.7324461598606866,4536081050.0,0.07674418604651163,0.12325581395348838,0.12325581395348838,0.0,0.1697674418604651,0.2,0.0,0.24186046511627907,0.2534883720930233,0.0,0.14883720930232558,0.3116279069767442,0.0
KOSDAQ,KOSDAQ_BULL_V5_RET60_MAX_100_MA055,pre,BULL,2013-10-29,096630,에스코넥,KOSDAQ,2013-11-05,2013-11-06,2013-11-14,-0.123,-12300000.0,STOP,0.2844574780058651,0.5088495575221239,0.2663241938478677,1.0,0.0,0.024615384615384615,0.05146826649826334,0.43894526432646935,4252491585.0,0.00872093023255814,-0.08430232558139535,0.055232558139534885,-0.09302325581395349,-0.17151162790697674,0.055232558139534885,-0.19767441860465115,-0.17732558139534885,0.055232558139534885,-0.21511627906976744,-0.19186046511627908,0.055232558139534885,-0.24127906976744187
KOSDAQ,KOSDAQ_BULL_V5_RET60_MAX_100_MA055,pre,BULL,2014-11-28,086390,유니테스트,KOSDAQ,2014-12-05,2014-12-08,2015-03-10,0.37961851015801357,37961851.015801355,MAX,0.3088235294117647,0.9973297730307076,0.4727308525300256,0.9577464788732394,0.04225352112676056,0.07730061349693251,0.16383881230116648,1.4348492453179156,8613092200.0,0.019187358916478554,-0.040632054176072234,0.055304740406320545,-0.08465011286681716,0.0654627539503386,0.12866817155756208,-0.08465011286681716,0.17945823927765236,0.21896162528216703,-0.08465011286681716,0.38261851015801357,0.48419864559819414,-0.08465011286681716
KOSDAQ,KOSDAQ_BULL_V5_RET60_MAX_100_MA055,pre,BULL,2014-12-08,900110,이스트아시아홀딩스,KOSDAQ,2014-12-15,2014-12-16,2014-12-18,-0.063,-6300000.0,EARLY_FAIL_CLOSE,0.3907103825136612,0.24489795918367346,0.28323496756851524,1.0,0.0,0.06231884057971015,0.873961395883932,3.1279683223695316,24269171875.0,0.037037037037037035,-0.2857142857142857,0.10978835978835978,-0.32936507936507936,-0.47883597883597884,0.10978835978835978,-0.49867724867724866,-0.5462962962962963,0.10978835978835978,-0.5952380952380952,-0.35714285714285715,0.10978835978835978,-0.6058201058201058
KOSDAQ,KOSDAQ_BULL_V5_RET60_MAX_100_MA055,pre,BULL,2014-12-09,900070,글로벌에스엠,KOSDAQ,2014-12-16,2014-12-18,2014-12-19,-0.063,-6300000.0,EARLY_FAIL_CLOSE,0.27601809954751133,0.33454106280193235,0.23918284955983773,1.0,0.0,0.07878787878787878,0.5957685239141153,4.323797702579669,15977694740.0,0.07590759075907591,-0.25412541254125415,0.29042904290429045,-0.25412541254125415,-0.26732673267326734,0.29042904290429045,-0.32673267326732675,-0.23432343234323433,0.29042904290429045,-0.32673267326732675,-0.2079207920792079,0.29042904290429045,-0.32673267326732675
KOSDAQ,KOSDAQ_BULL_V5_RET60_MAX_100_MA055,pre,BULL,2015-01-09,015710,코콤,KOSDAQ,2015-01-16,2015-01-19,2015-01-21,-0.063,-6300000.0,EARLY_FAIL_CLOSE,0.3962882096069869,0.9203354297693921,0.5202898951619594,1.0,0.0,0.043859649122807015,0.266563780533234,1.607075658913542,42732269300.0,0.008333333333333333,-0.029166666666666667,0.05416666666666667,-0.14166666666666666,-0.05,0.0875,-0.14166666666666666,0.43333333333333335,0.8916666666666667,-0.14166666666666666,0.2375,0.8916666666666667,-0.14166666666666666
KOSDAQ,KOSDAQ_BULL_V5_RET60_MAX_100_MA055,pre,BULL,2015-01-26,036490,OCI머티리얼즈,KOSDAQ,2015-02-02,2015-02-03,2015-05-04,0.4947307110438729,49473071.10438729,MAX,0.2696969696969697,0.34146341463414637,0.20390356610829058,1.0,0.0,0.006230529595015576,0.029564108693919833,0.6618144770863871,4313923400.0,0.024205748865355523,0.07866868381240545,0.09228441754916793,-0.009077155824508321,0.2178517397881997,0.22692889561270801,-0.009077155824508321,0.24508320726172467,0.2950075642965204,-0.009077155824508321,0.4977307110438729,0.7912254160363086,-0.009077155824508321
KOSDAQ,KOSDAQ_BULL_V5_RET60_MAX_100_MA055,pre,BULL,2015-01-28,093920,서원인텍,KOSDAQ,2015-02-04,2015-02-05,2015-03-24,0.05236332179930796,5236332.179930796,MAX,0.2631578947368421,0.4600409836065574,0.30821959728257553,1.0,0.0,0.04316546762589928,0.1262135922330097,0.8741686391782812,6253879000.0,0.010380622837370242,0.06920415224913495,0.12110726643598616,-0.01730103806228374,0.08650519031141868,0.14878892733564014,-0.01730103806228374,0.11418685121107267,0.14878892733564014,-0.01730103806228374,-0.04152249134948097,0.14878892733564014,-0.09342560553633218
KOSDAQ,KOSDAQ_BULL_V5_RET60_MAX_100_MA055,pre,BULL,2015-01-29,069110,코스온,KOSDAQ,2015-02-05,2015-02-06,2015-04-14,0.6400517711171662,64005177.11171661,TRAIL,0.37317784256559766,0.4351464435146444,0.40512344330347383,0.9444444444444444,0.05555555555555555,0.08235294117647059,0.1717879318579844,1.8701808760669076,22032252000.0,0.010899182561307902,0.01907356948228883,0.05994550408719346,-0.0653950953678474,0.027247956403269755,0.07629427792915532,-0.0653950953678474,-0.04087193460490463,0.07629427792915532,-0.10626702997275204,0.659400544959128,1.1716621253405994,-0.10626702997275204
KOSDAQ,KOSDAQ_BULL_V5_RET60_MAX_100_MA055,pre,BULL,2015-02-17,127120,디엔에이링크,KOSDAQ,2015-02-27,2015-03-02,2015-03-19,-0.123,-12300000.0,STOP,0.31958762886597936,0.36619718309859156,0.2803167794093384,0.9583333333333334,0.041666666666666664,0.04381443298969072,0.13716130843745614,1.0620567938027752,3663042750.0,0.07579462102689487,0.039119804400977995,0.09535452322738386,-0.07823960880195599,-0.034229828850855744,0.09535452322738386,-0.07823960880195599,-0.1784841075794621,0.09535452322738386,-0.1784841075794621,-0.15158924205378974,0.20537897310513448,-0.21515892420537897
KOSDAQ,KOSDAQ_BULL_V5_RET60_MAX_100_MA055,pre,BULL,2015-03-30,046940,우원개발,KOSDAQ,2015-04-06,2015-04-07,2015-04-14,0.11454385964912281,11454385.96491228,TRAIL,0.35691318327974275,0.7873563218390804,0.45106730432753994,1.0,0.0,0.057692307692307696,0.8814675446848542,2.963100022916121,17523005500.0,0.09649122807017543,0.010526315789473684,0.4,-0.0912280701754386,0.0,0.4,-0.0912280701754386,-0.11228070175438597,0.4,-0.22280701754385965,-0.2631578947368421,0.4,-0.3201754385964912
KOSDAQ,KOSDAQ_BULL_V5_RET60_MAX_100_MA055,pre,BULL,2015-04-03,065170,엔알디,KOSDAQ,2015-04-10,2015-04-13,2015-04-15,-0.063,-6300000.0,EARLY_FAIL_CLOSE,0.3880952380952381,0.7427385892116183,0.5320080248039395,0.9861111111111112,0.013888888888888888,0.1488469601677149,0.4474379292128896,0.9050061837843459,6713594580.0,0.08996539792387544,-0.07093425605536333,0.1972318339100346,-0.10899653979238755,-0.05709342560553633,0.1972318339100346,-0.2041522491349481,-0.06055363321799308,0.1972318339100346,-0.24567474048442905,-0.0657439446366782,0.1972318339100346,-0.25259515570934254
KOSDAQ,KOSDAQ_BULL_V5_RET60_MAX_100_MA055,pre,BULL,2015-04-06,014190,원익큐브,KOSDAQ,2015-04-13,2015-04-14,2015-04-24,0.008363636363636365,836363.6363636365,TRAIL,0.36103151862464183,0.3397312859884837,0.1553422163370024,1.0,0.0,0.104,0.2254865684896026,1.9274107042213355,18019499040.0,0.015909090909090907,0.0875,0.275,-0.06363636363636363,0.0125,0.275,-0.06363636363636363,-0.06363636363636363,0.275,-0.1806818181818182,-0.23068181818181818,0.275,-0.2840909090909091
KOSDAQ,KOSDAQ_BULL_V5_RET60_MAX_100_MA055,pre,BULL,2015-04-27,067630,에너지솔루션,KOSDAQ,2015-05-06,2015-05-07,2015-05-14,-0.123,-12300000.0,STOP,0.34172661870503596,0.3333333333333333,0.3494599733020508,0.9857142857142858,0.014285714285714285,0.13018867924528302,0.14674069110749496,1.8684456301879806,3856901100.0,0.05175292153589316,-0.07846410684474124,0.12520868113522537,-0.16193656093489148,-0.10517529215358931,0.12520868113522537,-0.16193656093489148,0.41736227045075125,0.4240400667779633,-0.16193656093489148,0.24373956594323873,1.0467445742904842,-0.16193656093489148
KOSDAQ,KOSDAQ_BULL_V5_RET60_MAX_100_MA055,pre,BULL,2015-09-11,114120,크루셜텍,KOSDAQ,2015-09-18,2015-09-21,2015-10-14,-0.123,-12300000.0,STOP,0.25075528700906347,0.5539906103286385,0.15438270169727975,1.0,0.0,0.009202453987730062,0.04827146726143062,0.517621406173246,7299325600.0,0.036585365853658534,-0.03048780487804878,0.042682926829268296,-0.04878048780487805,-0.04878048780487805,0.042682926829268296,-0.054878048780487805,-0.10975609756097561,0.042682926829268296,-0.14939024390243902,-0.04573170731707317,0.042682926829268296,-0.21341463414634146
KOSDAQ,KOSDAQ_BULL_V5_RET60_MAX_100_MA055,pre,BULL,2015-11-25,078150,HB테크놀러지,KOSDAQ,2015-12-11,2015-12-14,2016-02-16,0.26998050139275764,26998050.139275763,TRAIL,0.30606060606060603,0.36929460580912865,0.23279995018990093,1.0,0.0,0.0136986301369863,0.21112929623567922,0.8283074059090375,5523665250.0,0.008356545961002786,0.04735376044568245,0.08356545961002786,-0.03899721448467967,0.14763231197771587,0.1671309192200557,-0.03899721448467967,0.4735376044568245,0.5738161559888579,-0.03899721448467967,0.3871866295264624,0.6100278551532033,-0.03899721448467967
KOSDAQ,KOSDAQ_BULL_V5_RET60_MAX_100_MA055,pre,BULL,2016-03-16,160550,NEW,KOSDAQ,2016-03-23,2016-03-24,2016-04-06,-0.123,-12300000.0,STOP,0.3722397476340694,0.4541284403669725,0.40257211963895945,0.9333333333333333,0.06666666666666667,0.02258064516129032,0.13416815742397137,0.8004140338951629,22336327200.0,0.01892744479495268,-0.03785488958990536,0.07886435331230283,-0.04100946372239748,-0.1608832807570978,0.07886435331230283,-0.17034700315457413,-0.22082018927444794,0.07886435331230283,-0.2586750788643533,-0.23659305993690852,0.07886435331230283,-0.29337539432176657
KOSDAQ,KOSDAQ_BULL_V5_RET60_MAX_100_MA055,pre,BULL,2016-07-22,191420,테고사이언스,KOSDAQ,2016-07-29,2016-08-01,2016-08-05,-0.06857377049180328,-6857377.049180329,TRAIL,0.37955465587044535,0.7963636363636364,0.45604598039938105,1.0,0.0,0.1343804537521815,0.40890863769372493,1.854261599743457,19882460000.0,0.06408345752608048,-0.09090909090909091,0.3442622950819672,-0.11922503725782414,-0.12816691505216096,0.3442622950819672,-0.15052160953800298,-0.20417287630402384,0.3442622950819672,-0.22950819672131148,-0.3360655737704918,0.3442622950819672,-0.3591654247391952
KOSDAQ,KOSDAQ_BULL_V5_RET60_MAX_100_MA055,pre,BULL,2017-05-11,049950,미래컴퍼니,KOSDAQ,2017-05-18,2017-05-19,2017-06-19,0.32969961977186313,32969961.97718631,TRAIL,0.2517985611510791,0.9776422764227642,0.24663677130044842,0.9672131147540983,0.03278688524590164,0.05,0.1690046760187041,1.2699019063634893,6509737500.0,0.06653992395437262,0.16920152091254753,0.21102661596958175,-0.02091254752851711,0.23193916349809887,0.2509505703422053,-0.02091254752851711,0.33269961977186313,0.6825095057034221,-0.02091254752851711,0.3973384030418251,0.6825095057034221,-0.02091254752851711
KOSDAQ,KOSDAQ_BULL_V5_RET60_MAX_100_MA055,pre,BULL,2017-06-08,036000,예림당,KOSDAQ,2017-06-15,2017-06-16,2017-07-03,0.13360062565172054,13360062.565172054,TRAIL,0.3070776255707763,0.539543057996485,0.31587512204891965,0.9302325581395349,0.06976744186046512,0.09101251422070535,0.17632628028212205,1.591394951968729,5697562850.0,0.027111574556830033,0.23566214807090718,0.251303441084463,-0.027111574556830033,0.23566214807090718,0.42857142857142855,-0.027111574556830033,0.10531803962460896,0.42857142857142855,-0.027111574556830033,-0.0667361835245047,0.42857142857142855,-0.1032325338894682
KOSDAQ,KOSDAQ_BULL_V5_RET60_MAX_100_MA055,pre,BULL,2017-06-22,048530,인트론바이오,KOSDAQ,2017-06-29,2017-06-30,2017-07-14,-0.123,-12300000.0,STOP,0.27874015748031494,0.5450121654501217,0.2477484853446865,0.9459459459459459,0.05405405405405406,0.0830860534124629,0.23781263247138618,2.1556442507483022,27118478000.0,0.06685236768802229,-0.04874651810584958,0.116991643454039,-0.05988857938718663,-0.11281337047353761,0.116991643454039,-0.13370473537604458,-0.08913649025069638,0.116991643454039,-0.13370473537604458,-0.18523676880222842,0.116991643454039,-0.19220055710306408
KOSDAQ,KOSDAQ_BULL_V5_RET60_MAX_100_MA055,pre,BULL,2017-06-27,121850,코이즈,KOSDAQ,2017-07-04,2017-07-05,2017-07-18,0.029085561497326207,2908556.149732621,TRAIL,0.3563218390804598,0.5236427320490368,0.4125669751583049,0.9230769230769231,0.07692307692307693,0.07347876004592423,0.2988817114676669,1.7310251873193987,3646883350.0,0.023529411764705882,0.23529411764705882,0.2887700534759358,-0.0074866310160427805,-0.2,0.3422459893048128,-0.21390374331550802,-0.3893048128342246,0.3422459893048128,-0.4117647058823529,-0.3764705882352941,0.3422459893048128,-0.5010695187165776
KOSDAQ,KOSDAQ_BULL_V5_RET60_MAX_100_MA055,pre,BULL,2017-09-11,066970,엘앤에프,KOSDAQ,2017-09-18,2017-09-19,2017-09-20,-0.063,-6300000.0,EARLY_FAIL_CLOSE,0.348780487804878,0.8937644341801386,0.47845423402848725,1.0,0.0,0.008036739380022962,0.16152930281783304,0.6275440894008042,12959587300.0,0.032036613272311214,-0.18306636155606407,0.04576659038901602,-0.18764302059496568,-0.14073226544622425,0.04576659038901602,-0.2482837528604119,-0.23684210526315788,0.04576659038901602,-0.2757437070938215,-0.10297482837528604,0.10411899313501144,-0.2951945080091533
KOSDAQ,KOSDAQ_BULL_V5_RET60_MAX_100_MA055,pre,BULL,2017-11-07,095610,테스,KOSDAQ,2017-11-14,2017-11-15,2017-12-21,-0.123,-12300000.0,STOP,0.2587131367292225,0.27521367521367524,0.17372492460993832,1.0,0.0,0.06274007682458387,0.17066290550070523,1.1595778871127442,13528377500.0,0.04390243902439024,0.026829268292682926,0.06585365853658537,-0.025609756097560974,-0.0024390243902439024,0.06585365853658537,-0.03902439024390244,-0.06341463414634146,0.06585365853658537,-0.11707317073170732,-0.16463414634146342,0.06585365853658537,-0.21707317073170732
KOSDAQ,KOSDAQ_BULL_V5_RET60_MAX_100_MA055,pre,BULL,2018-01-10,112040,위메이드,KOSDAQ,2018-01-17,2018-01-18,2018-03-06,0.060316582914572855,6031658.291457285,MAX,0.34067085953878407,0.5411954765751211,0.19633825189148527,0.9565217391304348,0.043478260869565216,0.02265705458290422,0.026197488761432335,0.506581484123978,5906562600.0,0.035175879396984924,0.017085427135678392,0.0814070351758794,-0.009045226130653266,0.15175879396984926,0.15577889447236182,-0.009045226130653266,0.033165829145728645,0.1678391959798995,-0.06633165829145729,0.18391959798994975,0.19195979899497487,-0.09849246231155778
KOSDAQ,KOSDAQ_BULL_V5_RET60_MAX_100_MA055,pre,BULL,2018-01-15,141080,레고켐바이오,KOSDAQ,2018-01-22,2018-01-23,2018-02-06,-0.123,-12300000.0,STOP,0.27313769751693,0.5119453924914675,0.24371242074725694,0.9743589743589743,0.02564102564102564,0.022413793103448276,0.35419045444165337,0.7961956430008816,16084650600.0,0.008333333333333333,0.125,0.16,-0.041666666666666664,-0.08333333333333333,0.16,-0.15833333333333333,0.12,0.16,-0.15833333333333333,0.0033333333333333335,0.21666666666666667,-0.15833333333333333
KOSDAQ,KOSDAQ_BULL_V5_RET60_MAX_100_MA055,pre,BULL,2018-01-16,086890,이수앱지스,KOSDAQ,2018-01-23,2018-01-24,2018-02-07,-0.05205660377358491,-5205660.3773584915,TRAIL,0.3703056768558952,0.6937869822485208,0.38846783483902264,0.9444444444444444,0.05555555555555555,0.04819277108433735,0.23031960026397663,0.901930574724586,8065852650.0,0.05660377358490566,0.05660377358490566,0.20754716981132076,-0.011320754716981131,-0.04905660377358491,0.20754716981132076,-0.1018867924528302,0.01509433962264151,0.20754716981132076,-0.1018867924528302,-0.09056603773584905,0.20754716981132076,-0.1660377358490566
KOSDAQ,KOSDAQ_BULL_V5_RET60_MAX_100_MA055,pre,BULL,2018-01-18,086890,이수앱지스,KOSDAQ,2018-01-25,2018-01-26,2018-01-31,-0.063,-6300000.0,EARLY_FAIL_CLOSE,0.37165991902834006,0.8029197080291971,0.46980065456709313,0.9487179487179487,0.05128205128205128,0.10320284697508897,0.3765541740674956,1.525089811904849,18082145000.0,0.022950819672131147,-0.07540983606557378,0.04918032786885246,-0.14754098360655737,-0.12786885245901639,0.04918032786885246,-0.21967213114754097,-0.15081967213114755,0.04918032786885246,-0.21967213114754097,-0.22950819672131148,0.04918032786885246,-0.2754098360655738
KOSDAQ,KOSDAQ_BULL_V5_RET60_MAX_100_MA055,pre,BULL,2018-01-23,014190,원익큐브,KOSDAQ,2018-01-30,2018-01-31,2018-02-28,0.11314173228346457,11314173.228346456,TRAIL,0.3008474576271186,0.3074792243767313,0.16246613578523927,1.0,0.0,0.03877551020408163,0.11843550867941112,0.5474320613738736,3674585525.0,0.14960629921259844,0.1377952755905512,0.27755905511811024,-0.027559055118110236,0.1732283464566929,0.31496062992125984,-0.027559055118110236,0.15551181102362205,0.4448818897637795,-0.027559055118110236,0.07283464566929133,0.4448818897637795,-0.027559055118110236
KOSDAQ,KOSDAQ_BULL_V5_RET60_MAX_100_MA055,pre,BULL,2018-02-01,030790,동양네트웍스,KOSDAQ,2018-02-08,2018-02-09,2018-03-26,0.22616666666666665,22616666.666666664,TRAIL,0.3382352941176471,0.29936305732484075,0.2442185514612453,0.9574468085106383,0.0425531914893617,0.08260869565217391,0.2997520553308104,0.7499983990158411,7552877160.0,0.035416666666666666,0.12291666666666666,0.15625,-0.06041666666666667,0.19166666666666668,0.2708333333333333,-0.06041666666666667,0.3958333333333333,0.5375,-0.06041666666666667,0.60625,0.93125,-0.06041666666666667
KOSDAQ,KOSDAQ_BULL_V5_RET60_MAX_100_MA055,pre,BULL,2018-06-12,042000,카페24,KOSDAQ,2018-06-20,2018-06-21,2018-06-26,-0.063,-6300000.0,EARLY_FAIL_CLOSE,0.2866779089376054,0.7951564076690212,0.28524984948826015,1.0,0.0,0.07820895522388059,0.07656999791362404,0.6728780041766077,22380493800.0,0.021666666666666667,-0.042222222222222223,0.04388888888888889,-0.11388888888888889,-0.034444444444444444,0.04388888888888889,-0.11388888888888889,0.04055555555555555,0.13666666666666666,-0.11388888888888889,-0.1238888888888889,0.13666666666666666,-0.22944444444444445
KOSDAQ,KOSDAQ_BULL_V5_RET60_MAX_100_MA055,pre,BULL,2018-06-12,091580,상신이디피,KOSDAQ,2018-06-20,2018-06-21,2018-08-02,0.004326007326007326,432600.7326007326,MAX,0.2785714285714286,0.21739130434782608,0.17581187010078395,0.95,0.05,0.04198473282442748,0.11088504577822991,0.8904832461754015,4222750350.0,0.018315018315018316,-0.003663003663003663,0.07326007326007326,-0.05128205128205128,-0.02564102564102564,0.08058608058608059,-0.06593406593406594,0.10622710622710622,0.20146520146520147,-0.07326007326007326,0.28205128205128205,0.34065934065934067,-0.1282051282051282
KOSDAQ,KOSDAQ_BULL_V5_RET60_MAX_100_MA055,pre,BULL,2018-09-14,003670,포스코켐텍,KOSDAQ,2018-09-21,2018-09-27,2018-10-11,-0.123,-12300000.0,STOP,0.3321060382916053,0.6014150943396226,0.32354374451772205,1.0,0.0,0.022857142857142857,0.10981942183988219,0.6545101984444157,32684182800.0,0.06406685236768803,-0.0988857938718663,0.13231197771587744,-0.11420612813370473,-0.06128133704735376,0.13231197771587744,-0.13788300835654596,-0.08635097493036212,0.13231197771587744,-0.13788300835654596,-0.10306406685236769,0.13231197771587744,-0.21030640668523676
KOSDAQ,KOSDAQ_BULL_V5_RET60_MAX_100_MA055,pre,BULL,2019-01-23,048470,대동스틸,KOSDAQ,2019-01-30,2019-01-31,2019-02-20,-0.123,-12300000.0,STOP,0.346031746031746,0.39226519337016574,0.1809363137916491,1.0,0.0,0.06302521008403361,0.06079664570230608,0.9620493701574154,5185007300.0,0.007905138339920948,-0.023715415019762844,0.07509881422924901,-0.03162055335968379,-0.06324110671936758,0.07509881422924901,-0.07114624505928854,-0.33359683794466405,0.07509881422924901,-0.3683794466403162,-0.38102766798418974,0.07509881422924901,-0.39446640316205533
KOSDAQ,KOSDAQ_BULL_V5_RET60_MAX_100_MA055,pre,BULL,2019-02-14,032820,우리기술,KOSDAQ,2019-02-21,2019-02-22,2019-02-28,-0.123,-12300000.0,STOP,0.26936026936026936,0.3623853211009174,0.20153732047737838,1.0,0.0,0.03367003367003367,0.09642857142857143,0.9335408665490416,6017988990.0,0.012861736334405145,-0.1639871382636656,0.08360128617363344,-0.24115755627009647,-0.2315112540192926,0.08360128617363344,-0.24115755627009647,-0.06752411575562701,0.08360128617363344,-0.24115755627009647,-0.18971061093247588,0.08360128617363344,-0.2797427652733119
KOSDAQ,KOSDAQ_BULL_V5_RET60_MAX_100_MA055,pre,BULL,2019-04-04,029960,코엔텍,KOSDAQ,2019-04-11,2019-04-12,2019-05-28,0.024149321266968327,2414932.126696833,MAX,0.26239669421487605,0.37110481586402266,0.2053793790469865,1.0,0.0,0.0,0.13348170384555666,0.570096111133125,4789256250.0,0.027149321266968326,0.004524886877828055,0.05429864253393665,-0.004524886877828055,-0.01809954751131222,0.08597285067873303,-0.04524886877828054,0.13574660633484162,0.17194570135746606,-0.04524886877828054,0.0,0.2081447963800905,-0.04524886877828054
KOSDAQ,KOSDAQ_BULL_V5_RET60_MAX_100_MA055,pre,BULL,2019-04-11,043370,평화정공,KOSDAQ,2019-04-18,2019-04-19,2019-04-26,-0.123,-12300000.0,STOP,0.2542056074766355,0.6212121212121212,0.28133482356698075,0.9523809523809523,0.047619047619047616,0.07906976744186046,0.1859728044167263,4.720439399359763,5028089600.0,0.017241379310344827,-0.11637931034482758,0.04310344827586207,-0.1413793103448276,-0.17413793103448275,0.04310344827586207,-0.1810344827586207,-0.27586206896551724,0.04310344827586207,-0.28706896551724137,-0.23017241379310344,0.04310344827586207,-0.3146551724137931
KOSDAQ,KOSDAQ_BULL_V5_RET60_MAX_100_MA055,pre,BULL,2019-06-13,179900,유티아이,KOSDAQ,2019-06-20,2019-06-21,2019-06-24,-0.063,-6300000.0,EARLY_FAIL_CLOSE,0.2774725274725275,0.6697247706422018,0.07985166872682316,1.0,0.0,0.021791767554479417,0.14054054054054055,1.5044217263361457,5567804700.0,0.054373522458628844,-0.1016548463356974,0.06619385342789598,-0.12529550827423167,-0.14893617021276595,0.06619385342789598,-0.2127659574468085,0.2222222222222222,0.33569739952718675,-0.2127659574468085,-0.0070921985815602835,0.33569739952718675,-0.2198581560283688
KOSDAQ,KOSDAQ_BULL_V5_RET60_MAX_100_MA055,pre,BULL,2019-11-12,131760,파인텍,KOSDAQ,2019-11-19,2019-11-20,2019-11-29,0.08790909090909091,8790909.090909092,TRAIL,0.2535211267605634,0.3209302325581395,0.25998225377107365,1.0,0.0,0.04106280193236715,0.61847540368006,0.7301970106902816,7453306705.0,0.20813397129186603,0.11722488038277512,0.38995215311004783,0.0,0.05263157894736842,0.38995215311004783,0.0,0.045454545454545456,0.38995215311004783,-0.12200956937799043,0.023923444976076555,0.38995215311004783,-0.12200956937799043
KOSDAQ,KOSDAQ_BULL_V5_RET60_MAX_100_MA055,pre,BULL,2019-12-18,293780,압타바이오,KOSDAQ,2019-12-26,2019-12-27,2020-01-15,-0.123,-12300000.0,STOP,0.3708838821490468,0.7379518072289156,0.5030608257717187,1.0,0.0,0.06357388316151202,0.28743760399334445,0.947243699166583,61678645600.0,0.03685897435897436,-0.003205128205128205,0.1233974358974359,-0.03365384615384615,-0.09294871794871795,0.1233974358974359,-0.09615384615384616,-0.22275641025641027,0.1233974358974359,-0.23397435897435898,-0.4935897435897436,0.1233974358974359,-0.6089743589743589
KOSDAQ,KOSDAQ_BULL_V5_RET60_MAX_100_MA055,pre,BULL,2020-01-09,089890,코세스,KOSDAQ,2020-01-16,2020-01-17,2020-01-30,-0.123,-12300000.0,STOP,0.31808278867102396,0.22237017310252996,0.22161107168204394,0.9560439560439561,0.04395604395604396,0.08599779492833518,0.15353085841433423,2.011864085058936,5475821850.0,0.015,-0.09,0.06,-0.109,-0.153,0.06,-0.21,-0.207,0.06,-0.219,-0.417,0.06,-0.674
KOSDAQ,KOSDAQ_BULL_V5_RET60_MAX_100_MA055,pre,BULL,2020-01-09,036200,유니셈,KOSDAQ,2020-01-16,2020-01-17,2020-02-28,-0.123,-12300000.0,STOP,0.2689655172413793,0.2622415669205658,0.20300751879699247,1.0,0.0,0.07993197278911565,0.1567538027142727,2.6814840654721848,16825404500.0,0.012345679012345678,-0.004629629629629629,0.06172839506172839,-0.06481481481481481,-0.026234567901234566,0.06172839506172839,-0.11265432098765432,-0.0015432098765432098,0.09876543209876543,-0.11265432098765432,-0.279320987654321,0.09876543209876543,-0.5146604938271605
KOSDAQ,KOSDAQ_BULL_V5_RET60_MAX_100_MA055,pre,BULL,2020-04-17,053030,바이넥스,KOSDAQ,2020-04-24,2020-04-27,2020-06-11,0.1568360655737705,15683606.55737705,MAX,0.3323809523809524,0.35834411384217335,0.24059706195108513,0.9714285714285714,0.02857142857142857,0.15165876777251186,0.1397748592870544,5.070003454526004,199440172350.0,0.00819672131147541,-0.04918032786885246,0.06147540983606557,-0.05327868852459016,0.00819672131147541,0.07377049180327869,-0.06147540983606557,0.02459016393442623,0.22540983606557377,-0.06147540983606557,0.5327868852459017,0.6270491803278688,-0.06147540983606557
KOSDAQ,KOSDAQ_BULL_V5_RET60_MAX_100_MA055,pre,BULL,2020-05-06,068760,셀트리온제약,KOSDAQ,2020-05-13,2020-05-14,2020-08-06,0.455133971291866,45513397.1291866,MAX,0.2600276625172891,0.6678200692041523,0.33777407715792396,1.0,0.0,0.08974358974358974,0.16033035287693673,2.5931381578428288,403678685000.0,0.01076555023923445,0.028708133971291867,0.09808612440191387,-0.03708133971291866,0.03229665071770335,0.09808612440191387,-0.03708133971291866,0.5992822966507177,0.7045454545454546,-0.03708133971291866,0.458133971291866,0.7284688995215312,-0.03708133971291866
KOSDAQ,KOSDAQ_BULL_V5_RET60_MAX_100_MA055,pre,BULL,2020-05-19,095700,제넥신,KOSDAQ,2020-05-26,2020-05-27,2020-08-20,0.7153288409703504,71532884.09703505,MAX,0.29250720461095103,0.24372759856630824,0.14202652112502234,0.9333333333333333,0.06666666666666667,0.019204389574759947,0.0594610009981463,0.5365288515307008,29730922100.0,0.02021563342318059,0.005390835579514825,0.10242587601078167,-0.03908355795148248,0.0673854447439353,0.10242587601078167,-0.03908355795148248,0.330188679245283,0.49595687331536387,-0.03908355795148248,0.7183288409703504,0.9474393530997305,-0.03908355795148248
KOSDAQ,KOSDAQ_BULL_V5_RET60_MAX_100_MA055,pre,BULL,2020-05-22,065370,위세아이텍,KOSDAQ,2020-05-29,2020-06-01,2020-06-15,-0.123,-12300000.0,STOP,0.31010452961672474,0.3411214953271028,0.38656274156145315,0.9354838709677419,0.06451612903225806,0.05067567567567568,0.10518834399431415,3.5979323605885525,6113124850.0,0.07371794871794872,0.022435897435897436,0.08974358974358974,-0.009615384615384616,-0.11217948717948718,0.08974358974358974,-0.13141025641025642,-0.0673076923076923,0.08974358974358974,-0.13782051282051283,0.3942307692307692,0.7115384615384616,-0.13782051282051283
KOSDAQ,KOSDAQ_BULL_V5_RET60_MAX_100_MA055,pre,BULL,2020-05-25,214450,파마리서치프로덕트,KOSDAQ,2020-06-01,2020-06-02,2020-07-14,-0.012041591320072334,-1204159.1320072333,MAX,0.29852125693160814,0.2170978627671541,0.29671427144711865,0.9347826086956522,0.06521739130434782,0.06095238095238095,0.11394430278486076,1.7039841537934426,16524017700.0,0.027124773960216998,0.007233273056057866,0.07956600361663653,-0.02531645569620253,0.0379746835443038,0.12115732368896925,-0.0325497287522604,-0.018083182640144666,0.12115732368896925,-0.034358047016274866,0.2766726943942134,0.4050632911392405,-0.05244122965641953
KOSDAQ,KOSDAQ_BULL_V5_RET60_MAX_100_MA055,pre,BULL,2020-05-28,230360,에코마케팅,KOSDAQ,2020-06-04,2020-06-05,2020-07-17,0.061558629776021084,6155862.977602108,MAX,0.27717391304347827,0.42359767891682787,0.2987089374466959,0.9886363636363636,0.011363636363636364,0.07972027972027972,0.05949358402525218,3.0286988572662414,26178404200.0,0.01844532279314888,-0.015810276679841896,0.08959156785243742,-0.06455862977602109,-0.019762845849802372,0.08959156785243742,-0.06455862977602109,0.07905138339920949,0.09354413702239789,-0.07114624505928854,-0.22397891963109354,0.549407114624506,-0.2872200263504611
KOSDAQ,KOSDAQ_BULL_V5_RET60_MAX_100_MA055,pre,BULL,2020-06-02,115480,씨유메디칼,KOSDAQ,2020-06-09,2020-06-10,2020-06-15,-0.063,-6300000.0,EARLY_FAIL_CLOSE,0.25405405405405407,0.3089622641509434,0.14764267990074442,1.0,0.0,0.01078582434514638,0.19316114950891233,2.3517770213316127,28101363920.0,0.045871559633027525,-0.13608562691131498,0.07951070336391437,-0.16666666666666666,-0.03058103975535168,0.07951070336391437,-0.16666666666666666,-0.10703363914373089,0.07951070336391437,-0.16666666666666666,0.06574923547400612,0.31345565749235477,-0.23547400611620795
KOSDAQ,KOSDAQ_BULL_V5_RET60_MAX_100_MA055,pre,BULL,2020-06-04,216050,인크로스,KOSDAQ,2020-06-11,2020-06-12,2020-09-07,0.7836666666666666,78366666.66666666,MAX,0.30491803278688523,0.2681912681912682,0.4169570267131243,0.9629629629629629,0.037037037037037035,0.035175879396984924,0.12292177705096756,0.4787475729535826,3485303700.0,0.006666666666666667,0.016666666666666666,0.09333333333333334,-0.06,0.08,0.12833333333333333,-0.06,0.06666666666666667,0.2,-0.06,0.7866666666666666,0.96,-0.06
KOSDAQ,KOSDAQ_BULL_V5_RET60_MAX_100_MA055,pre,BULL,2020-06-12,121600,나노신소재,KOSDAQ,2020-06-19,2020-06-22,2020-08-18,0.9920738916256158,99207389.16256158,TRAIL,0.27384615384615385,0.5330188679245284,0.24540159411404047,0.9310344827586207,0.06896551724137931,0.02743142144638404,0.20432622040339082,1.7607404309553345,12319953600.0,0.034482758620689655,-0.034482758620689655,0.1206896551724138,-0.04433497536945813,0.05172413793103448,0.1206896551724138,-0.0665024630541872,0.31527093596059114,0.4433497536945813,-0.0665024630541872,1.0,1.5714285714285714,-0.0665024630541872
KOSDAQ,KOSDAQ_BULL_V5_RET60_MAX_100_MA055,pre,BULL,2020-07-24,045300,성우테크론,KOSDAQ,2020-07-31,2020-08-03,2020-08-06,0.07392307692307692,7392307.692307692,TRAIL,0.2639821029082774,0.3586626139817629,0.18188828908229587,0.9523809523809523,0.047619047619047616,0.12371134020618557,0.2566290062255015,3.019322700873989,4606885000.0,0.06227106227106227,0.24358974358974358,0.3553113553113553,-0.0018315018315018315,0.30036630036630035,0.5201465201465202,-0.0018315018315018315,0.29120879120879123,0.6190476190476191,-0.0018315018315018315,-0.12454212454212454,0.6190476190476191,-0.14835164835164835
KOSDAQ,KOSDAQ_BULL_V5_RET60_MAX_100_MA055,pre,BULL,2020-07-27,036480,대성미생물,KOSDAQ,2020-08-03,2020-08-04,2020-08-21,-0.123,-12300000.0,STOP,0.37047353760445684,0.31985294117647056,0.15769106739761368,1.0,0.0,0.037463976945244955,0.02069747660901616,1.3188803872179344,5000832000.0,0.011111111111111112,0.022222222222222223,0.07222222222222222,-0.016666666666666666,-0.04722222222222222,0.07222222222222222,-0.075,-0.016666666666666666,0.07222222222222222,-0.12222222222222222,-0.1361111111111111,0.07222222222222222,-0.18333333333333332
KOSDAQ,KOSDAQ_BULL_V5_RET60_MAX_100_MA055,pre,BULL,2020-08-11,021080,에이티넘인베스트,KOSDAQ,2020-08-19,2020-08-20,2020-09-10,-0.07238775510204082,-7238775.510204081,TRAIL,0.3199152542372881,0.40476190476190477,0.35541303723556994,1.0,0.0,0.03225806451612903,0.17230431066064233,0.6108911579109043,4134261600.0,0.04897959183673469,0.03469387755102041,0.12653061224489795,-0.04693877551020408,0.11632653061224489,0.2163265306122449,-0.04693877551020408,-0.1326530612244898,0.2163265306122449,-0.1469387755102041,0.12653061224489795,0.2938775510204082,-0.22857142857142856
KOSDAQ,KOSDAQ_BULL_V5_RET60_MAX_100_MA055,pre,BULL,2020-09-04,074600,원익QnC,KOSDAQ,2020-09-11,2020-09-14,2020-10-15,-0.123,-12300000.0,STOP,0.28869047619047616,0.21299638989169675,0.1661267931513189,0.9333333333333333,0.06666666666666667,0.01488095238095238,0.09822866344605476,0.42287229495935946,7992204550.0,0.011661807580174927,0.023323615160349854,0.06997084548104957,-0.03206997084548105,-0.03498542274052478,0.06997084548104957,-0.07580174927113703,-0.11078717201166181,0.06997084548104957,-0.13119533527696792,0.08454810495626822,0.13702623906705538,-0.1924198250728863
KOSDAQ,KOSDAQ_BULL_V5_RET60_MAX_100_MA055,pre,BULL,2020-09-11,278280,천보,KOSDAQ,2020-09-18,2020-09-21,2020-09-23,-0.063,-6300000.0,EARLY_FAIL_CLOSE,0.33725490196078434,0.5887850467289719,0.28535424250910113,1.0,0.0,0.0595446584938704,0.13903793655276286,1.6014499032079288,106177318500.0,0.026595744680851064,-0.14680851063829786,0.12925531914893618,-0.21968085106382979,-0.10053191489361703,0.12925531914893618,-0.21968085106382979,-0.24202127659574468,0.12925531914893618,-0.25585106382978723,-0.017553191489361703,0.12925531914893618,-0.3069148936170213
KOSDAQ,KOSDAQ_BULL_V5_RET60_MAX_100_MA055,pre,BULL,2020-09-11,074600,원익QnC,KOSDAQ,2020-09-18,2020-09-21,2020-09-24,-0.063,-6300000.0,EARLY_FAIL_CLOSE,0.2844574780058651,0.32170542635658916,0.15527950310559002,1.0,0.0,0.011764705882352941,0.05683563748079877,0.4043673014332484,7152654400.0,0.014450867052023121,-0.04335260115606936,0.046242774566473986,-0.0838150289017341,-0.04046242774566474,0.046242774566473986,-0.0838150289017341,-0.13005780346820808,0.046242774566473986,-0.15606936416184972,0.2138728323699422,0.2630057803468208,-0.1994219653179191
KOSDAQ,KOSDAQ_BULL_V5_RET60_MAX_100_MA055,pre,BULL,2020-10-13,104620,노랑풍선,KOSDAQ,2020-10-20,2020-10-21,2020-12-23,0.07504878048780488,7504878.048780488,TRAIL,0.3620689655172414,0.5797665369649806,0.35138133806723626,1.0,0.0,0.04859335038363171,0.1759644342463789,0.805137021627755,4800239000.0,0.02926829268292683,-0.014634146341463415,0.1073170731707317,-0.0951219512195122,-0.004878048780487805,0.1073170731707317,-0.0951219512195122,0.2097560975609756,0.37073170731707317,-0.0951219512195122,0.14634146341463414,0.37073170731707317,-0.0951219512195122
KOSDAQ,KOSDAQ_BULL_V5_RET60_MAX_100_MA055,pre,BULL,2020-11-11,030790,비케이탑스,KOSDAQ,2020-11-18,2020-11-19,2020-11-30,0.8584457831325302,85844578.31325302,TRAIL,0.30042918454935624,0.34942084942084944,0.24622996122245822,1.0,0.0,0.10246433203631647,0.27906101873448197,3.8594916197608904,9899066000.0,0.2289156626506024,1.1204819277108433,1.427710843373494,0.0,1.1927710843373494,1.427710843373494,0.0,1.036144578313253,1.427710843373494,0.0,0.8433734939759037,1.427710843373494,0.0
KOSDAQ,KOSDAQ_BULL_V5_RET60_MAX_100_MA055,pre,BULL,2020-12-02,066970,엘앤에프,KOSDAQ,2020-12-09,2020-12-10,2021-02-23,0.3135735567970205,31357355.679702047,TRAIL,0.27849264705882354,0.2830188679245283,0.2995958670940257,0.9629629629629629,0.037037037037037035,0.035916824196597356,0.1473436273226904,0.8790139344136912,49125405200.0,0.01303538175046555,0.33519553072625696,0.4376163873370577,-0.0335195530726257,0.29608938547486036,0.4376163873370577,-0.0335195530726257,0.3817504655493482,0.5512104283054003,-0.0335195530726257,0.33519553072625696,0.6703910614525139,-0.0335195530726257
KOSDAQ,KOSDAQ_BULL_V5_RET60_MAX_100_MA055,pre,BULL,2020-12-23,244460,올리패스,KOSDAQ,2021-01-04,2021-01-05,2021-01-11,-0.123,-12300000.0,STOP,0.3072033898305085,0.36023054755043227,0.22938010071192907,1.0,0.0,0.0035650623885918,0.16914131450524347,0.5593360023250258,7980243500.0,0.03790613718411552,-0.1371841155234657,0.03790613718411552,-0.16967509025270758,-0.15703971119133575,0.03790613718411552,-0.20938628158844766,0.07942238267148015,0.20397111913357402,-0.20938628158844766,-0.6747292418772564,0.30324909747292417,-0.6808664259927798
KOSDAQ,KOSDAQ_BULL_V5_RET60_MAX_100_MA055,pre,BULL,2021-01-04,044060,조광ILI,KOSDAQ,2021-01-11,2021-01-12,2021-01-13,-0.063,-6300000.0,EARLY_FAIL_CLOSE,0.3757894736842105,0.49842271293375395,0.11725273432906033,1.0,0.0,0.21875,0.3968481375358166,5.316743266755313,59357543700.0,0.03139013452914798,-0.14349775784753363,0.08968609865470852,-0.16143497757847533,-0.10762331838565023,0.08968609865470852,-0.16143497757847533,-0.12914798206278028,0.08968609865470852,-0.19551569506726457,-0.17668161434977578,0.08968609865470852,-0.21345291479820627
KOSDAQ,KOSDAQ_BULL_V5_RET60_MAX_100_MA055,pre,BULL,2021-01-13,160980,싸이맥스,KOSDAQ,2021-01-20,2021-01-21,2021-03-05,-0.123,-12300000.0,STOP,0.26329113924050634,0.3715277777777778,0.1976350497751277,0.9444444444444444,0.05555555555555555,0.06310679611650485,0.09527381845461365,2.5658198906947955,19069227900.0,0.02288329519450801,-0.032036613272311214,0.09153318077803203,-0.04805491990846682,0.0,0.09153318077803203,-0.11212814645308924,-0.011441647597254004,0.09153318077803203,-0.11212814645308924,0.2036613272311213,0.2128146453089245,-0.1853546910755149
KOSDAQ,KOSDAQ_BULL_V5_RET60_MAX_100_MA055,pre,BULL,2021-01-20,214260,라파스,KOSDAQ,2021-01-27,2021-01-28,2021-03-16,0.015145161290322583,1514516.1290322582,MAX,0.3122448979591837,0.2564102564102564,0.06263779954458386,0.9375,0.0625,0.0199203187250996,0.038434235878714126,0.4374428990743738,3906432000.0,0.07258064516129033,0.09475806451612903,0.30443548387096775,-0.038306451612903226,0.11088709677419355,0.30443548387096775,-0.038306451612903226,-0.008064516129032258,0.30443548387096775,-0.038306451612903226,0.40524193548387094,0.42338709677419356,-0.038306451612903226
KOSDAQ,KOSDAQ_BULL_V5_RET60_MAX_100_MA055,pre,BULL,2021-03-26,246690,TS인베스트먼트,KOSDAQ,2021-04-02,2021-04-05,2021-04-12,-0.123,-12300000.0,STOP,0.3610503282275711,0.3480825958702065,0.18737279695145712,1.0,0.0,0.2638623326959847,0.446310376894043,2.8219380557492384,182615468110.0,0.03235294117647059,-0.13088235294117648,0.43823529411764706,-0.17647058823529413,-0.31691176470588234,0.43823529411764706,-0.3205882352941177,-0.43014705882352944,0.43823529411764706,-0.4345588235294118,-0.36911764705882355,0.43823529411764706,-0.4713235294117647
KOSDAQ,KOSDAQ_BULL_V5_RET60_MAX_100_MA055,pre,BULL,2021-04-12,084370,유진테크,KOSDAQ,2021-04-19,2021-04-20,2021-05-04,-0.123,-12300000.0,STOP,0.2593320235756385,0.39261285909712723,0.23286841733443667,0.9259259259259259,0.07407407407407407,0.020872865275142316,0.1244056638277862,1.1302398476672686,17831794800.0,0.007547169811320755,-0.03962264150943396,0.007547169811320755,-0.05660377358490566,-0.09622641509433963,0.007547169811320755,-0.12735849056603774,-0.07452830188679245,0.007547169811320755,-0.17641509433962263,-0.17075471698113207,0.007547169811320755,-0.20849056603773586
KOSDAQ,KOSDAQ_BULL_V5_RET60_MAX_100_MA055,pre,BULL,2021-06-11,010470,오리콤,KOSDAQ,2021-06-18,2021-06-21,2021-06-23,-0.063,-6300000.0,EARLY_FAIL_CLOSE,0.36885245901639346,0.3382084095063985,0.16378282413418485,1.0,0.0,0.24263839811542992,0.46081417889781223,7.461934614656637,82726991550.0,0.036585365853658534,-0.12601626016260162,0.10569105691056911,-0.15853658536585366,-0.13414634146341464,0.10569105691056911,-0.15853658536585366,-0.2552845528455285,0.10569105691056911,-0.2601626016260163,-0.3747967479674797,0.10569105691056911,-0.4065040650406504
KOSDAQ,KOSDAQ_BULL_V5_RET60_MAX_100_MA055,pre,BULL,2021-11-25,083450,GST,KOSDAQ,2021-12-02,2021-12-03,2022-01-17,-0.00019101123595505632,-19101.123595505633,MAX,0.31341107871720114,0.20350877192982456,0.18275862068965518,0.9661016949152542,0.03389830508474576,0.0781010719754977,0.06666666666666667,1.4501113688791814,19913379200.0,0.023876404494382022,0.012640449438202247,0.08146067415730338,-0.023876404494382022,-0.0056179775280898875,0.08146067415730338,-0.026685393258426966,0.05196629213483146,0.08146067415730338,-0.028089887640449437,-0.07584269662921349,0.08146067415730338,-0.11235955056179775
KOSDAQ,KOSDAQ_BULL_V5_RET60_MAX_100_MA055,train,BULL,2022-07-20,388050,지투파워,KOSDAQ,2022-07-27,2022-07-28,2022-08-09,-0.123,-12300000.0,STOP,0.3557312252964427,0.5089463220675944,0.35673002442948215,1.0,0.0,0.29045643153526973,0.30407435879516387,0.7255281637616654,47648310000.0,0.05566218809980806,-0.0854126679462572,0.12859884836852206,-0.09404990403071017,-0.7024952015355086,0.12859884836852206,-0.7706333973128598,-0.7687140115163148,0.12859884836852206,-0.7907869481765835,-0.8374280230326295,0.12859884836852206,-0.8986564299424185
KOSDAQ,KOSDAQ_BULL_V5_RET60_MAX_100_MA055,train,BULL,2022-11-09,032190,다우데이타,KOSDAQ,2022-11-16,2022-11-17,2023-02-14,1.1680526315789475,116805263.15789475,MAX,0.2542857142857143,0.5151515151515151,0.27706154220384327,0.972972972972973,0.02702702702702703,0.07042253521126761,0.3667016334482242,2.600328083475593,11733404400.0,0.07675438596491228,0.02412280701754386,0.09649122807017543,-0.07675438596491228,0.32456140350877194,0.35964912280701755,-0.07675438596491228,0.24342105263157895,0.4298245614035088,-0.07675438596491228,1.1710526315789473,1.412280701754386,-0.07675438596491228
KOSDAQ,KOSDAQ_BULL_V5_RET60_MAX_100_MA055,train,BULL,2023-01-20,093640,다믈멀티미디어,KOSDAQ,2023-01-31,2023-02-01,2023-02-24,-0.123,-12300000.0,STOP,0.37758346581875996,0.3673913043478261,0.3188886947405206,1.0,0.0,0.12894736842105264,0.458377597416394,8.754684693423291,97341472800.0,0.032,0.1,0.211,-0.095,0.003,0.211,-0.095,0.027,0.211,-0.123,-0.21,0.28,-0.242
KOSDAQ,KOSDAQ_BULL_V5_RET60_MAX_100_MA055,train,BULL,2023-02-01,314140,알피바이오,KOSDAQ,2023-02-08,2023-02-09,2023-03-10,-0.123,-12300000.0,STOP,0.3225806451612903,0.24541484716157205,0.08874354210673661,0.9363636363636364,0.06363636363636363,0.06215846994535519,0.08729853511869384,1.3612661404053639,8430961200.0,0.04871794871794872,-0.016025641025641024,0.11602564102564103,-0.046794871794871795,0.032692307692307694,0.11602564102564103,-0.07051282051282051,-0.11474358974358974,0.11602564102564103,-0.1282051282051282,-0.21474358974358973,0.11602564102564103,-0.22179487179487178
KOSDAQ,KOSDAQ_BULL_V5_RET60_MAX_100_MA055,train,BULL,2023-02-14,247540,에코프로비엠,KOSDAQ,2023-02-21,2023-02-22,2023-04-26,0.521198617221873,52119861.7221873,TRAIL,0.3238434163701068,0.26805054151624547,0.332237621884729,0.9464285714285714,0.05357142857142857,0.09164969450101833,0.28598848368522073,2.0949944049366356,742290909600.0,0.008799497171590195,0.003771213073538655,0.07605279698302954,-0.05342551854179761,0.2884978001257071,0.3639220615964802,-0.05342551854179761,0.47705845380263984,0.6499057196731616,-0.05342551854179761,0.4864864864864865,0.983029541169076,-0.05342551854179761
KOSDAQ,KOSDAQ_BULL_V5_RET60_MAX_100_MA055,train,BULL,2023-03-24,042600,새로닉스,KOSDAQ,2023-03-31,2023-04-03,2023-04-12,0.18554415274463007,18554415.274463005,TRAIL,0.3056,0.9470404984423676,0.4658056849807687,0.9848484848484849,0.015151515151515152,0.06744868035190615,0.2179004600585529,1.2440695858113904,21140028000.0,0.013126491646778043,0.5823389021479713,0.7637231503579952,-0.03937947494033413,0.36754176610978523,0.7637231503579952,-0.03937947494033413,0.028639618138424822,0.7637231503579952,-0.03937947494033413,-0.0405727923627685,0.7637231503579952,-0.08233890214797136
KOSDAQ,KOSDAQ_BULL_V5_RET60_MAX_100_MA055,train,BULL,2023-03-29,064520,테크엘,KOSDAQ,2023-04-05,2023-04-06,2023-04-28,-0.123,-12300000.0,STOP,0.29380053908355797,0.30633802816901406,0.1874849963991358,1.0,0.0,0.056578947368421055,0.08550185873605948,3.1195310260310714,4451960480.0,0.07448107448107448,0.042735042735042736,0.1282051282051282,-0.01098901098901099,0.01098901098901099,0.1282051282051282,-0.11233211233211234,-0.15873015873015872,0.1282051282051282,-0.2490842490842491,-0.3492063492063492,0.1282051282051282,-0.3833943833943834
KOSDAQ,KOSDAQ_BULL_V5_RET60_MAX_100_MA055,train,BULL,2023-04-04,140410,메지온,KOSDAQ,2023-04-11,2023-04-12,2023-05-26,0.44557142857142856,44557142.85714286,MAX,0.380265435660704,0.3434108527131783,0.1480242456361167,0.9555555555555556,0.044444444444444446,0.041666666666666664,0.026754283032152076,0.5149634770630658,4830840000.0,0.05657142857142857,0.2,0.23714285714285716,-0.012,0.28285714285714286,0.30857142857142855,-0.012,0.4257142857142857,0.6771428571428572,-0.012,1.2228571428571429,1.7971428571428572,-0.012
KOSDAQ,KOSDAQ_BULL_V5_RET60_MAX_100_MA055,train,BULL,2023-05-19,322510,제이엘케이,KOSDAQ,2023-05-26,2023-05-30,2023-06-13,0.027303030303030305,2730303.0303030303,TRAIL,0.3476005188067445,0.6945054945054945,0.32696527688137345,0.9411764705882353,0.058823529411764705,0.03958333333333333,0.44157157301747796,1.6817377978881982,6464095900.0,0.12626262626262627,0.25757575757575757,0.295959595959596,-0.020202020202020204,0.050505050505050504,0.295959595959596,-0.020202020202020204,0.6595959595959596,0.9191919191919192,-0.020202020202020204,1.9595959595959596,2.9444444444444446,-0.020202020202020204
KOSDAQ,KOSDAQ_BULL_V5_RET60_MAX_100_MA055,train,BULL,2023-05-22,035900,JYP Ent.,KOSDAQ,2023-05-30,2023-05-31,2023-07-13,0.09691673605328892,9691673.605328891,MAX,0.32690622261174407,0.5013157894736842,0.36295765394493223,0.967391304347826,0.03260869565217391,0.06818181818181818,0.1669770328988206,1.2286606200786057,102832277600.0,0.01582014987510408,0.06827643630308076,0.08492922564529559,-0.014154870940882597,0.14071606994171523,0.15487094088259784,-0.014154870940882597,0.03996669442131557,0.17069109075770192,-0.014154870940882597,-0.0791007493755204,0.2206494587843464,-0.09658617818484597
KOSDAQ,KOSDAQ_BULL_V5_RET60_MAX_100_MA055,train,BULL,2023-05-23,336570,원텍,KOSDAQ,2023-05-31,2023-06-01,2023-08-28,0.6644816625916871,66448166.25916871,MAX,0.2851758793969849,0.4038800705467372,0.22732178650357193,0.9411764705882353,0.058823529411764705,0.033962264150943396,0.07080049501726048,0.3622361885016012,5228133720.0,0.0550122249388753,0.12836185819070906,0.1430317848410758,0.0,0.2628361858190709,0.3019559902200489,0.0,0.2713936430317848,0.36674816625916873,0.0,0.6674816625916871,0.7237163814180929,0.0
KOSDAQ,KOSDAQ_BULL_V5_RET60_MAX_100_MA055,train,BULL,2023-05-31,356860,티엘비,KOSDAQ,2023-06-08,2023-06-09,2023-07-21,0.12958426966292136,12958426.966292135,TRAIL,0.2800875273522976,0.34017595307917886,0.20705745628708783,1.0,0.0,0.04491725768321513,0.0547415644537775,0.5637182055254354,4973384000.0,0.020224719101123594,0.17303370786516853,0.21348314606741572,-0.029213483146067417,0.17303370786516853,0.21348314606741572,-0.029213483146067417,0.2247191011235955,0.4247191011235955,-0.029213483146067417,0.17752808988764046,0.4247191011235955,-0.029213483146067417
KOSDAQ,KOSDAQ_BULL_V5_RET60_MAX_100_MA055,train,BULL,2024-05-16,036620,감성코퍼레이션,KOSDAQ,2024-05-23,2024-05-24,2024-05-29,-0.063,-6300000.0,EARLY_FAIL_CLOSE,0.2690288713910761,0.42429906542056073,0.15562520536865257,0.9484536082474226,0.05154639175257732,0.0855421686746988,0.23483862125676694,3.562911996745721,47870440845.0,0.021111111111111112,-0.04,0.042222222222222223,-0.08666666666666667,-0.08222222222222222,0.042222222222222223,-0.15555555555555556,-0.13111111111111112,0.042222222222222223,-0.15555555555555556,-0.23666666666666666,0.042222222222222223,-0.3511111111111111
KOSDAQ,KOSDAQ_BULL_V5_RET60_MAX_100_MA055,train,BULL,2025-01-09,065680,우주일렉트로,KOSDAQ,2025-01-16,2025-01-17,2025-04-18,0.4915511157239232,49155111.572392315,MAX,0.3684765419082762,0.26214238190286093,0.3192391946868806,0.9398907103825137,0.060109289617486336,0.098005698005698,0.15361590038314177,4.2515818397237135,8937503080.0,0.017125064867669952,0.1209133367929424,0.14686040477426052,-0.0020757654385054488,0.167618059159315,0.17540217955371043,-0.0020757654385054488,0.2869745718733783,0.41670991177996886,-0.0020757654385054488,0.4945511157239232,0.551634665282823,-0.0020757654385054488
KOSDAQ,KOSDAQ_BULL_V5_RET60_MAX_100_MA055,train,BULL,2025-01-09,460930,현대힘스,KOSDAQ,2025-01-16,2025-01-17,2025-03-07,-0.1037502679528403,-10375026.79528403,MAX,0.2610192837465565,0.353215284249767,0.13589840541351025,1.0,0.0,0.0021208907741251328,0.28113879003558717,0.43393692021840324,23733939600.0,0.008038585209003215,0.051982851018220796,0.1977491961414791,-0.008038585209003215,-0.005894962486602358,0.1977491961414791,-0.03536977491961415,-0.011254019292604502,0.1977491961414791,-0.03536977491961415,-0.05680600214362272,0.1977491961414791,-0.33815648445873525
KOSDAQ,KOSDAQ_BULL_V5_RET60_MAX_100_MA055,train,BULL,2025-02-27,288330,브릿지바이오테라퓨틱스,KOSDAQ,2025-03-07,2025-03-10,2025-04-15,0.2708336713995943,27083367.13995943,TRAIL,0.363,0.4749262536873156,0.22336629625853804,0.96875,0.03125,0.01616161616161616,0.06325635470062886,0.4919958972298994,4199149630.0,0.016227180527383367,0.332657200811359,0.3894523326572008,-0.05172413793103448,0.5172413793103449,0.539553752535497,-0.05172413793103448,0.5537525354969574,0.7586206896551724,-0.05172413793103448,-0.8482758620689655,0.8823529411764706,-0.8584178498985802
KOSDAQ,KOSDAQ_BULL_V5_RET60_MAX_100_MA055,train,BULL,2025-05-09,082270,젬백스,KOSDAQ,2025-05-16,2025-05-19,2025-07-02,0.6749431664411367,67494316.64411367,MAX,0.30303030303030304,0.6844547563805105,0.057101948698036815,0.9285714285714286,0.07142857142857142,0.0260989010989011,0.05553200508690123,0.4313835794718022,4682830950.0,0.014884979702300407,0.2530446549391069,0.3112313937753721,-0.056833558863328824,0.38836265223274696,0.39648173207036536,-0.056833558863328824,0.8565629228687416,0.9675236806495264,-0.056833558863328824,0.41271989174560214,0.9675236806495264,-0.056833558863328824
KOSDAQ,KOSDAQ_BULL_V5_RET60_MAX_100_MA055,train,BULL,2025-06-16,458870,씨어스테크놀로지,KOSDAQ,2025-06-23,2025-06-24,2025-09-17,1.5487241379310346,154872413.79310346,MAX,0.2785542168674699,0.45614035087719296,0.39042449827453346,1.0,0.0,0.06103286384976526,0.1650985951797912,1.7602052952389222,4306407400.0,0.02586206896551724,0.09913793103448276,0.11206896551724138,-0.04956896551724138,0.2543103448275862,0.27155172413793105,-0.04956896551724138,0.4892241379310345,0.4892241379310345,-0.04956896551724138,1.5517241379310345,1.8663793103448276,-0.04956896551724138
KOSDAQ,KOSDAQ_BULL_V5_RET60_MAX_100_MA055,train,BULL,2025-06-18,200230,텔콘RF제약,KOSDAQ,2025-06-25,2025-06-26,2025-06-27,0.014222820236813778,1422282.0236813778,TRAIL,0.3721881390593047,0.3564493758668516,0.32586199105246516,1.0,0.0,0.20606060606060606,0.8238057051208615,15.052435485658581,42269884520.0,0.11302475780409042,-0.3078579117330463,0.4316469321851453,-0.3433799784714747,-0.3961248654467169,0.4316469321851453,-0.4510226049515608,-0.3907427341227126,0.4316469321851453,-0.4510226049515608,-0.8621097954790097,0.4316469321851453,-0.8797631862217438
KOSDAQ,KOSDAQ_BULL_V5_RET60_MAX_100_MA055,post,BULL,2025-09-08,045970,코아시아,KOSDAQ,2025-09-15,2025-09-16,2025-09-26,-0.123,-12300000.0,STOP,0.28559322033898304,0.5629139072847682,0.31799396850217804,1.0,0.0,0.0736196319018405,0.20804210889636723,2.0618865536856323,10483886000.0,0.0125,-0.06388888888888888,0.059722222222222225,-0.06666666666666667,-0.12638888888888888,0.059722222222222225,-0.14305555555555555,0.016666666666666666,0.09027777777777778,-0.14305555555555555,-0.3194444444444444,0.09027777777777778,-0.3194444444444444
KOSDAQ,KOSDAQ_BULL_V5_RET60_MAX_100_MA055,post,BULL,2025-09-09,064290,인텍플러스,KOSDAQ,2025-09-16,2025-09-17,2025-09-26,-0.012702850212249848,-1270285.0212249847,TRAIL,0.3781094527363184,0.6398601398601399,0.4287648512337949,0.9875,0.0125,0.017901234567901235,0.2574348025011438,0.656323458147317,6703399370.0,0.04608853850818678,0.08126137052759248,0.28865979381443296,-0.015160703456640388,0.11582777440873257,0.28865979381443296,-0.025469981807155852,-0.05033353547604609,0.28865979381443296,-0.07459066100667071,-0.2031534263189812,0.28865979381443296,-0.33535476046088536
KOSDAQ,KOSDAQ_BULL_V5_RET60_MAX_100_MA055,post,BULL,2025-09-22,199800,툴젠,KOSDAQ,2025-09-29,2025-09-30,2025-10-17,0.06557142857142857,6557142.857142857,TRAIL,0.3391959798994975,0.3400673400673401,0.2703479093520587,1.0,0.0,0.050865800865800864,0.27561744613767736,4.982957250309435,11434107600.0,0.011428571428571429,0.26666666666666666,0.37142857142857144,-0.07523809523809524,0.06666666666666667,0.37142857142857144,-0.07523809523809524,0.07428571428571429,0.37142857142857144,-0.07523809523809524,0.18857142857142858,0.579047619047619,-0.11904761904761904
KOSDAQ,KOSDAQ_BULL_V5_RET60_MAX_100_MA055,post,BULL,2025-10-01,232140,와이씨,KOSDAQ,2025-10-15,2025-10-16,2025-11-05,-0.123,-12300000.0,STOP,0.2826388888888889,0.4342629482071713,0.25005425582707586,0.9789473684210527,0.021052631578947368,0.05509641873278237,0.1212764400204933,0.5902184519684885,14096805240.0,0.006578947368421052,-0.08552631578947369,0.02368421052631579,-0.1118421052631579,-0.05263157894736842,0.02368421052631579,-0.1118421052631579,-0.09539473684210527,0.02368421052631579,-0.17434210526315788,0.005263157894736842,0.14342105263157895,-0.20526315789473684
KOSDAQ,KOSDAQ_BULL_V5_RET60_MAX_100_MA055,post,BULL,2025-10-29,172670,에이엘티,KOSDAQ,2025-11-05,2025-11-06,2025-11-07,-0.063,-6300000.0,EARLY_FAIL_CLOSE,0.35094001790510293,0.6025824964131994,0.2286651878196785,0.9316770186335404,0.06832298136645963,0.03842794759825328,0.060423634336677814,0.7466400131602023,4406326990.0,0.01,-0.09166666666666666,0.03916666666666667,-0.11833333333333333,-0.10833333333333334,0.03916666666666667,-0.215,-0.13166666666666665,0.03916666666666667,-0.215,0.2875,0.31666666666666665,-0.215
KOSDAQ,KOSDAQ_BULL_V5_RET60_MAX_100_MA055,post,BULL,2025-11-05,115180,큐리언트,KOSDAQ,2025-11-12,2025-11-13,2025-12-26,0.13272854291417166,13272854.291417167,MAX,0.36498800959232613,0.9781783681214421,0.3979059346749953,0.9298245614035088,0.07017543859649122,0.10738255033557047,0.19556553872907761,1.1947052388389914,9908811000.0,0.10778443113772455,0.0658682634730539,0.19560878243512975,-0.03592814371257485,0.1217564870259481,0.19560878243512975,-0.1157684630738523,0.14171656686626746,0.3413173652694611,-0.1157684630738523,0.5349301397205589,0.5948103792415169,-0.1157684630738523
KOSDAQ,KOSDAQ_BULL_V5_RET60_MAX_100_MA055,post,BULL,2026-01-07,240810,원익IPS,KOSDAQ,2026-01-14,2026-01-15,2026-03-04,0.4040680628272251,40406806.28272251,TRAIL,0.33460076045627374,0.3915343915343915,0.2526460626587638,0.9393939393939394,0.06060606060606061,0.027559055118110236,0.14381710612811335,0.6326559199092395,39378322800.0,0.01832460732984293,0.0,0.05759162303664921,-0.058900523560209424,0.45287958115183247,0.5130890052356021,-0.058900523560209424,0.7460732984293194,0.7460732984293194,-0.058900523560209424,0.6047120418848168,0.8717277486910995,-0.058900523560209424
KOSDAQ,KOSDAQ_BULL_V5_RET60_MAX_100_MA055,post,BULL,2026-01-14,000250,삼천당제약,KOSDAQ,2026-01-21,2026-01-22,2026-03-04,1.2601578947368421,126015789.47368422,TRAIL,0.2504970178926441,0.22384428223844283,0.11348878394332945,0.98,0.02,0.048598130841121495,0.12537612838515547,1.2633090829612514,105545979000.0,0.11052631578947368,0.7017543859649122,0.7175438596491228,-0.012280701754385965,0.7421052631578947,1.0649122807017544,-0.012280701754385965,1.1508771929824562,1.3228070175438595,-0.012280701754385965,0.41403508771929826,3.3263157894736843,-0.012280701754385965
KOSDAQ,KOSDAQ_BULL_V5_RET60_MAX_100_MA055,post,BULL,2026-01-20,240810,원익IPS,KOSDAQ,2026-01-27,2026-01-28,2026-03-04,0.15043347639484977,15043347.639484977,TRAIL,0.35294117647058826,0.30313588850174217,0.1321897073662966,0.958904109589041,0.0410958904109589,0.07529411764705882,0.19360104472739145,1.4032989172184722,116791285600.0,0.12017167381974249,0.18240343347639484,0.296137339055794,-0.018776824034334765,0.10300429184549356,0.296137339055794,-0.018776824034334765,0.3251072961373391,0.5343347639484979,-0.018776824034334765,0.29935622317596566,0.5343347639484979,-0.018776824034334765
KOSDAQ,KOSDAQ_BULL_V5_RET60_MAX_100_MA055,post,BULL,2026-01-21,357780,솔브레인,KOSDAQ,2026-01-28,2026-01-29,2026-02-02,-0.050673098751418844,-5067309.875141884,TRAIL,0.2709867452135493,0.2413162705667276,0.25115164916159943,0.96,0.04,0.12704918032786885,0.3581364721376245,2.6002135358862266,71225962500.0,0.021566401816118047,-0.06696935300794551,0.20317820658342792,-0.11010215664018161,-0.09761634506242906,0.20317820658342792,-0.13166855845629966,-0.16912599318955732,0.20317820658342792,-0.16912599318955732,0.08740068104426787,0.20317820658342792,-0.18274687854710556
KOSDAQ,KOSDAQ_BULL_V5_RET60_MAX_100_MA055,post,BULL,2026-01-27,101490,에스앤에스텍,KOSDAQ,2026-02-03,2026-02-04,2026-03-04,-0.08776517754868271,-8776517.75486827,TRAIL,0.3663101604278075,0.34290843806104127,0.40228089361037345,1.0,0.0,0.03348729792147806,0.2901830762577483,0.5449516924122023,37765509500.0,0.014891179839633447,0.012600229095074456,0.08018327605956473,-0.06643757159221077,0.016036655211912942,0.13745704467353953,-0.06643757159221077,0.0057273768613974796,0.2313860252004582,-0.08934707903780069,0.042382588774341354,0.24169530355097366,-0.13631156930126
KOSDAQ,KOSDAQ_BULL_V5_RET60_MAX_100_MA055,post,BULL,2026-02-11,036170,에이치엠넥스,KOSDAQ,2026-02-23,2026-02-24,2026-03-16,1.279608695652174,127960869.56521739,TRAIL,0.3068043742405832,0.7891304347826087,0.41847638745260246,1.0,0.0,0.2755102040816326,0.371783928789172,4.72717202812319,15194335500.0,0.21521739130434783,0.2217391304347826,0.5,-0.013043478260869565,0.9304347826086956,1.0956521739130434,-0.013043478260869565,1.608695652173913,2.0956521739130434,-0.013043478260869565,,,
KOSDAQ,KOSDAQ_BULL_V5_RET60_MAX_100_MA055,post,BULL,2026-02-27,084110,휴온스글로벌,KOSDAQ,2026-03-09,2026-03-10,2026-04-02,-0.123,-12300000.0,STOP,0.2927215189873418,0.2716297786720322,0.21080528769397797,0.9782608695652174,0.021739130434782608,0.057947019867549666,0.1312737895016376,1.4559432476533702,5561856000.0,0.057663125948406675,0.09256449165402124,0.1638846737481032,-0.010622154779969651,0.0030349013657056147,0.1638846737481032,-0.05918057663125948,-0.212443095599393,0.1638846737481032,-0.22610015174506828,,,
KOSDAQ,KOSDAQ_BULL_V5_RET60_MAX_100_MA055,post,BULL,2026-04-16,031330,에스에이엠티,KOSDAQ,2026-04-23,2026-04-24,2026-05-20,1.013949152542373,101394915.2542373,TRAIL,0.30526315789473685,0.6604244694132334,0.3147272517587361,0.967741935483871,0.03225806451612903,0.012893982808022923,0.1864406779661017,0.9689913715566417,5013754130.0,0.04519774011299435,0.043785310734463276,0.07344632768361582,-0.011299435028248588,0.2768361581920904,0.3403954802259887,-0.011299435028248588,,,,,,
KOSDAQ,KOSDAQ_BULL_V5_RET60_MAX_100_MA055,post,BULL,2026-04-22,356860,티엘비,KOSDAQ,2026-04-29,2026-04-30,2026-05-20,0.10170588235294117,10170588.235294117,MAX,0.34386391251518833,0.47491039426523296,0.25061733085134674,0.975,0.025,0.021660649819494584,0.0950599767831807,0.629018149273332,18998922000.0,0.029411764705882353,0.1811764705882353,0.2635294117647059,-0.012941176470588235,0.16470588235294117,0.3129411764705882,-0.012941176470588235,,,,,,
